generating_model,replicate,sample_kind,stage,run,fitted_model,seed
M1,0,nominal,simulate,A,,1763737639
M1,0,nominal,simulate,B,,3307956615
M1,0,nominal,fit,A,choice_only,3982671006
M1,0,nominal,fit,A,M1,1871304513
M1,0,nominal,fit,A,M2,4239885034
M1,0,nominal,fit,A,M3,3151156433
M1,1,nominal,simulate,A,,806159350
M1,1,nominal,simulate,B,,4173663173
M1,1,nominal,fit,A,choice_only,1962386933
M1,1,nominal,fit,A,M1,3784958090
M1,1,nominal,fit,A,M2,1624113537
M1,1,nominal,fit,A,M3,4110447791
M1,2,nominal,simulate,A,,2869313930
M1,2,nominal,simulate,B,,308951590
M1,2,nominal,fit,A,choice_only,2189342545
M1,2,nominal,fit,A,M1,57889867
M1,2,nominal,fit,A,M2,1448381224
M1,2,nominal,fit,A,M3,1747259931
M1,3,nominal,simulate,A,,2470307143
M1,3,nominal,simulate,B,,915554333
M1,3,nominal,fit,A,choice_only,2000673563
M1,3,nominal,fit,A,M1,2666064121
M1,3,nominal,fit,A,M2,1623956762
M1,3,nominal,fit,A,M3,2188462470
M1,4,nominal,simulate,A,,3202836479
M1,4,nominal,simulate,B,,820839849
M1,4,nominal,fit,A,choice_only,878138430
M1,4,nominal,fit,A,M1,3091997488
M1,4,nominal,fit,A,M2,2538597586
M1,4,nominal,fit,A,M3,167963324
M1,5,nominal,simulate,A,,231046632
M1,5,nominal,simulate,B,,3286787039
M1,5,nominal,fit,A,choice_only,792489761
M1,5,nominal,fit,A,M1,3436602085
M1,5,nominal,fit,A,M2,4145797901
M1,5,nominal,fit,A,M3,1626895084
M1,6,nominal,simulate,A,,2192196881
M1,6,nominal,simulate,B,,994108896
M1,6,nominal,fit,A,choice_only,2625511870
M1,6,nominal,fit,A,M1,1648185709
M1,6,nominal,fit,A,M2,3757923475
M1,6,nominal,fit,A,M3,36362741
M1,7,nominal,simulate,A,,1774972146
M1,7,nominal,simulate,B,,1331111613
M1,7,nominal,fit,A,choice_only,3113188905
M1,7,nominal,fit,A,M1,3741096506
M1,7,nominal,fit,A,M2,1778904957
M1,7,nominal,fit,A,M3,2776649508
M1,8,nominal,simulate,A,,1533514998
M1,8,nominal,simulate,B,,3936197741
M1,8,nominal,fit,A,choice_only,1441752657
M1,8,nominal,fit,A,M1,3298111193
M1,8,nominal,fit,A,M2,4129183908
M1,8,nominal,fit,A,M3,1247612695
M1,9,nominal,simulate,A,,415677982
M1,9,nominal,simulate,B,,1015869466
M1,9,nominal,fit,A,choice_only,1412052840
M1,9,nominal,fit,A,M1,1204707874
M1,9,nominal,fit,A,M2,1720443616
M1,9,nominal,fit,A,M3,2423155916
M1,10,nominal,simulate,A,,454535414
M1,10,nominal,simulate,B,,3820537262
M1,10,nominal,fit,A,choice_only,885713564
M1,10,nominal,fit,A,M1,662583270
M1,10,nominal,fit,A,M2,434957660
M1,10,nominal,fit,A,M3,2389010451
M1,11,nominal,simulate,A,,3025318471
M1,11,nominal,simulate,B,,1527787968
M1,11,nominal,fit,A,choice_only,1145171836
M1,11,nominal,fit,A,M1,477201786
M1,11,nominal,fit,A,M2,2552790276
M1,11,nominal,fit,A,M3,3121921451
M1,12,nominal,simulate,A,,206294943
M1,12,nominal,simulate,B,,986796613
M1,12,nominal,fit,A,choice_only,460635115
M1,12,nominal,fit,A,M1,849175642
M1,12,nominal,fit,A,M2,420095124
M1,12,nominal,fit,A,M3,466577672
M1,13,nominal,simulate,A,,3400277434
M1,13,nominal,simulate,B,,1016946851
M1,13,nominal,fit,A,choice_only,1168009676
M1,13,nominal,fit,A,M1,2689639233
M1,13,nominal,fit,A,M2,2388315982
M1,13,nominal,fit,A,M3,4011457554
M1,14,nominal,simulate,A,,4135073382
M1,14,nominal,simulate,B,,260862613
M1,14,nominal,fit,A,choice_only,3473140429
M1,14,nominal,fit,A,M1,1510341401
M1,14,nominal,fit,A,M2,521530793
M1,14,nominal,fit,A,M3,610921756
M1,15,nominal,simulate,A,,4282715269
M1,15,nominal,simulate,B,,1386807945
M1,15,nominal,fit,A,choice_only,2762358077
M1,15,nominal,fit,A,M1,238356642
M1,15,nominal,fit,A,M2,195283800
M1,15,nominal,fit,A,M3,2794248816
M1,16,nominal,simulate,A,,3851394821
M1,16,nominal,simulate,B,,2198656040
M1,16,nominal,fit,A,choice_only,2835851521
M1,16,nominal,fit,A,M1,3899991157
M1,16,nominal,fit,A,M2,1147388940
M1,16,nominal,fit,A,M3,1517935998
M1,17,nominal,simulate,A,,3780331246
M1,17,nominal,simulate,B,,3206616364
M1,17,nominal,fit,A,choice_only,2798380715
M1,17,nominal,fit,A,M1,3863776655
M1,17,nominal,fit,A,M2,2683017347
M1,17,nominal,fit,A,M3,1095073403
M1,18,nominal,simulate,A,,2633118488
M1,18,nominal,simulate,B,,4279834503
M1,18,nominal,fit,A,choice_only,3235224894
M1,18,nominal,fit,A,M1,1637050647
M1,18,nominal,fit,A,M2,996486913
M1,18,nominal,fit,A,M3,3817634234
M1,19,nominal,simulate,A,,2561609943
M1,19,nominal,simulate,B,,1222174276
M1,19,nominal,fit,A,choice_only,2292387929
M1,19,nominal,fit,A,M1,2828229148
M1,19,nominal,fit,A,M2,2485279009
M1,19,nominal,fit,A,M3,3927365223
M1,20,nominal,simulate,A,,2740666326
M1,20,nominal,simulate,B,,3535144845
M1,20,nominal,fit,A,choice_only,751263540
M1,20,nominal,fit,A,M1,819248520
M1,20,nominal,fit,A,M2,4160798012
M1,20,nominal,fit,A,M3,1327375277
M1,21,nominal,simulate,A,,2575899326
M1,21,nominal,simulate,B,,2547376984
M1,21,nominal,fit,A,choice_only,4265640358
M1,21,nominal,fit,A,M1,228065814
M1,21,nominal,fit,A,M2,1947102910
M1,21,nominal,fit,A,M3,232444573
M1,22,nominal,simulate,A,,1254181611
M1,22,nominal,simulate,B,,2847556067
M1,22,nominal,fit,A,choice_only,932032180
M1,22,nominal,fit,A,M1,2127577307
M1,22,nominal,fit,A,M2,819876213
M1,22,nominal,fit,A,M3,1650596625
M1,23,nominal,simulate,A,,1860452717
M1,23,nominal,simulate,B,,4008674783
M1,23,nominal,fit,A,choice_only,485399474
M1,23,nominal,fit,A,M1,3273414873
M1,23,nominal,fit,A,M2,2342949509
M1,23,nominal,fit,A,M3,1357355298
M1,24,nominal,simulate,A,,1810061873
M1,24,nominal,simulate,B,,255244661
M1,24,nominal,fit,A,choice_only,2418154217
M1,24,nominal,fit,A,M1,1594134723
M1,24,nominal,fit,A,M2,581345649
M1,24,nominal,fit,A,M3,3011528302
M1,25,nominal,simulate,A,,3928401401
M1,25,nominal,simulate,B,,3829612292
M1,25,nominal,fit,A,choice_only,3048090618
M1,25,nominal,fit,A,M1,2819698315
M1,25,nominal,fit,A,M2,2069386514
M1,25,nominal,fit,A,M3,1432170084
M1,26,nominal,simulate,A,,857416811
M1,26,nominal,simulate,B,,238730400
M1,26,nominal,fit,A,choice_only,2315101812
M1,26,nominal,fit,A,M1,2900571703
M1,26,nominal,fit,A,M2,959010546
M1,26,nominal,fit,A,M3,191105256
M1,27,nominal,simulate,A,,2309376910
M1,27,nominal,simulate,B,,3095097744
M1,27,nominal,fit,A,choice_only,451518743
M1,27,nominal,fit,A,M1,4016052133
M1,27,nominal,fit,A,M2,4000230664
M1,27,nominal,fit,A,M3,3776747035
M1,28,nominal,simulate,A,,2117933291
M1,28,nominal,simulate,B,,3604365247
M1,28,nominal,fit,A,choice_only,2965089519
M1,28,nominal,fit,A,M1,3864322867
M1,28,nominal,fit,A,M2,1116398761
M1,28,nominal,fit,A,M3,1045236815
M1,29,nominal,simulate,A,,3353854270
M1,29,nominal,simulate,B,,1748716058
M1,29,nominal,fit,A,choice_only,1104361808
M1,29,nominal,fit,A,M1,1231236213
M1,29,nominal,fit,A,M2,3324554444
M1,29,nominal,fit,A,M3,1586358440
M1,30,nominal,simulate,A,,4232645385
M1,30,nominal,simulate,B,,2889660178
M1,30,nominal,fit,A,choice_only,2522794807
M1,30,nominal,fit,A,M1,3102875465
M1,30,nominal,fit,A,M2,3633183946
M1,30,nominal,fit,A,M3,3912135590
M1,31,nominal,simulate,A,,3039311297
M1,31,nominal,simulate,B,,2950446910
M1,31,nominal,fit,A,choice_only,4244638692
M1,31,nominal,fit,A,M1,146766870
M1,31,nominal,fit,A,M2,4202810430
M1,31,nominal,fit,A,M3,2921139116
M1,32,nominal,simulate,A,,682223907
M1,32,nominal,simulate,B,,3700439732
M1,32,nominal,fit,A,choice_only,925602645
M1,32,nominal,fit,A,M1,3058527731
M1,32,nominal,fit,A,M2,2710717713
M1,32,nominal,fit,A,M3,2138294321
M1,33,nominal,simulate,A,,720079424
M1,33,nominal,simulate,B,,3893388295
M1,33,nominal,fit,A,choice_only,3950976649
M1,33,nominal,fit,A,M1,2768784750
M1,33,nominal,fit,A,M2,2475299955
M1,33,nominal,fit,A,M3,1492818489
M1,34,nominal,simulate,A,,4003647299
M1,34,nominal,simulate,B,,1922062849
M1,34,nominal,fit,A,choice_only,4187176126
M1,34,nominal,fit,A,M1,1898464765
M1,34,nominal,fit,A,M2,2603531380
M1,34,nominal,fit,A,M3,2646778111
M1,35,nominal,simulate,A,,2048666949
M1,35,nominal,simulate,B,,3102196661
M1,35,nominal,fit,A,choice_only,1157656801
M1,35,nominal,fit,A,M1,2856790825
M1,35,nominal,fit,A,M2,3474878665
M1,35,nominal,fit,A,M3,1107069570
M1,36,nominal,simulate,A,,3967184361
M1,36,nominal,simulate,B,,726295980
M1,36,nominal,fit,A,choice_only,239648059
M1,36,nominal,fit,A,M1,147544108
M1,36,nominal,fit,A,M2,1870059505
M1,36,nominal,fit,A,M3,3349770141
M1,37,nominal,simulate,A,,2327943502
M1,37,nominal,simulate,B,,2281534046
M1,37,nominal,fit,A,choice_only,417820157
M1,37,nominal,fit,A,M1,3143873086
M1,37,nominal,fit,A,M2,3910277537
M1,37,nominal,fit,A,M3,3477432084
M1,38,nominal,simulate,A,,1167844221
M1,38,nominal,simulate,B,,2996671407
M1,38,nominal,fit,A,choice_only,3766475862
M1,38,nominal,fit,A,M1,1996143863
M1,38,nominal,fit,A,M2,178421017
M1,38,nominal,fit,A,M3,445444788
M1,39,nominal,simulate,A,,2820001627
M1,39,nominal,simulate,B,,2061349014
M1,39,nominal,fit,A,choice_only,1245328602
M1,39,nominal,fit,A,M1,1231165735
M1,39,nominal,fit,A,M2,712463543
M1,39,nominal,fit,A,M3,3878651130
M1,40,nominal,simulate,A,,1363488598
M1,40,nominal,simulate,B,,1163548350
M1,40,nominal,fit,A,choice_only,4218659614
M1,40,nominal,fit,A,M1,3200524351
M1,40,nominal,fit,A,M2,738414697
M1,40,nominal,fit,A,M3,3785186953
M1,41,nominal,simulate,A,,3932618781
M1,41,nominal,simulate,B,,1132490443
M1,41,nominal,fit,A,choice_only,1991957638
M1,41,nominal,fit,A,M1,2562739353
M1,41,nominal,fit,A,M2,1320874564
M1,41,nominal,fit,A,M3,3691046238
M1,42,nominal,simulate,A,,1135540834
M1,42,nominal,simulate,B,,1443002696
M1,42,nominal,fit,A,choice_only,1950967256
M1,42,nominal,fit,A,M1,3264461514
M1,42,nominal,fit,A,M2,3284176030
M1,42,nominal,fit,A,M3,2534760114
M1,43,nominal,simulate,A,,1586832914
M1,43,nominal,simulate,B,,4097211440
M1,43,nominal,fit,A,choice_only,3332603165
M1,43,nominal,fit,A,M1,2260995088
M1,43,nominal,fit,A,M2,3743234794
M1,43,nominal,fit,A,M3,3812979358
M1,44,nominal,simulate,A,,3707810924
M1,44,nominal,simulate,B,,1425252536
M1,44,nominal,fit,A,choice_only,926768865
M1,44,nominal,fit,A,M1,2431489758
M1,44,nominal,fit,A,M2,868261464
M1,44,nominal,fit,A,M3,683935138
M1,45,nominal,simulate,A,,302533738
M1,45,nominal,simulate,B,,731159956
M1,45,nominal,fit,A,choice_only,2805986486
M1,45,nominal,fit,A,M1,2544853942
M1,45,nominal,fit,A,M2,2542734272
M1,45,nominal,fit,A,M3,1736489519
M1,46,nominal,simulate,A,,1175452589
M1,46,nominal,simulate,B,,2560481579
M1,46,nominal,fit,A,choice_only,779559826
M1,46,nominal,fit,A,M1,663229297
M1,46,nominal,fit,A,M2,2385057572
M1,46,nominal,fit,A,M3,1748885560
M1,47,nominal,simulate,A,,3430543723
M1,47,nominal,simulate,B,,1605709871
M1,47,nominal,fit,A,choice_only,874078602
M1,47,nominal,fit,A,M1,3769771352
M1,47,nominal,fit,A,M2,3842563776
M1,47,nominal,fit,A,M3,1326369431
M1,48,nominal,simulate,A,,1871678599
M1,48,nominal,simulate,B,,3574294449
M1,48,nominal,fit,A,choice_only,331623532
M1,48,nominal,fit,A,M1,2313628806
M1,48,nominal,fit,A,M2,756917712
M1,48,nominal,fit,A,M3,2273581444
M1,49,nominal,simulate,A,,3112464104
M1,49,nominal,simulate,B,,2624491405
M1,49,nominal,fit,A,choice_only,2149654444
M1,49,nominal,fit,A,M1,2023283925
M1,49,nominal,fit,A,M2,3442765821
M1,49,nominal,fit,A,M3,2544482303
M1,50,nominal,simulate,A,,2597255844
M1,50,nominal,simulate,B,,3946598478
M1,50,nominal,fit,A,choice_only,2360586392
M1,50,nominal,fit,A,M1,4051417666
M1,50,nominal,fit,A,M2,48401610
M1,50,nominal,fit,A,M3,969615717
M1,51,nominal,simulate,A,,2402614425
M1,51,nominal,simulate,B,,472453862
M1,51,nominal,fit,A,choice_only,1161380944
M1,51,nominal,fit,A,M1,1254403116
M1,51,nominal,fit,A,M2,8817718
M1,51,nominal,fit,A,M3,1951262381
M1,52,nominal,simulate,A,,3982795528
M1,52,nominal,simulate,B,,1888825754
M1,52,nominal,fit,A,choice_only,1659669117
M1,52,nominal,fit,A,M1,1761805351
M1,52,nominal,fit,A,M2,1442812895
M1,52,nominal,fit,A,M3,3831470431
M1,53,nominal,simulate,A,,3637103494
M1,53,nominal,simulate,B,,2313086034
M1,53,nominal,fit,A,choice_only,891552081
M1,53,nominal,fit,A,M1,3038469651
M1,53,nominal,fit,A,M2,4229462331
M1,53,nominal,fit,A,M3,93985026
M1,54,nominal,simulate,A,,4196188719
M1,54,nominal,simulate,B,,1470964620
M1,54,nominal,fit,A,choice_only,2631483025
M1,54,nominal,fit,A,M1,4137169951
M1,54,nominal,fit,A,M2,517801439
M1,54,nominal,fit,A,M3,1499317453
M1,55,nominal,simulate,A,,2868618661
M1,55,nominal,simulate,B,,492452935
M1,55,nominal,fit,A,choice_only,3078306113
M1,55,nominal,fit,A,M1,1972597371
M1,55,nominal,fit,A,M2,3272499042
M1,55,nominal,fit,A,M3,237968386
M1,56,nominal,simulate,A,,2774473484
M1,56,nominal,simulate,B,,269891581
M1,56,nominal,fit,A,choice_only,4163524637
M1,56,nominal,fit,A,M1,1137026927
M1,56,nominal,fit,A,M2,153615282
M1,56,nominal,fit,A,M3,925169910
M1,57,nominal,simulate,A,,3642507819
M1,57,nominal,simulate,B,,4091612317
M1,57,nominal,fit,A,choice_only,49445398
M1,57,nominal,fit,A,M1,2583518657
M1,57,nominal,fit,A,M2,1109489557
M1,57,nominal,fit,A,M3,1039515132
M1,58,nominal,simulate,A,,831537306
M1,58,nominal,simulate,B,,1041593813
M1,58,nominal,fit,A,choice_only,2375730274
M1,58,nominal,fit,A,M1,3784818556
M1,58,nominal,fit,A,M2,1742625245
M1,58,nominal,fit,A,M3,1686448203
M1,59,nominal,simulate,A,,2924052973
M1,59,nominal,simulate,B,,1323800710
M1,59,nominal,fit,A,choice_only,917477231
M1,59,nominal,fit,A,M1,4129312565
M1,59,nominal,fit,A,M2,1381318450
M1,59,nominal,fit,A,M3,779332810
M1,60,nominal,simulate,A,,2991236961
M1,60,nominal,simulate,B,,1047426634
M1,60,nominal,fit,A,choice_only,2624642657
M1,60,nominal,fit,A,M1,63333991
M1,60,nominal,fit,A,M2,2832794661
M1,60,nominal,fit,A,M3,1820275362
M1,61,nominal,simulate,A,,777697138
M1,61,nominal,simulate,B,,4010502864
M1,61,nominal,fit,A,choice_only,2200443048
M1,61,nominal,fit,A,M1,1343146030
M1,61,nominal,fit,A,M2,2823966744
M1,61,nominal,fit,A,M3,1858642949
M1,62,nominal,simulate,A,,3130704711
M1,62,nominal,simulate,B,,1644224366
M1,62,nominal,fit,A,choice_only,852700294
M1,62,nominal,fit,A,M1,3916719604
M1,62,nominal,fit,A,M2,3696172659
M1,62,nominal,fit,A,M3,580425761
M1,63,nominal,simulate,A,,367462505
M1,63,nominal,simulate,B,,3312826806
M1,63,nominal,fit,A,choice_only,2763582765
M1,63,nominal,fit,A,M1,2254430318
M1,63,nominal,fit,A,M2,3103575968
M1,63,nominal,fit,A,M3,2863133992
M1,64,nominal,simulate,A,,3587099472
M1,64,nominal,simulate,B,,3058272544
M1,64,nominal,fit,A,choice_only,3478626692
M1,64,nominal,fit,A,M1,2354471981
M1,64,nominal,fit,A,M2,3728293713
M1,64,nominal,fit,A,M3,2254870799
M1,65,nominal,simulate,A,,3629661910
M1,65,nominal,simulate,B,,2072254612
M1,65,nominal,fit,A,choice_only,1971607964
M1,65,nominal,fit,A,M1,1235792151
M1,65,nominal,fit,A,M2,2970012963
M1,65,nominal,fit,A,M3,1304650097
M1,66,nominal,simulate,A,,383111462
M1,66,nominal,simulate,B,,3816870475
M1,66,nominal,fit,A,choice_only,1476064688
M1,66,nominal,fit,A,M1,3547753390
M1,66,nominal,fit,A,M2,4210299143
M1,66,nominal,fit,A,M3,1385489179
M1,67,nominal,simulate,A,,3258352122
M1,67,nominal,simulate,B,,2864732446
M1,67,nominal,fit,A,choice_only,821113983
M1,67,nominal,fit,A,M1,2895861676
M1,67,nominal,fit,A,M2,3488698532
M1,67,nominal,fit,A,M3,87312629
M1,68,nominal,simulate,A,,3925528726
M1,68,nominal,simulate,B,,3365541490
M1,68,nominal,fit,A,choice_only,3487978217
M1,68,nominal,fit,A,M1,1842298870
M1,68,nominal,fit,A,M2,2176388163
M1,68,nominal,fit,A,M3,1219288453
M1,69,nominal,simulate,A,,1575225408
M1,69,nominal,simulate,B,,3625233333
M1,69,nominal,fit,A,choice_only,3296135677
M1,69,nominal,fit,A,M1,3491665206
M1,69,nominal,fit,A,M2,2476403316
M1,69,nominal,fit,A,M3,2734855865
M1,70,nominal,simulate,A,,997630647
M1,70,nominal,simulate,B,,3901480835
M1,70,nominal,fit,A,choice_only,3382823632
M1,70,nominal,fit,A,M1,299704257
M1,70,nominal,fit,A,M2,3325879384
M1,70,nominal,fit,A,M3,2609193640
M1,71,nominal,simulate,A,,3733835249
M1,71,nominal,simulate,B,,1094141809
M1,71,nominal,fit,A,choice_only,556975654
M1,71,nominal,fit,A,M1,1570453701
M1,71,nominal,fit,A,M2,645478695
M1,71,nominal,fit,A,M3,1387376100
M1,72,nominal,simulate,A,,3532318993
M1,72,nominal,simulate,B,,1605759545
M1,72,nominal,fit,A,choice_only,3562508039
M1,72,nominal,fit,A,M1,2713369983
M1,72,nominal,fit,A,M2,2798502789
M1,72,nominal,fit,A,M3,475428425
M1,73,nominal,simulate,A,,3596758838
M1,73,nominal,simulate,B,,2192152527
M1,73,nominal,fit,A,choice_only,442936995
M1,73,nominal,fit,A,M1,3597076184
M1,73,nominal,fit,A,M2,2789995495
M1,73,nominal,fit,A,M3,2867849996
M1,74,nominal,simulate,A,,177138305
M1,74,nominal,simulate,B,,2902635756
M1,74,nominal,fit,A,choice_only,2563797182
M1,74,nominal,fit,A,M1,1921919785
M1,74,nominal,fit,A,M2,3629921545
M1,74,nominal,fit,A,M3,3962136471
M1,75,nominal,simulate,A,,204946526
M1,75,nominal,simulate,B,,2001255980
M1,75,nominal,fit,A,choice_only,978781260
M1,75,nominal,fit,A,M1,1215551373
M1,75,nominal,fit,A,M2,4103539814
M1,75,nominal,fit,A,M3,963282566
M1,76,nominal,simulate,A,,1968336027
M1,76,nominal,simulate,B,,3944958781
M1,76,nominal,fit,A,choice_only,2206485169
M1,76,nominal,fit,A,M1,299251197
M1,76,nominal,fit,A,M2,4239606288
M1,76,nominal,fit,A,M3,2436318485
M1,77,nominal,simulate,A,,1681629767
M1,77,nominal,simulate,B,,57302711
M1,77,nominal,fit,A,choice_only,3945815410
M1,77,nominal,fit,A,M1,1353061941
M1,77,nominal,fit,A,M2,1651972301
M1,77,nominal,fit,A,M3,1924319474
M1,78,nominal,simulate,A,,521918434
M1,78,nominal,simulate,B,,98461546
M1,78,nominal,fit,A,choice_only,3565349436
M1,78,nominal,fit,A,M1,238735744
M1,78,nominal,fit,A,M2,2063101414
M1,78,nominal,fit,A,M3,3861026128
M1,79,nominal,simulate,A,,2086054379
M1,79,nominal,simulate,B,,1125088019
M1,79,nominal,fit,A,choice_only,1728977056
M1,79,nominal,fit,A,M1,2054190229
M1,79,nominal,fit,A,M2,2586897979
M1,79,nominal,fit,A,M3,238350615
M1,80,nominal,simulate,A,,3216028300
M1,80,nominal,simulate,B,,1162430878
M1,80,nominal,fit,A,choice_only,1455951474
M1,80,nominal,fit,A,M1,3697006878
M1,80,nominal,fit,A,M2,2969868617
M1,80,nominal,fit,A,M3,1322205677
M1,81,nominal,simulate,A,,3764855226
M1,81,nominal,simulate,B,,3194562027
M1,81,nominal,fit,A,choice_only,2929415178
M1,81,nominal,fit,A,M1,149004209
M1,81,nominal,fit,A,M2,4222083593
M1,81,nominal,fit,A,M3,504504068
M1,82,nominal,simulate,A,,1047295808
M1,82,nominal,simulate,B,,3728597421
M1,82,nominal,fit,A,choice_only,1748663435
M1,82,nominal,fit,A,M1,2920994903
M1,82,nominal,fit,A,M2,1880556965
M1,82,nominal,fit,A,M3,1758513601
M1,83,nominal,simulate,A,,2752526702
M1,83,nominal,simulate,B,,3698719142
M1,83,nominal,fit,A,choice_only,2706076394
M1,83,nominal,fit,A,M1,2933870009
M1,83,nominal,fit,A,M2,2311607448
M1,83,nominal,fit,A,M3,2577268071
M1,84,nominal,simulate,A,,1412642842
M1,84,nominal,simulate,B,,3443996307
M1,84,nominal,fit,A,choice_only,1012889928
M1,84,nominal,fit,A,M1,55269571
M1,84,nominal,fit,A,M2,2696196172
M1,84,nominal,fit,A,M3,475201204
M1,85,nominal,simulate,A,,572278380
M1,85,nominal,simulate,B,,2960995234
M1,85,nominal,fit,A,choice_only,3195269115
M1,85,nominal,fit,A,M1,2628391511
M1,85,nominal,fit,A,M2,1165406407
M1,85,nominal,fit,A,M3,2077116990
M1,86,nominal,simulate,A,,2035540847
M1,86,nominal,simulate,B,,980567858
M1,86,nominal,fit,A,choice_only,311684905
M1,86,nominal,fit,A,M1,3432726401
M1,86,nominal,fit,A,M2,1717277666
M1,86,nominal,fit,A,M3,3793591734
M1,87,nominal,simulate,A,,558809114
M1,87,nominal,simulate,B,,3397919450
M1,87,nominal,fit,A,choice_only,2101167564
M1,87,nominal,fit,A,M1,507141418
M1,87,nominal,fit,A,M2,1824181185
M1,87,nominal,fit,A,M3,331321527
M1,88,nominal,simulate,A,,4112403984
M1,88,nominal,simulate,B,,3556076712
M1,88,nominal,fit,A,choice_only,1007506798
M1,88,nominal,fit,A,M1,3264556811
M1,88,nominal,fit,A,M2,1927272148
M1,88,nominal,fit,A,M3,2714364852
M1,89,nominal,simulate,A,,2189174398
M1,89,nominal,simulate,B,,3952296089
M1,89,nominal,fit,A,choice_only,2372052294
M1,89,nominal,fit,A,M1,2032371559
M1,89,nominal,fit,A,M2,3906928000
M1,89,nominal,fit,A,M3,3700000284
M1,90,nominal,simulate,A,,621551563
M1,90,nominal,simulate,B,,395524167
M1,90,nominal,fit,A,choice_only,3019993230
M1,90,nominal,fit,A,M1,2892819684
M1,90,nominal,fit,A,M2,259249191
M1,90,nominal,fit,A,M3,1896700273
M1,91,nominal,simulate,A,,3111934498
M1,91,nominal,simulate,B,,1745432297
M1,91,nominal,fit,A,choice_only,2493988322
M1,91,nominal,fit,A,M1,3377824288
M1,91,nominal,fit,A,M2,222912532
M1,91,nominal,fit,A,M3,1474039987
M1,92,nominal,simulate,A,,2170619363
M1,92,nominal,simulate,B,,2881092739
M1,92,nominal,fit,A,choice_only,2547334536
M1,92,nominal,fit,A,M1,2099877465
M1,92,nominal,fit,A,M2,1508593370
M1,92,nominal,fit,A,M3,3695675232
M1,93,nominal,simulate,A,,1116036545
M1,93,nominal,simulate,B,,531245584
M1,93,nominal,fit,A,choice_only,1833325924
M1,93,nominal,fit,A,M1,1201480997
M1,93,nominal,fit,A,M2,2145565710
M1,93,nominal,fit,A,M3,2445013124
M1,94,nominal,simulate,A,,915446707
M1,94,nominal,simulate,B,,4182997945
M1,94,nominal,fit,A,choice_only,100137666
M1,94,nominal,fit,A,M1,1423873822
M1,94,nominal,fit,A,M2,1689063312
M1,94,nominal,fit,A,M3,995615797
M1,95,nominal,simulate,A,,1813136672
M1,95,nominal,simulate,B,,2620064463
M1,95,nominal,fit,A,choice_only,2726336459
M1,95,nominal,fit,A,M1,1249139991
M1,95,nominal,fit,A,M2,937099671
M1,95,nominal,fit,A,M3,3910123438
M1,96,nominal,simulate,A,,167682517
M1,96,nominal,simulate,B,,286379211
M1,96,nominal,fit,A,choice_only,2843376378
M1,96,nominal,fit,A,M1,39291710
M1,96,nominal,fit,A,M2,2566327994
M1,96,nominal,fit,A,M3,1027163959
M1,97,nominal,simulate,A,,126348051
M1,97,nominal,simulate,B,,1246736664
M1,97,nominal,fit,A,choice_only,362186763
M1,97,nominal,fit,A,M1,1139996738
M1,97,nominal,fit,A,M2,73288786
M1,97,nominal,fit,A,M3,3530333139
M1,98,nominal,simulate,A,,3605688119
M1,98,nominal,simulate,B,,1659649827
M1,98,nominal,fit,A,choice_only,1056084352
M1,98,nominal,fit,A,M1,2656039224
M1,98,nominal,fit,A,M2,3096465054
M1,98,nominal,fit,A,M3,642108381
M1,99,nominal,simulate,A,,583566962
M1,99,nominal,simulate,B,,1970547509
M1,99,nominal,fit,A,choice_only,1429987792
M1,99,nominal,fit,A,M1,4050020618
M1,99,nominal,fit,A,M2,2540240577
M1,99,nominal,fit,A,M3,1558503583
M1,100,nominal,simulate,A,,679134605
M1,100,nominal,simulate,B,,2734498422
M1,100,nominal,fit,A,choice_only,3504182824
M1,100,nominal,fit,A,M1,3743805805
M1,100,nominal,fit,A,M2,3920233755
M1,100,nominal,fit,A,M3,3480538335
M1,101,nominal,simulate,A,,1699061239
M1,101,nominal,simulate,B,,1462331296
M1,101,nominal,fit,A,choice_only,3716343904
M1,101,nominal,fit,A,M1,650050193
M1,101,nominal,fit,A,M2,4215360376
M1,101,nominal,fit,A,M3,1565399539
M1,102,nominal,simulate,A,,2924574625
M1,102,nominal,simulate,B,,2356112438
M1,102,nominal,fit,A,choice_only,1509074421
M1,102,nominal,fit,A,M1,1604979816
M1,102,nominal,fit,A,M2,1081185109
M1,102,nominal,fit,A,M3,3302471775
M1,103,nominal,simulate,A,,3390243137
M1,103,nominal,simulate,B,,2948013048
M1,103,nominal,fit,A,choice_only,1843316908
M1,103,nominal,fit,A,M1,3799282541
M1,103,nominal,fit,A,M2,3499132199
M1,103,nominal,fit,A,M3,2082147272
M1,104,nominal,simulate,A,,1316811883
M1,104,nominal,simulate,B,,845035996
M1,104,nominal,fit,A,choice_only,582318860
M1,104,nominal,fit,A,M1,3100643594
M1,104,nominal,fit,A,M2,1684814541
M1,104,nominal,fit,A,M3,956148118
M1,105,nominal,simulate,A,,1500283708
M1,105,nominal,simulate,B,,1358654938
M1,105,nominal,fit,A,choice_only,174315036
M1,105,nominal,fit,A,M1,1243302334
M1,105,nominal,fit,A,M2,1824635448
M1,105,nominal,fit,A,M3,2660172641
M1,106,nominal,simulate,A,,3663411662
M1,106,nominal,simulate,B,,1165516880
M1,106,nominal,fit,A,choice_only,3964111299
M1,106,nominal,fit,A,M1,3773375282
M1,106,nominal,fit,A,M2,4107886984
M1,106,nominal,fit,A,M3,747887856
M1,107,nominal,simulate,A,,4275744029
M1,107,nominal,simulate,B,,3579403321
M1,107,nominal,fit,A,choice_only,1989298655
M1,107,nominal,fit,A,M1,674772378
M1,107,nominal,fit,A,M2,469487601
M1,107,nominal,fit,A,M3,3990682281
M1,108,nominal,simulate,A,,1243309409
M1,108,nominal,simulate,B,,3803019990
M1,108,nominal,fit,A,choice_only,32003479
M1,108,nominal,fit,A,M1,3961966577
M1,108,nominal,fit,A,M2,302476526
M1,108,nominal,fit,A,M3,3040025340
M1,109,nominal,simulate,A,,1407396400
M1,109,nominal,simulate,B,,2349056898
M1,109,nominal,fit,A,choice_only,921197475
M1,109,nominal,fit,A,M1,3907426772
M1,109,nominal,fit,A,M2,3966132417
M1,109,nominal,fit,A,M3,3850337139
M1,110,nominal,simulate,A,,330922567
M1,110,nominal,simulate,B,,1562595463
M1,110,nominal,fit,A,choice_only,956084764
M1,110,nominal,fit,A,M1,645448546
M1,110,nominal,fit,A,M2,118321917
M1,110,nominal,fit,A,M3,1804758769
M1,111,nominal,simulate,A,,3058166766
M1,111,nominal,simulate,B,,4213535372
M1,111,nominal,fit,A,choice_only,4247262374
M1,111,nominal,fit,A,M1,1506114958
M1,111,nominal,fit,A,M2,2222075558
M1,111,nominal,fit,A,M3,1258809314
M1,112,nominal,simulate,A,,1331316818
M1,112,nominal,simulate,B,,948854313
M1,112,nominal,fit,A,choice_only,585381080
M1,112,nominal,fit,A,M1,68256582
M1,112,nominal,fit,A,M2,3147730187
M1,112,nominal,fit,A,M3,3217750249
M1,113,nominal,simulate,A,,1017730742
M1,113,nominal,simulate,B,,221006544
M1,113,nominal,fit,A,choice_only,3661790631
M1,113,nominal,fit,A,M1,2172649761
M1,113,nominal,fit,A,M2,890876997
M1,113,nominal,fit,A,M3,2654747420
M1,114,nominal,simulate,A,,2365459839
M1,114,nominal,simulate,B,,3807103626
M1,114,nominal,fit,A,choice_only,700469109
M1,114,nominal,fit,A,M1,2440884487
M1,114,nominal,fit,A,M2,1003450753
M1,114,nominal,fit,A,M3,2895140542
M1,115,nominal,simulate,A,,3937931027
M1,115,nominal,simulate,B,,1905079626
M1,115,nominal,fit,A,choice_only,1049641616
M1,115,nominal,fit,A,M1,2810823721
M1,115,nominal,fit,A,M2,133689520
M1,115,nominal,fit,A,M3,3449265700
M1,116,nominal,simulate,A,,1391524733
M1,116,nominal,simulate,B,,312169904
M1,116,nominal,fit,A,choice_only,299159164
M1,116,nominal,fit,A,M1,545528180
M1,116,nominal,fit,A,M2,3523052382
M1,116,nominal,fit,A,M3,593361646
M1,117,nominal,simulate,A,,3331734782
M1,117,nominal,simulate,B,,2172671920
M1,117,nominal,fit,A,choice_only,2303816022
M1,117,nominal,fit,A,M1,3166595128
M1,117,nominal,fit,A,M2,3110710872
M1,117,nominal,fit,A,M3,197645895
M1,118,nominal,simulate,A,,3650465013
M1,118,nominal,simulate,B,,3266176144
M1,118,nominal,fit,A,choice_only,2580558394
M1,118,nominal,fit,A,M1,3490048941
M1,118,nominal,fit,A,M2,1058640410
M1,118,nominal,fit,A,M3,2499491657
M1,119,nominal,simulate,A,,434872477
M1,119,nominal,simulate,B,,3755562352
M1,119,nominal,fit,A,choice_only,1507722681
M1,119,nominal,fit,A,M1,2878906151
M1,119,nominal,fit,A,M2,4043091563
M1,119,nominal,fit,A,M3,1566766424
M1,120,nominal,simulate,A,,3370847244
M1,120,nominal,simulate,B,,2941120392
M1,120,nominal,fit,A,choice_only,947979887
M1,120,nominal,fit,A,M1,1716910483
M1,120,nominal,fit,A,M2,2661526176
M1,120,nominal,fit,A,M3,4019622065
M1,121,nominal,simulate,A,,3545840588
M1,121,nominal,simulate,B,,3127526680
M1,121,nominal,fit,A,choice_only,3170840707
M1,121,nominal,fit,A,M1,2417019407
M1,121,nominal,fit,A,M2,450269054
M1,121,nominal,fit,A,M3,2827950319
M1,122,nominal,simulate,A,,960549575
M1,122,nominal,simulate,B,,909557678
M1,122,nominal,fit,A,choice_only,412444468
M1,122,nominal,fit,A,M1,2366689716
M1,122,nominal,fit,A,M2,2900070342
M1,122,nominal,fit,A,M3,2022495122
M1,123,nominal,simulate,A,,3068420950
M1,123,nominal,simulate,B,,3506094880
M1,123,nominal,fit,A,choice_only,3887765111
M1,123,nominal,fit,A,M1,2111214542
M1,123,nominal,fit,A,M2,3053019300
M1,123,nominal,fit,A,M3,859219561
M1,124,nominal,simulate,A,,3269655997
M1,124,nominal,simulate,B,,2019580753
M1,124,nominal,fit,A,choice_only,1520818250
M1,124,nominal,fit,A,M1,2867782965
M1,124,nominal,fit,A,M2,1420029148
M1,124,nominal,fit,A,M3,3679119329
M1,125,nominal,simulate,A,,3108699609
M1,125,nominal,simulate,B,,1070402863
M1,125,nominal,fit,A,choice_only,4067005427
M1,125,nominal,fit,A,M1,1163009656
M1,125,nominal,fit,A,M2,158508967
M1,125,nominal,fit,A,M3,1397378877
M1,126,nominal,simulate,A,,2457103819
M1,126,nominal,simulate,B,,4048758068
M1,126,nominal,fit,A,choice_only,3525242060
M1,126,nominal,fit,A,M1,1356454601
M1,126,nominal,fit,A,M2,2675020308
M1,126,nominal,fit,A,M3,4237816869
M1,127,nominal,simulate,A,,4069865663
M1,127,nominal,simulate,B,,3020236935
M1,127,nominal,fit,A,choice_only,2176835446
M1,127,nominal,fit,A,M1,2463684623
M1,127,nominal,fit,A,M2,2700631793
M1,127,nominal,fit,A,M3,3721325364
M1,128,nominal,simulate,A,,640293816
M1,128,nominal,simulate,B,,1488548185
M1,128,nominal,fit,A,choice_only,1551078973
M1,128,nominal,fit,A,M1,2904987900
M1,128,nominal,fit,A,M2,2197636454
M1,128,nominal,fit,A,M3,3303950582
M1,129,nominal,simulate,A,,4120369438
M1,129,nominal,simulate,B,,4278020861
M1,129,nominal,fit,A,choice_only,1512208338
M1,129,nominal,fit,A,M1,1088657844
M1,129,nominal,fit,A,M2,1987934828
M1,129,nominal,fit,A,M3,2504034125
M1,130,nominal,simulate,A,,2565671642
M1,130,nominal,simulate,B,,1666473933
M1,130,nominal,fit,A,choice_only,2179423135
M1,130,nominal,fit,A,M1,1299925987
M1,130,nominal,fit,A,M2,2971004723
M1,130,nominal,fit,A,M3,412217805
M1,131,nominal,simulate,A,,874440807
M1,131,nominal,simulate,B,,3127800690
M1,131,nominal,fit,A,choice_only,2731748570
M1,131,nominal,fit,A,M1,4268084423
M1,131,nominal,fit,A,M2,4184777442
M1,131,nominal,fit,A,M3,4087292133
M1,132,nominal,simulate,A,,2149541352
M1,132,nominal,simulate,B,,3694299643
M1,132,nominal,fit,A,choice_only,1458726946
M1,132,nominal,fit,A,M1,3149510070
M1,132,nominal,fit,A,M2,2188301550
M1,132,nominal,fit,A,M3,2209985055
M1,133,nominal,simulate,A,,1270692664
M1,133,nominal,simulate,B,,1134365322
M1,133,nominal,fit,A,choice_only,2946383446
M1,133,nominal,fit,A,M1,175625944
M1,133,nominal,fit,A,M2,3660322434
M1,133,nominal,fit,A,M3,1160048023
M1,134,nominal,simulate,A,,2268242832
M1,134,nominal,simulate,B,,3084605476
M1,134,nominal,fit,A,choice_only,2088024664
M1,134,nominal,fit,A,M1,1809617428
M1,134,nominal,fit,A,M2,4253989904
M1,134,nominal,fit,A,M3,1107299949
M1,135,nominal,simulate,A,,731093715
M1,135,nominal,simulate,B,,3970360744
M1,135,nominal,fit,A,choice_only,933056380
M1,135,nominal,fit,A,M1,1914110290
M1,135,nominal,fit,A,M2,3538689625
M1,135,nominal,fit,A,M3,523332377
M1,136,nominal,simulate,A,,3944128624
M1,136,nominal,simulate,B,,219336230
M1,136,nominal,fit,A,choice_only,1992699867
M1,136,nominal,fit,A,M1,506116445
M1,136,nominal,fit,A,M2,1278150954
M1,136,nominal,fit,A,M3,1358823956
M1,137,nominal,simulate,A,,2021629466
M1,137,nominal,simulate,B,,1552230705
M1,137,nominal,fit,A,choice_only,1345404721
M1,137,nominal,fit,A,M1,960421590
M1,137,nominal,fit,A,M2,2481976975
M1,137,nominal,fit,A,M3,771905563
M1,138,nominal,simulate,A,,3376765395
M1,138,nominal,simulate,B,,4207115703
M1,138,nominal,fit,A,choice_only,1034708853
M1,138,nominal,fit,A,M1,1746175903
M1,138,nominal,fit,A,M2,3230348044
M1,138,nominal,fit,A,M3,158428648
M1,139,nominal,simulate,A,,4235274510
M1,139,nominal,simulate,B,,3903919566
M1,139,nominal,fit,A,choice_only,27647873
M1,139,nominal,fit,A,M1,2527649520
M1,139,nominal,fit,A,M2,3335830654
M1,139,nominal,fit,A,M3,158070713
M1,140,nominal,simulate,A,,4061564311
M1,140,nominal,simulate,B,,1109997401
M1,140,nominal,fit,A,choice_only,3839366675
M1,140,nominal,fit,A,M1,128822610
M1,140,nominal,fit,A,M2,683850425
M1,140,nominal,fit,A,M3,1442099843
M1,141,nominal,simulate,A,,1373743058
M1,141,nominal,simulate,B,,322164353
M1,141,nominal,fit,A,choice_only,696934683
M1,141,nominal,fit,A,M1,2791212871
M1,141,nominal,fit,A,M2,3386699714
M1,141,nominal,fit,A,M3,1264071637
M1,142,nominal,simulate,A,,3424720254
M1,142,nominal,simulate,B,,978803004
M1,142,nominal,fit,A,choice_only,2561504601
M1,142,nominal,fit,A,M1,1146195137
M1,142,nominal,fit,A,M2,2492770410
M1,142,nominal,fit,A,M3,3580429203
M1,143,nominal,simulate,A,,3670846285
M1,143,nominal,simulate,B,,1954728898
M1,143,nominal,fit,A,choice_only,4101989519
M1,143,nominal,fit,A,M1,3770250847
M1,143,nominal,fit,A,M2,1608279003
M1,143,nominal,fit,A,M3,3172631255
M1,144,nominal,simulate,A,,552299518
M1,144,nominal,simulate,B,,2129064614
M1,144,nominal,fit,A,choice_only,3185674410
M1,144,nominal,fit,A,M1,2789049994
M1,144,nominal,fit,A,M2,1095876956
M1,144,nominal,fit,A,M3,4000330035
M1,145,nominal,simulate,A,,2096077207
M1,145,nominal,simulate,B,,3876238625
M1,145,nominal,fit,A,choice_only,1893270361
M1,145,nominal,fit,A,M1,4259984027
M1,145,nominal,fit,A,M2,2653712717
M1,145,nominal,fit,A,M3,2936226389
M1,146,nominal,simulate,A,,2028409754
M1,146,nominal,simulate,B,,2257665987
M1,146,nominal,fit,A,choice_only,3929534310
M1,146,nominal,fit,A,M1,1338657034
M1,146,nominal,fit,A,M2,1751484522
M1,146,nominal,fit,A,M3,2461207074
M1,147,nominal,simulate,A,,302974407
M1,147,nominal,simulate,B,,2565229267
M1,147,nominal,fit,A,choice_only,1697080156
M1,147,nominal,fit,A,M1,787524249
M1,147,nominal,fit,A,M2,3142596977
M1,147,nominal,fit,A,M3,926885680
M1,148,nominal,simulate,A,,3876817329
M1,148,nominal,simulate,B,,3185815544
M1,148,nominal,fit,A,choice_only,3474903796
M1,148,nominal,fit,A,M1,609640090
M1,148,nominal,fit,A,M2,2052315937
M1,148,nominal,fit,A,M3,2773219767
M1,149,nominal,simulate,A,,1115590354
M1,149,nominal,simulate,B,,752824782
M1,149,nominal,fit,A,choice_only,2760908848
M1,149,nominal,fit,A,M1,1983344646
M1,149,nominal,fit,A,M2,2234404780
M1,149,nominal,fit,A,M3,1662600687
M1,150,nominal,simulate,A,,3155569544
M1,150,nominal,simulate,B,,1832550901
M1,150,nominal,fit,A,choice_only,2501336510
M1,150,nominal,fit,A,M1,2189552889
M1,150,nominal,fit,A,M2,2653977253
M1,150,nominal,fit,A,M3,1668213762
M1,151,nominal,simulate,A,,641994547
M1,151,nominal,simulate,B,,2238855241
M1,151,nominal,fit,A,choice_only,2954907743
M1,151,nominal,fit,A,M1,1521980812
M1,151,nominal,fit,A,M2,1909011194
M1,151,nominal,fit,A,M3,4066156939
M1,152,nominal,simulate,A,,3633741208
M1,152,nominal,simulate,B,,2092307508
M1,152,nominal,fit,A,choice_only,2567557147
M1,152,nominal,fit,A,M1,712367984
M1,152,nominal,fit,A,M2,1878182473
M1,152,nominal,fit,A,M3,886557890
M1,153,nominal,simulate,A,,2406641785
M1,153,nominal,simulate,B,,2689262533
M1,153,nominal,fit,A,choice_only,2693054241
M1,153,nominal,fit,A,M1,3057319742
M1,153,nominal,fit,A,M2,3884057274
M1,153,nominal,fit,A,M3,3546674760
M1,154,nominal,simulate,A,,4128416480
M1,154,nominal,simulate,B,,354826132
M1,154,nominal,fit,A,choice_only,225851329
M1,154,nominal,fit,A,M1,2701503780
M1,154,nominal,fit,A,M2,1436481541
M1,154,nominal,fit,A,M3,2688883947
M1,155,nominal,simulate,A,,2805115109
M1,155,nominal,simulate,B,,1082666420
M1,155,nominal,fit,A,choice_only,3300736674
M1,155,nominal,fit,A,M1,2285161221
M1,155,nominal,fit,A,M2,26340811
M1,155,nominal,fit,A,M3,2295456136
M1,156,nominal,simulate,A,,660636474
M1,156,nominal,simulate,B,,600413716
M1,156,nominal,fit,A,choice_only,2862936695
M1,156,nominal,fit,A,M1,1870235487
M1,156,nominal,fit,A,M2,245528047
M1,156,nominal,fit,A,M3,1528230904
M1,157,nominal,simulate,A,,4254085493
M1,157,nominal,simulate,B,,2588013600
M1,157,nominal,fit,A,choice_only,1359638679
M1,157,nominal,fit,A,M1,2431754472
M1,157,nominal,fit,A,M2,2863854947
M1,157,nominal,fit,A,M3,399367434
M1,158,nominal,simulate,A,,2609717598
M1,158,nominal,simulate,B,,4024812966
M1,158,nominal,fit,A,choice_only,21153680
M1,158,nominal,fit,A,M1,3783614458
M1,158,nominal,fit,A,M2,72671194
M1,158,nominal,fit,A,M3,3301632206
M1,159,nominal,simulate,A,,543525254
M1,159,nominal,simulate,B,,3930379848
M1,159,nominal,fit,A,choice_only,3071001489
M1,159,nominal,fit,A,M1,3817475352
M1,159,nominal,fit,A,M2,3763706736
M1,159,nominal,fit,A,M3,2491701406
M1,160,nominal,simulate,A,,2650271924
M1,160,nominal,simulate,B,,149081539
M1,160,nominal,fit,A,choice_only,2864657811
M1,160,nominal,fit,A,M1,4135383587
M1,160,nominal,fit,A,M2,2309309193
M1,160,nominal,fit,A,M3,1210827348
M1,161,nominal,simulate,A,,2582485581
M1,161,nominal,simulate,B,,1081312248
M1,161,nominal,fit,A,choice_only,1304925855
M1,161,nominal,fit,A,M1,1495549602
M1,161,nominal,fit,A,M2,4105922867
M1,161,nominal,fit,A,M3,3265047983
M1,162,nominal,simulate,A,,4124567893
M1,162,nominal,simulate,B,,739814064
M1,162,nominal,fit,A,choice_only,2475350975
M1,162,nominal,fit,A,M1,1584594881
M1,162,nominal,fit,A,M2,2922266272
M1,162,nominal,fit,A,M3,92359058
M1,163,nominal,simulate,A,,1828164743
M1,163,nominal,simulate,B,,893080672
M1,163,nominal,fit,A,choice_only,4015141593
M1,163,nominal,fit,A,M1,233459993
M1,163,nominal,fit,A,M2,3227160979
M1,163,nominal,fit,A,M3,1701926860
M1,164,nominal,simulate,A,,3921606787
M1,164,nominal,simulate,B,,4050901563
M1,164,nominal,fit,A,choice_only,1782930844
M1,164,nominal,fit,A,M1,2460550386
M1,164,nominal,fit,A,M2,2083433180
M1,164,nominal,fit,A,M3,3827053972
M1,165,nominal,simulate,A,,3644308457
M1,165,nominal,simulate,B,,1001760180
M1,165,nominal,fit,A,choice_only,3622785992
M1,165,nominal,fit,A,M1,1388373443
M1,165,nominal,fit,A,M2,2782003736
M1,165,nominal,fit,A,M3,2727464762
M1,166,nominal,simulate,A,,4067233347
M1,166,nominal,simulate,B,,1370718453
M1,166,nominal,fit,A,choice_only,3207257824
M1,166,nominal,fit,A,M1,927642496
M1,166,nominal,fit,A,M2,3735029234
M1,166,nominal,fit,A,M3,767696056
M1,167,nominal,simulate,A,,3918645898
M1,167,nominal,simulate,B,,2358136016
M1,167,nominal,fit,A,choice_only,1236332869
M1,167,nominal,fit,A,M1,2709746681
M1,167,nominal,fit,A,M2,452314637
M1,167,nominal,fit,A,M3,1889812001
M1,168,nominal,simulate,A,,1518873672
M1,168,nominal,simulate,B,,507163563
M1,168,nominal,fit,A,choice_only,257195471
M1,168,nominal,fit,A,M1,1931128104
M1,168,nominal,fit,A,M2,3158279874
M1,168,nominal,fit,A,M3,3307596406
M1,169,nominal,simulate,A,,3978951014
M1,169,nominal,simulate,B,,418832207
M1,169,nominal,fit,A,choice_only,2229159934
M1,169,nominal,fit,A,M1,3132714936
M1,169,nominal,fit,A,M2,2512856034
M1,169,nominal,fit,A,M3,4130772641
M1,170,nominal,simulate,A,,533328718
M1,170,nominal,simulate,B,,2380957960
M1,170,nominal,fit,A,choice_only,1945291665
M1,170,nominal,fit,A,M1,3948240295
M1,170,nominal,fit,A,M2,2274656684
M1,170,nominal,fit,A,M3,789420223
M1,171,nominal,simulate,A,,821583608
M1,171,nominal,simulate,B,,71310494
M1,171,nominal,fit,A,choice_only,2064670496
M1,171,nominal,fit,A,M1,2726815916
M1,171,nominal,fit,A,M2,3652772800
M1,171,nominal,fit,A,M3,1250373496
M1,172,nominal,simulate,A,,4160997496
M1,172,nominal,simulate,B,,1383913843
M1,172,nominal,fit,A,choice_only,2327409258
M1,172,nominal,fit,A,M1,3645689412
M1,172,nominal,fit,A,M2,3372428246
M1,172,nominal,fit,A,M3,1547060794
M1,173,nominal,simulate,A,,1215215440
M1,173,nominal,simulate,B,,1877210668
M1,173,nominal,fit,A,choice_only,4072881698
M1,173,nominal,fit,A,M1,2355130391
M1,173,nominal,fit,A,M2,3935227842
M1,173,nominal,fit,A,M3,1126670667
M1,174,nominal,simulate,A,,4020082873
M1,174,nominal,simulate,B,,2665159815
M1,174,nominal,fit,A,choice_only,2258335651
M1,174,nominal,fit,A,M1,2821856189
M1,174,nominal,fit,A,M2,1901762320
M1,174,nominal,fit,A,M3,416938697
M1,175,nominal,simulate,A,,3394449094
M1,175,nominal,simulate,B,,124539698
M1,175,nominal,fit,A,choice_only,2158805053
M1,175,nominal,fit,A,M1,2548561088
M1,175,nominal,fit,A,M2,3303809077
M1,175,nominal,fit,A,M3,2382461362
M1,176,nominal,simulate,A,,942597685
M1,176,nominal,simulate,B,,1035468210
M1,176,nominal,fit,A,choice_only,2817774901
M1,176,nominal,fit,A,M1,2607576769
M1,176,nominal,fit,A,M2,2247600744
M1,176,nominal,fit,A,M3,801962950
M1,177,nominal,simulate,A,,3711579592
M1,177,nominal,simulate,B,,937351070
M1,177,nominal,fit,A,choice_only,1515036661
M1,177,nominal,fit,A,M1,707421936
M1,177,nominal,fit,A,M2,2644403041
M1,177,nominal,fit,A,M3,863814496
M1,178,nominal,simulate,A,,4049996301
M1,178,nominal,simulate,B,,2038998018
M1,178,nominal,fit,A,choice_only,2864990169
M1,178,nominal,fit,A,M1,590870549
M1,178,nominal,fit,A,M2,711998794
M1,178,nominal,fit,A,M3,122453173
M1,179,nominal,simulate,A,,4222618758
M1,179,nominal,simulate,B,,1416549412
M1,179,nominal,fit,A,choice_only,2266007789
M1,179,nominal,fit,A,M1,2614018903
M1,179,nominal,fit,A,M2,1727941020
M1,179,nominal,fit,A,M3,3856555859
M1,180,nominal,simulate,A,,1886198249
M1,180,nominal,simulate,B,,2276807428
M1,180,nominal,fit,A,choice_only,873276508
M1,180,nominal,fit,A,M1,3977976516
M1,180,nominal,fit,A,M2,989915176
M1,180,nominal,fit,A,M3,4137202615
M1,181,nominal,simulate,A,,3589006913
M1,181,nominal,simulate,B,,693881148
M1,181,nominal,fit,A,choice_only,489097556
M1,181,nominal,fit,A,M1,2756777494
M1,181,nominal,fit,A,M2,3696977721
M1,181,nominal,fit,A,M3,1680013137
M1,182,nominal,simulate,A,,359847853
M1,182,nominal,simulate,B,,2575945343
M1,182,nominal,fit,A,choice_only,1241334211
M1,182,nominal,fit,A,M1,3378788354
M1,182,nominal,fit,A,M2,3112120534
M1,182,nominal,fit,A,M3,1917659265
M1,183,nominal,simulate,A,,3220144902
M1,183,nominal,simulate,B,,2383490731
M1,183,nominal,fit,A,choice_only,2903309188
M1,183,nominal,fit,A,M1,1768327178
M1,183,nominal,fit,A,M2,1223986397
M1,183,nominal,fit,A,M3,723084404
M1,184,nominal,simulate,A,,3965076170
M1,184,nominal,simulate,B,,161432694
M1,184,nominal,fit,A,choice_only,3446904076
M1,184,nominal,fit,A,M1,1411124888
M1,184,nominal,fit,A,M2,1733501651
M1,184,nominal,fit,A,M3,949890340
M1,185,nominal,simulate,A,,2527598077
M1,185,nominal,simulate,B,,4211004719
M1,185,nominal,fit,A,choice_only,151169965
M1,185,nominal,fit,A,M1,2954914413
M1,185,nominal,fit,A,M2,221907549
M1,185,nominal,fit,A,M3,493605124
M1,186,nominal,simulate,A,,464324176
M1,186,nominal,simulate,B,,3311234916
M1,186,nominal,fit,A,choice_only,291103498
M1,186,nominal,fit,A,M1,3440017370
M1,186,nominal,fit,A,M2,2322026975
M1,186,nominal,fit,A,M3,4105164958
M1,187,nominal,simulate,A,,1289943362
M1,187,nominal,simulate,B,,894463462
M1,187,nominal,fit,A,choice_only,1305285015
M1,187,nominal,fit,A,M1,3996184742
M1,187,nominal,fit,A,M2,736413481
M1,187,nominal,fit,A,M3,400985839
M1,188,nominal,simulate,A,,442883627
M1,188,nominal,simulate,B,,2076441828
M1,188,nominal,fit,A,choice_only,3399930093
M1,188,nominal,fit,A,M1,757351666
M1,188,nominal,fit,A,M2,1968635806
M1,188,nominal,fit,A,M3,2779958885
M1,189,nominal,simulate,A,,929186280
M1,189,nominal,simulate,B,,3181462106
M1,189,nominal,fit,A,choice_only,1225760361
M1,189,nominal,fit,A,M1,3451404814
M1,189,nominal,fit,A,M2,1574962864
M1,189,nominal,fit,A,M3,3856325705
M1,190,nominal,simulate,A,,1144939074
M1,190,nominal,simulate,B,,3165409394
M1,190,nominal,fit,A,choice_only,408848369
M1,190,nominal,fit,A,M1,684410197
M1,190,nominal,fit,A,M2,408093663
M1,190,nominal,fit,A,M3,3952395181
M1,191,nominal,simulate,A,,1105471087
M1,191,nominal,simulate,B,,90588526
M1,191,nominal,fit,A,choice_only,2386534684
M1,191,nominal,fit,A,M1,1634553019
M1,191,nominal,fit,A,M2,784551883
M1,191,nominal,fit,A,M3,873901215
M1,192,nominal,simulate,A,,1313323279
M1,192,nominal,simulate,B,,780014064
M1,192,nominal,fit,A,choice_only,3276830405
M1,192,nominal,fit,A,M1,2058936317
M1,192,nominal,fit,A,M2,3674060754
M1,192,nominal,fit,A,M3,3455971094
M1,193,nominal,simulate,A,,1048836312
M1,193,nominal,simulate,B,,1506058223
M1,193,nominal,fit,A,choice_only,226835485
M1,193,nominal,fit,A,M1,2445163743
M1,193,nominal,fit,A,M2,2052368783
M1,193,nominal,fit,A,M3,152987740
M1,194,nominal,simulate,A,,2675899719
M1,194,nominal,simulate,B,,2921404438
M1,194,nominal,fit,A,choice_only,2272225919
M1,194,nominal,fit,A,M1,3714923384
M1,194,nominal,fit,A,M2,3357188131
M1,194,nominal,fit,A,M3,2337493956
M1,195,nominal,simulate,A,,759735648
M1,195,nominal,simulate,B,,1481151986
M1,195,nominal,fit,A,choice_only,27773413
M1,195,nominal,fit,A,M1,1343866049
M1,195,nominal,fit,A,M2,3884815234
M1,195,nominal,fit,A,M3,3290211451
M1,196,nominal,simulate,A,,3771656125
M1,196,nominal,simulate,B,,2415063377
M1,196,nominal,fit,A,choice_only,82239758
M1,196,nominal,fit,A,M1,1722624340
M1,196,nominal,fit,A,M2,751861455
M1,196,nominal,fit,A,M3,290717984
M1,197,nominal,simulate,A,,1511255487
M1,197,nominal,simulate,B,,2520152663
M1,197,nominal,fit,A,choice_only,2119733366
M1,197,nominal,fit,A,M1,2217697711
M1,197,nominal,fit,A,M2,762898804
M1,197,nominal,fit,A,M3,2597663744
M1,198,nominal,simulate,A,,1342640720
M1,198,nominal,simulate,B,,3154866665
M1,198,nominal,fit,A,choice_only,2474038519
M1,198,nominal,fit,A,M1,3937931658
M1,198,nominal,fit,A,M2,1622297740
M1,198,nominal,fit,A,M3,3249289970
M1,199,nominal,simulate,A,,2021992044
M1,199,nominal,simulate,B,,2751316685
M1,199,nominal,fit,A,choice_only,2389791603
M1,199,nominal,fit,A,M1,712367190
M1,199,nominal,fit,A,M2,2345756741
M1,199,nominal,fit,A,M3,3930725703
M1,0,stress,simulate,A,,900120718
M1,0,stress,simulate,B,,3046142719
M1,0,stress,fit,A,choice_only,20500309
M1,0,stress,fit,A,M1,2540542691
M1,0,stress,fit,A,M2,2335082704
M1,0,stress,fit,A,M3,348214989
M1,1,stress,simulate,A,,544787476
M1,1,stress,simulate,B,,2662998861
M1,1,stress,fit,A,choice_only,3905404788
M1,1,stress,fit,A,M1,3491080160
M1,1,stress,fit,A,M2,1255454924
M1,1,stress,fit,A,M3,634720438
M1,2,stress,simulate,A,,1259781945
M1,2,stress,simulate,B,,1650995903
M1,2,stress,fit,A,choice_only,2312314929
M1,2,stress,fit,A,M1,1405977327
M1,2,stress,fit,A,M2,164153301
M1,2,stress,fit,A,M3,2427764
M1,3,stress,simulate,A,,3280891161
M1,3,stress,simulate,B,,150029544
M1,3,stress,fit,A,choice_only,768093893
M1,3,stress,fit,A,M1,703194886
M1,3,stress,fit,A,M2,118031213
M1,3,stress,fit,A,M3,2165955540
M1,4,stress,simulate,A,,126239490
M1,4,stress,simulate,B,,3566348598
M1,4,stress,fit,A,choice_only,4039037054
M1,4,stress,fit,A,M1,1401895634
M1,4,stress,fit,A,M2,3614499105
M1,4,stress,fit,A,M3,3148744917
M1,5,stress,simulate,A,,3616613890
M1,5,stress,simulate,B,,3508721311
M1,5,stress,fit,A,choice_only,2260962512
M1,5,stress,fit,A,M1,1782087855
M1,5,stress,fit,A,M2,2168894398
M1,5,stress,fit,A,M3,1955787064
M1,6,stress,simulate,A,,701555814
M1,6,stress,simulate,B,,481205217
M1,6,stress,fit,A,choice_only,2980624188
M1,6,stress,fit,A,M1,1490426504
M1,6,stress,fit,A,M2,1519492704
M1,6,stress,fit,A,M3,1782712143
M1,7,stress,simulate,A,,106417065
M1,7,stress,simulate,B,,2327154519
M1,7,stress,fit,A,choice_only,3359389160
M1,7,stress,fit,A,M1,2514910905
M1,7,stress,fit,A,M2,1465168007
M1,7,stress,fit,A,M3,1889590609
M1,8,stress,simulate,A,,1701659819
M1,8,stress,simulate,B,,3517648705
M1,8,stress,fit,A,choice_only,974632657
M1,8,stress,fit,A,M1,3059830492
M1,8,stress,fit,A,M2,2999432644
M1,8,stress,fit,A,M3,2141181988
M1,9,stress,simulate,A,,3434616844
M1,9,stress,simulate,B,,2489649438
M1,9,stress,fit,A,choice_only,3749732349
M1,9,stress,fit,A,M1,691010818
M1,9,stress,fit,A,M2,2365024507
M1,9,stress,fit,A,M3,3301950839
M1,10,stress,simulate,A,,3227540200
M1,10,stress,simulate,B,,2599443420
M1,10,stress,fit,A,choice_only,1615363330
M1,10,stress,fit,A,M1,577583543
M1,10,stress,fit,A,M2,86288223
M1,10,stress,fit,A,M3,80225476
M1,11,stress,simulate,A,,1155595412
M1,11,stress,simulate,B,,585935463
M1,11,stress,fit,A,choice_only,79233361
M1,11,stress,fit,A,M1,1156914527
M1,11,stress,fit,A,M2,460244009
M1,11,stress,fit,A,M3,4224462643
M1,12,stress,simulate,A,,4191312415
M1,12,stress,simulate,B,,304929287
M1,12,stress,fit,A,choice_only,3807352476
M1,12,stress,fit,A,M1,2252649164
M1,12,stress,fit,A,M2,3446254587
M1,12,stress,fit,A,M3,1865414554
M1,13,stress,simulate,A,,3654252688
M1,13,stress,simulate,B,,843481102
M1,13,stress,fit,A,choice_only,3150897391
M1,13,stress,fit,A,M1,661443219
M1,13,stress,fit,A,M2,536669286
M1,13,stress,fit,A,M3,1551442761
M1,14,stress,simulate,A,,4122075270
M1,14,stress,simulate,B,,1128239984
M1,14,stress,fit,A,choice_only,2837143685
M1,14,stress,fit,A,M1,784470838
M1,14,stress,fit,A,M2,3086435315
M1,14,stress,fit,A,M3,1286913086
M1,15,stress,simulate,A,,2026906662
M1,15,stress,simulate,B,,4113650583
M1,15,stress,fit,A,choice_only,2357966304
M1,15,stress,fit,A,M1,3745707067
M1,15,stress,fit,A,M2,1062087265
M1,15,stress,fit,A,M3,3616780746
M1,16,stress,simulate,A,,1450434338
M1,16,stress,simulate,B,,3315782210
M1,16,stress,fit,A,choice_only,2490662109
M1,16,stress,fit,A,M1,2928815827
M1,16,stress,fit,A,M2,2934212615
M1,16,stress,fit,A,M3,4185284994
M1,17,stress,simulate,A,,3115738506
M1,17,stress,simulate,B,,2518466795
M1,17,stress,fit,A,choice_only,3967607062
M1,17,stress,fit,A,M1,3525566242
M1,17,stress,fit,A,M2,2062262004
M1,17,stress,fit,A,M3,2915213419
M1,18,stress,simulate,A,,1755012017
M1,18,stress,simulate,B,,2710584264
M1,18,stress,fit,A,choice_only,3835782762
M1,18,stress,fit,A,M1,1752075382
M1,18,stress,fit,A,M2,2502088393
M1,18,stress,fit,A,M3,3062507677
M1,19,stress,simulate,A,,215987382
M1,19,stress,simulate,B,,1613373404
M1,19,stress,fit,A,choice_only,4006715359
M1,19,stress,fit,A,M1,1831331736
M1,19,stress,fit,A,M2,389688419
M1,19,stress,fit,A,M3,1966465491
M1,20,stress,simulate,A,,1150128227
M1,20,stress,simulate,B,,566686628
M1,20,stress,fit,A,choice_only,2175909314
M1,20,stress,fit,A,M1,3558943720
M1,20,stress,fit,A,M2,1978267641
M1,20,stress,fit,A,M3,2702477576
M1,21,stress,simulate,A,,4268838417
M1,21,stress,simulate,B,,2410879192
M1,21,stress,fit,A,choice_only,2299738521
M1,21,stress,fit,A,M1,670896327
M1,21,stress,fit,A,M2,172546081
M1,21,stress,fit,A,M3,2949618453
M1,22,stress,simulate,A,,1538326932
M1,22,stress,simulate,B,,62876661
M1,22,stress,fit,A,choice_only,775089049
M1,22,stress,fit,A,M1,1734114828
M1,22,stress,fit,A,M2,2518334215
M1,22,stress,fit,A,M3,3474940990
M1,23,stress,simulate,A,,2291217154
M1,23,stress,simulate,B,,935237016
M1,23,stress,fit,A,choice_only,3203260543
M1,23,stress,fit,A,M1,948490014
M1,23,stress,fit,A,M2,2525041412
M1,23,stress,fit,A,M3,1846908393
M1,24,stress,simulate,A,,1111073073
M1,24,stress,simulate,B,,2638311251
M1,24,stress,fit,A,choice_only,546382847
M1,24,stress,fit,A,M1,3671931364
M1,24,stress,fit,A,M2,3877777460
M1,24,stress,fit,A,M3,863347423
M1,25,stress,simulate,A,,4157185668
M1,25,stress,simulate,B,,3221975416
M1,25,stress,fit,A,choice_only,384527489
M1,25,stress,fit,A,M1,3502012403
M1,25,stress,fit,A,M2,3034945995
M1,25,stress,fit,A,M3,1100815129
M1,26,stress,simulate,A,,3717843304
M1,26,stress,simulate,B,,451579635
M1,26,stress,fit,A,choice_only,2656772670
M1,26,stress,fit,A,M1,3501380158
M1,26,stress,fit,A,M2,3084890844
M1,26,stress,fit,A,M3,1714733534
M1,27,stress,simulate,A,,1525888216
M1,27,stress,simulate,B,,767009281
M1,27,stress,fit,A,choice_only,4125989554
M1,27,stress,fit,A,M1,3091913079
M1,27,stress,fit,A,M2,1213172422
M1,27,stress,fit,A,M3,399025210
M1,28,stress,simulate,A,,2712422294
M1,28,stress,simulate,B,,361098930
M1,28,stress,fit,A,choice_only,2121162252
M1,28,stress,fit,A,M1,3349780839
M1,28,stress,fit,A,M2,1194781460
M1,28,stress,fit,A,M3,4231284730
M1,29,stress,simulate,A,,1667210957
M1,29,stress,simulate,B,,3839609347
M1,29,stress,fit,A,choice_only,3875014611
M1,29,stress,fit,A,M1,2083080594
M1,29,stress,fit,A,M2,4106294951
M1,29,stress,fit,A,M3,3496405934
M1,30,stress,simulate,A,,3717857131
M1,30,stress,simulate,B,,1196045214
M1,30,stress,fit,A,choice_only,4103807539
M1,30,stress,fit,A,M1,4039575012
M1,30,stress,fit,A,M2,1280013090
M1,30,stress,fit,A,M3,2064783170
M1,31,stress,simulate,A,,64763629
M1,31,stress,simulate,B,,1157390596
M1,31,stress,fit,A,choice_only,2371035176
M1,31,stress,fit,A,M1,3542869153
M1,31,stress,fit,A,M2,1299199023
M1,31,stress,fit,A,M3,1006698525
M1,32,stress,simulate,A,,4041553677
M1,32,stress,simulate,B,,1197158320
M1,32,stress,fit,A,choice_only,1396011819
M1,32,stress,fit,A,M1,2584564409
M1,32,stress,fit,A,M2,3733953235
M1,32,stress,fit,A,M3,470758043
M1,33,stress,simulate,A,,4023429839
M1,33,stress,simulate,B,,2221505567
M1,33,stress,fit,A,choice_only,4213724172
M1,33,stress,fit,A,M1,4120489807
M1,33,stress,fit,A,M2,2171467713
M1,33,stress,fit,A,M3,3817774502
M1,34,stress,simulate,A,,2823067239
M1,34,stress,simulate,B,,1395447124
M1,34,stress,fit,A,choice_only,711069919
M1,34,stress,fit,A,M1,1355577103
M1,34,stress,fit,A,M2,3233643486
M1,34,stress,fit,A,M3,2295281986
M1,35,stress,simulate,A,,1836398159
M1,35,stress,simulate,B,,2481136457
M1,35,stress,fit,A,choice_only,1549759824
M1,35,stress,fit,A,M1,1791586068
M1,35,stress,fit,A,M2,2672035603
M1,35,stress,fit,A,M3,404625594
M1,36,stress,simulate,A,,3063109584
M1,36,stress,simulate,B,,1860084313
M1,36,stress,fit,A,choice_only,1445503814
M1,36,stress,fit,A,M1,56849084
M1,36,stress,fit,A,M2,1863911282
M1,36,stress,fit,A,M3,4228991409
M1,37,stress,simulate,A,,3478102100
M1,37,stress,simulate,B,,1379924117
M1,37,stress,fit,A,choice_only,1180419664
M1,37,stress,fit,A,M1,296746172
M1,37,stress,fit,A,M2,1564198335
M1,37,stress,fit,A,M3,2227777366
M1,38,stress,simulate,A,,1312016936
M1,38,stress,simulate,B,,959692989
M1,38,stress,fit,A,choice_only,789332606
M1,38,stress,fit,A,M1,2991675904
M1,38,stress,fit,A,M2,4264654299
M1,38,stress,fit,A,M3,1578765405
M1,39,stress,simulate,A,,3693442122
M1,39,stress,simulate,B,,2267148242
M1,39,stress,fit,A,choice_only,4150445807
M1,39,stress,fit,A,M1,1396072344
M1,39,stress,fit,A,M2,2920808231
M1,39,stress,fit,A,M3,3500348993
M1,40,stress,simulate,A,,1220444990
M1,40,stress,simulate,B,,20658419
M1,40,stress,fit,A,choice_only,3388580448
M1,40,stress,fit,A,M1,2611259923
M1,40,stress,fit,A,M2,979042092
M1,40,stress,fit,A,M3,758517296
M1,41,stress,simulate,A,,4272533765
M1,41,stress,simulate,B,,2563755461
M1,41,stress,fit,A,choice_only,1580510994
M1,41,stress,fit,A,M1,613045382
M1,41,stress,fit,A,M2,3199767904
M1,41,stress,fit,A,M3,1030066834
M1,42,stress,simulate,A,,1445723222
M1,42,stress,simulate,B,,4162715850
M1,42,stress,fit,A,choice_only,3827523063
M1,42,stress,fit,A,M1,734974342
M1,42,stress,fit,A,M2,443266500
M1,42,stress,fit,A,M3,3257008484
M1,43,stress,simulate,A,,3061099301
M1,43,stress,simulate,B,,71027126
M1,43,stress,fit,A,choice_only,2932193949
M1,43,stress,fit,A,M1,2525082608
M1,43,stress,fit,A,M2,3887946664
M1,43,stress,fit,A,M3,2728235517
M1,44,stress,simulate,A,,929886918
M1,44,stress,simulate,B,,3117183768
M1,44,stress,fit,A,choice_only,3960754587
M1,44,stress,fit,A,M1,2071201190
M1,44,stress,fit,A,M2,3894032312
M1,44,stress,fit,A,M3,149190080
M1,45,stress,simulate,A,,3232852028
M1,45,stress,simulate,B,,425089447
M1,45,stress,fit,A,choice_only,4226269407
M1,45,stress,fit,A,M1,2212691564
M1,45,stress,fit,A,M2,3078488275
M1,45,stress,fit,A,M3,2530093192
M1,46,stress,simulate,A,,1049632410
M1,46,stress,simulate,B,,3487074868
M1,46,stress,fit,A,choice_only,1959314142
M1,46,stress,fit,A,M1,554280654
M1,46,stress,fit,A,M2,1828449440
M1,46,stress,fit,A,M3,1212667441
M1,47,stress,simulate,A,,148687985
M1,47,stress,simulate,B,,2045945979
M1,47,stress,fit,A,choice_only,796038925
M1,47,stress,fit,A,M1,1593048538
M1,47,stress,fit,A,M2,1891053657
M1,47,stress,fit,A,M3,1329217330
M1,48,stress,simulate,A,,117582521
M1,48,stress,simulate,B,,548001789
M1,48,stress,fit,A,choice_only,2317463566
M1,48,stress,fit,A,M1,3817304461
M1,48,stress,fit,A,M2,3402400656
M1,48,stress,fit,A,M3,4050343300
M1,49,stress,simulate,A,,968167656
M1,49,stress,simulate,B,,3891749376
M1,49,stress,fit,A,choice_only,1776967915
M1,49,stress,fit,A,M1,2342566095
M1,49,stress,fit,A,M2,1153421952
M1,49,stress,fit,A,M3,1444575536
M2,0,nominal,simulate,A,,3252089358
M2,0,nominal,simulate,B,,3360790517
M2,0,nominal,fit,A,choice_only,2007809941
M2,0,nominal,fit,A,M1,1686373349
M2,0,nominal,fit,A,M2,1446941437
M2,0,nominal,fit,A,M3,3297616789
M2,1,nominal,simulate,A,,361090256
M2,1,nominal,simulate,B,,3311626281
M2,1,nominal,fit,A,choice_only,3792245197
M2,1,nominal,fit,A,M1,2625946383
M2,1,nominal,fit,A,M2,2956765774
M2,1,nominal,fit,A,M3,3788597331
M2,2,nominal,simulate,A,,318683467
M2,2,nominal,simulate,B,,1123198225
M2,2,nominal,fit,A,choice_only,3308164765
M2,2,nominal,fit,A,M1,1828884102
M2,2,nominal,fit,A,M2,3959065610
M2,2,nominal,fit,A,M3,681431046
M2,3,nominal,simulate,A,,1364556106
M2,3,nominal,simulate,B,,1521025607
M2,3,nominal,fit,A,choice_only,3138382654
M2,3,nominal,fit,A,M1,1833616866
M2,3,nominal,fit,A,M2,1881282050
M2,3,nominal,fit,A,M3,1923115134
M2,4,nominal,simulate,A,,2957051045
M2,4,nominal,simulate,B,,1787234187
M2,4,nominal,fit,A,choice_only,1057643313
M2,4,nominal,fit,A,M1,4021569531
M2,4,nominal,fit,A,M2,804387812
M2,4,nominal,fit,A,M3,4218913144
M2,5,nominal,simulate,A,,972467534
M2,5,nominal,simulate,B,,3899213832
M2,5,nominal,fit,A,choice_only,2613351850
M2,5,nominal,fit,A,M1,2699382647
M2,5,nominal,fit,A,M2,2606760123
M2,5,nominal,fit,A,M3,1551112993
M2,6,nominal,simulate,A,,3881039585
M2,6,nominal,simulate,B,,112886964
M2,6,nominal,fit,A,choice_only,3128769864
M2,6,nominal,fit,A,M1,462649767
M2,6,nominal,fit,A,M2,499317724
M2,6,nominal,fit,A,M3,1960864751
M2,7,nominal,simulate,A,,2639424105
M2,7,nominal,simulate,B,,533065168
M2,7,nominal,fit,A,choice_only,1215188689
M2,7,nominal,fit,A,M1,321124889
M2,7,nominal,fit,A,M2,3190139879
M2,7,nominal,fit,A,M3,1011439544
M2,8,nominal,simulate,A,,788837509
M2,8,nominal,simulate,B,,2806860186
M2,8,nominal,fit,A,choice_only,2881690899
M2,8,nominal,fit,A,M1,800344779
M2,8,nominal,fit,A,M2,2993768966
M2,8,nominal,fit,A,M3,2642234887
M2,9,nominal,simulate,A,,1235223467
M2,9,nominal,simulate,B,,4154568128
M2,9,nominal,fit,A,choice_only,127488675
M2,9,nominal,fit,A,M1,3168419743
M2,9,nominal,fit,A,M2,226830628
M2,9,nominal,fit,A,M3,1674122289
M2,10,nominal,simulate,A,,1910504429
M2,10,nominal,simulate,B,,772216041
M2,10,nominal,fit,A,choice_only,1991804760
M2,10,nominal,fit,A,M1,2982589939
M2,10,nominal,fit,A,M2,3562925519
M2,10,nominal,fit,A,M3,4286600540
M2,11,nominal,simulate,A,,2223332120
M2,11,nominal,simulate,B,,3780419361
M2,11,nominal,fit,A,choice_only,501726668
M2,11,nominal,fit,A,M1,4044181415
M2,11,nominal,fit,A,M2,2459778959
M2,11,nominal,fit,A,M3,1388409855
M2,12,nominal,simulate,A,,1738537876
M2,12,nominal,simulate,B,,1162561559
M2,12,nominal,fit,A,choice_only,1213631909
M2,12,nominal,fit,A,M1,190302138
M2,12,nominal,fit,A,M2,2993780699
M2,12,nominal,fit,A,M3,1637033109
M2,13,nominal,simulate,A,,1054021014
M2,13,nominal,simulate,B,,1631713660
M2,13,nominal,fit,A,choice_only,4049109134
M2,13,nominal,fit,A,M1,3810472369
M2,13,nominal,fit,A,M2,4237661106
M2,13,nominal,fit,A,M3,2649838971
M2,14,nominal,simulate,A,,997457767
M2,14,nominal,simulate,B,,3586794644
M2,14,nominal,fit,A,choice_only,2599519112
M2,14,nominal,fit,A,M1,3136979022
M2,14,nominal,fit,A,M2,3306097048
M2,14,nominal,fit,A,M3,3292638480
M2,15,nominal,simulate,A,,3981290895
M2,15,nominal,simulate,B,,560956952
M2,15,nominal,fit,A,choice_only,1625443857
M2,15,nominal,fit,A,M1,1099992648
M2,15,nominal,fit,A,M2,1812880028
M2,15,nominal,fit,A,M3,4182610938
M2,16,nominal,simulate,A,,254311425
M2,16,nominal,simulate,B,,3146722519
M2,16,nominal,fit,A,choice_only,2311522097
M2,16,nominal,fit,A,M1,2161803690
M2,16,nominal,fit,A,M2,1410939361
M2,16,nominal,fit,A,M3,3690669880
M2,17,nominal,simulate,A,,2644701630
M2,17,nominal,simulate,B,,997021952
M2,17,nominal,fit,A,choice_only,304351405
M2,17,nominal,fit,A,M1,2595542981
M2,17,nominal,fit,A,M2,3690492392
M2,17,nominal,fit,A,M3,3280903485
M2,18,nominal,simulate,A,,1755482797
M2,18,nominal,simulate,B,,1792754981
M2,18,nominal,fit,A,choice_only,1312583597
M2,18,nominal,fit,A,M1,312504388
M2,18,nominal,fit,A,M2,2758954922
M2,18,nominal,fit,A,M3,626443442
M2,19,nominal,simulate,A,,4221364808
M2,19,nominal,simulate,B,,1187432720
M2,19,nominal,fit,A,choice_only,3595030973
M2,19,nominal,fit,A,M1,1727725250
M2,19,nominal,fit,A,M2,3138020164
M2,19,nominal,fit,A,M3,1615286976
M2,20,nominal,simulate,A,,4025210609
M2,20,nominal,simulate,B,,1593470244
M2,20,nominal,fit,A,choice_only,1496484033
M2,20,nominal,fit,A,M1,3354590924
M2,20,nominal,fit,A,M2,3413455401
M2,20,nominal,fit,A,M3,3038140516
M2,21,nominal,simulate,A,,3376039174
M2,21,nominal,simulate,B,,2342159628
M2,21,nominal,fit,A,choice_only,641989039
M2,21,nominal,fit,A,M1,2920428485
M2,21,nominal,fit,A,M2,1988624827
M2,21,nominal,fit,A,M3,195341135
M2,22,nominal,simulate,A,,3566601260
M2,22,nominal,simulate,B,,734268974
M2,22,nominal,fit,A,choice_only,1918461897
M2,22,nominal,fit,A,M1,227670391
M2,22,nominal,fit,A,M2,1697314810
M2,22,nominal,fit,A,M3,306326482
M2,23,nominal,simulate,A,,1672442628
M2,23,nominal,simulate,B,,443393544
M2,23,nominal,fit,A,choice_only,3032934839
M2,23,nominal,fit,A,M1,103975470
M2,23,nominal,fit,A,M2,2417237034
M2,23,nominal,fit,A,M3,4163858372
M2,24,nominal,simulate,A,,161538199
M2,24,nominal,simulate,B,,1539244191
M2,24,nominal,fit,A,choice_only,4015930433
M2,24,nominal,fit,A,M1,3492240985
M2,24,nominal,fit,A,M2,3644103884
M2,24,nominal,fit,A,M3,799160847
M2,25,nominal,simulate,A,,117926100
M2,25,nominal,simulate,B,,3830029541
M2,25,nominal,fit,A,choice_only,1926690905
M2,25,nominal,fit,A,M1,2543240869
M2,25,nominal,fit,A,M2,1959449240
M2,25,nominal,fit,A,M3,131619610
M2,26,nominal,simulate,A,,97665987
M2,26,nominal,simulate,B,,2462860547
M2,26,nominal,fit,A,choice_only,663049741
M2,26,nominal,fit,A,M1,1337968296
M2,26,nominal,fit,A,M2,2649058586
M2,26,nominal,fit,A,M3,822370281
M2,27,nominal,simulate,A,,832807106
M2,27,nominal,simulate,B,,166656476
M2,27,nominal,fit,A,choice_only,114253569
M2,27,nominal,fit,A,M1,2887811731
M2,27,nominal,fit,A,M2,1826576929
M2,27,nominal,fit,A,M3,296682462
M2,28,nominal,simulate,A,,3377588724
M2,28,nominal,simulate,B,,691732752
M2,28,nominal,fit,A,choice_only,2148406723
M2,28,nominal,fit,A,M1,1458643158
M2,28,nominal,fit,A,M2,483361315
M2,28,nominal,fit,A,M3,3915867335
M2,29,nominal,simulate,A,,2576735695
M2,29,nominal,simulate,B,,2816867272
M2,29,nominal,fit,A,choice_only,2298917736
M2,29,nominal,fit,A,M1,2825188199
M2,29,nominal,fit,A,M2,1266980431
M2,29,nominal,fit,A,M3,950372981
M2,30,nominal,simulate,A,,1999065005
M2,30,nominal,simulate,B,,337595337
M2,30,nominal,fit,A,choice_only,2625164815
M2,30,nominal,fit,A,M1,1948909592
M2,30,nominal,fit,A,M2,51761652
M2,30,nominal,fit,A,M3,2371446923
M2,31,nominal,simulate,A,,3374878953
M2,31,nominal,simulate,B,,2163079241
M2,31,nominal,fit,A,choice_only,199853903
M2,31,nominal,fit,A,M1,236907907
M2,31,nominal,fit,A,M2,3973628605
M2,31,nominal,fit,A,M3,1082170390
M2,32,nominal,simulate,A,,3061605157
M2,32,nominal,simulate,B,,3933134958
M2,32,nominal,fit,A,choice_only,584149970
M2,32,nominal,fit,A,M1,3858853728
M2,32,nominal,fit,A,M2,3515163136
M2,32,nominal,fit,A,M3,357653880
M2,33,nominal,simulate,A,,155183429
M2,33,nominal,simulate,B,,308562292
M2,33,nominal,fit,A,choice_only,3473391711
M2,33,nominal,fit,A,M1,2782152380
M2,33,nominal,fit,A,M2,999566076
M2,33,nominal,fit,A,M3,1434466766
M2,34,nominal,simulate,A,,3905887551
M2,34,nominal,simulate,B,,922051016
M2,34,nominal,fit,A,choice_only,2840476909
M2,34,nominal,fit,A,M1,1168296744
M2,34,nominal,fit,A,M2,3026748173
M2,34,nominal,fit,A,M3,2369286179
M2,35,nominal,simulate,A,,3342755277
M2,35,nominal,simulate,B,,1760068494
M2,35,nominal,fit,A,choice_only,2321806811
M2,35,nominal,fit,A,M1,283443410
M2,35,nominal,fit,A,M2,983137085
M2,35,nominal,fit,A,M3,619451797
M2,36,nominal,simulate,A,,2561379100
M2,36,nominal,simulate,B,,1218333400
M2,36,nominal,fit,A,choice_only,613659737
M2,36,nominal,fit,A,M1,1165578761
M2,36,nominal,fit,A,M2,3132545648
M2,36,nominal,fit,A,M3,589524351
M2,37,nominal,simulate,A,,2825493832
M2,37,nominal,simulate,B,,1992299356
M2,37,nominal,fit,A,choice_only,872812133
M2,37,nominal,fit,A,M1,2361765715
M2,37,nominal,fit,A,M2,2881731157
M2,37,nominal,fit,A,M3,3930960120
M2,38,nominal,simulate,A,,1160500881
M2,38,nominal,simulate,B,,3087116084
M2,38,nominal,fit,A,choice_only,2352389661
M2,38,nominal,fit,A,M1,2647163681
M2,38,nominal,fit,A,M2,3208973342
M2,38,nominal,fit,A,M3,1418810642
M2,39,nominal,simulate,A,,4182616932
M2,39,nominal,simulate,B,,1824715531
M2,39,nominal,fit,A,choice_only,996526692
M2,39,nominal,fit,A,M1,1710859094
M2,39,nominal,fit,A,M2,485173837
M2,39,nominal,fit,A,M3,1708595407
M2,40,nominal,simulate,A,,3932858203
M2,40,nominal,simulate,B,,1608705803
M2,40,nominal,fit,A,choice_only,2568721896
M2,40,nominal,fit,A,M1,303268111
M2,40,nominal,fit,A,M2,1494241726
M2,40,nominal,fit,A,M3,1879535675
M2,41,nominal,simulate,A,,580505557
M2,41,nominal,simulate,B,,1711905529
M2,41,nominal,fit,A,choice_only,3614609935
M2,41,nominal,fit,A,M1,2740098018
M2,41,nominal,fit,A,M2,19540002
M2,41,nominal,fit,A,M3,4216505998
M2,42,nominal,simulate,A,,3806165177
M2,42,nominal,simulate,B,,3504042150
M2,42,nominal,fit,A,choice_only,4104740767
M2,42,nominal,fit,A,M1,2245896879
M2,42,nominal,fit,A,M2,1336367350
M2,42,nominal,fit,A,M3,477754941
M2,43,nominal,simulate,A,,3119458114
M2,43,nominal,simulate,B,,2929087450
M2,43,nominal,fit,A,choice_only,3567427032
M2,43,nominal,fit,A,M1,3615734682
M2,43,nominal,fit,A,M2,1727297989
M2,43,nominal,fit,A,M3,3104142556
M2,44,nominal,simulate,A,,2337845470
M2,44,nominal,simulate,B,,657662728
M2,44,nominal,fit,A,choice_only,2544628973
M2,44,nominal,fit,A,M1,4084610221
M2,44,nominal,fit,A,M2,2402105037
M2,44,nominal,fit,A,M3,1918692799
M2,45,nominal,simulate,A,,3988269966
M2,45,nominal,simulate,B,,2053752151
M2,45,nominal,fit,A,choice_only,4012049278
M2,45,nominal,fit,A,M1,1114653334
M2,45,nominal,fit,A,M2,3094473940
M2,45,nominal,fit,A,M3,2158165162
M2,46,nominal,simulate,A,,4247373366
M2,46,nominal,simulate,B,,3795951904
M2,46,nominal,fit,A,choice_only,567661311
M2,46,nominal,fit,A,M1,239801669
M2,46,nominal,fit,A,M2,2325237582
M2,46,nominal,fit,A,M3,3463688418
M2,47,nominal,simulate,A,,1511779627
M2,47,nominal,simulate,B,,1900188068
M2,47,nominal,fit,A,choice_only,3922568391
M2,47,nominal,fit,A,M1,1203400608
M2,47,nominal,fit,A,M2,1855151858
M2,47,nominal,fit,A,M3,2802873487
M2,48,nominal,simulate,A,,3820486757
M2,48,nominal,simulate,B,,864929974
M2,48,nominal,fit,A,choice_only,2650797315
M2,48,nominal,fit,A,M1,3799189925
M2,48,nominal,fit,A,M2,2242485945
M2,48,nominal,fit,A,M3,456072777
M2,49,nominal,simulate,A,,3925169653
M2,49,nominal,simulate,B,,374685851
M2,49,nominal,fit,A,choice_only,1453880628
M2,49,nominal,fit,A,M1,1752420687
M2,49,nominal,fit,A,M2,3740107720
M2,49,nominal,fit,A,M3,3430642974
M2,50,nominal,simulate,A,,2070148921
M2,50,nominal,simulate,B,,1504123289
M2,50,nominal,fit,A,choice_only,2769751913
M2,50,nominal,fit,A,M1,2218239810
M2,50,nominal,fit,A,M2,2490662709
M2,50,nominal,fit,A,M3,978544119
M2,51,nominal,simulate,A,,3912812506
M2,51,nominal,simulate,B,,270756688
M2,51,nominal,fit,A,choice_only,849104752
M2,51,nominal,fit,A,M1,3467950133
M2,51,nominal,fit,A,M2,515117807
M2,51,nominal,fit,A,M3,3373437999
M2,52,nominal,simulate,A,,814465762
M2,52,nominal,simulate,B,,843454277
M2,52,nominal,fit,A,choice_only,3472094211
M2,52,nominal,fit,A,M1,1949363850
M2,52,nominal,fit,A,M2,3262210552
M2,52,nominal,fit,A,M3,358513671
M2,53,nominal,simulate,A,,584761339
M2,53,nominal,simulate,B,,1617787802
M2,53,nominal,fit,A,choice_only,3176942050
M2,53,nominal,fit,A,M1,823896442
M2,53,nominal,fit,A,M2,2612400168
M2,53,nominal,fit,A,M3,4252408553
M2,54,nominal,simulate,A,,3376019045
M2,54,nominal,simulate,B,,3037334596
M2,54,nominal,fit,A,choice_only,1927721647
M2,54,nominal,fit,A,M1,3812318284
M2,54,nominal,fit,A,M2,3259475972
M2,54,nominal,fit,A,M3,1254391359
M2,55,nominal,simulate,A,,2254201846
M2,55,nominal,simulate,B,,2247317091
M2,55,nominal,fit,A,choice_only,410257758
M2,55,nominal,fit,A,M1,1676012772
M2,55,nominal,fit,A,M2,344096056
M2,55,nominal,fit,A,M3,1539048252
M2,56,nominal,simulate,A,,4165867966
M2,56,nominal,simulate,B,,1831361214
M2,56,nominal,fit,A,choice_only,2373223750
M2,56,nominal,fit,A,M1,1461626171
M2,56,nominal,fit,A,M2,3353425457
M2,56,nominal,fit,A,M3,2162618594
M2,57,nominal,simulate,A,,1600512568
M2,57,nominal,simulate,B,,3242886491
M2,57,nominal,fit,A,choice_only,3765880324
M2,57,nominal,fit,A,M1,4175433357
M2,57,nominal,fit,A,M2,3859676250
M2,57,nominal,fit,A,M3,1036501716
M2,58,nominal,simulate,A,,707551239
M2,58,nominal,simulate,B,,1662270869
M2,58,nominal,fit,A,choice_only,3128572280
M2,58,nominal,fit,A,M1,1178877397
M2,58,nominal,fit,A,M2,2400606169
M2,58,nominal,fit,A,M3,2187312477
M2,59,nominal,simulate,A,,3590987593
M2,59,nominal,simulate,B,,51122555
M2,59,nominal,fit,A,choice_only,1161602575
M2,59,nominal,fit,A,M1,239161508
M2,59,nominal,fit,A,M2,817387151
M2,59,nominal,fit,A,M3,3482019897
M2,60,nominal,simulate,A,,1984643832
M2,60,nominal,simulate,B,,1898600811
M2,60,nominal,fit,A,choice_only,3652536141
M2,60,nominal,fit,A,M1,2125143349
M2,60,nominal,fit,A,M2,72025370
M2,60,nominal,fit,A,M3,3632319472
M2,61,nominal,simulate,A,,3893697606
M2,61,nominal,simulate,B,,3375326361
M2,61,nominal,fit,A,choice_only,4189090681
M2,61,nominal,fit,A,M1,3310521796
M2,61,nominal,fit,A,M2,4171787360
M2,61,nominal,fit,A,M3,4010452819
M2,62,nominal,simulate,A,,1496405686
M2,62,nominal,simulate,B,,2791295401
M2,62,nominal,fit,A,choice_only,1812658872
M2,62,nominal,fit,A,M1,55940969
M2,62,nominal,fit,A,M2,4228347045
M2,62,nominal,fit,A,M3,2712672243
M2,63,nominal,simulate,A,,3505378116
M2,63,nominal,simulate,B,,2904021060
M2,63,nominal,fit,A,choice_only,430833660
M2,63,nominal,fit,A,M1,2948366342
M2,63,nominal,fit,A,M2,3322271627
M2,63,nominal,fit,A,M3,3675927846
M2,64,nominal,simulate,A,,880471799
M2,64,nominal,simulate,B,,1051741840
M2,64,nominal,fit,A,choice_only,1291988305
M2,64,nominal,fit,A,M1,932740735
M2,64,nominal,fit,A,M2,3286426253
M2,64,nominal,fit,A,M3,682213415
M2,65,nominal,simulate,A,,3919669883
M2,65,nominal,simulate,B,,1775236516
M2,65,nominal,fit,A,choice_only,1578450816
M2,65,nominal,fit,A,M1,529484251
M2,65,nominal,fit,A,M2,3439705001
M2,65,nominal,fit,A,M3,689903351
M2,66,nominal,simulate,A,,1073844746
M2,66,nominal,simulate,B,,1947716278
M2,66,nominal,fit,A,choice_only,2719105097
M2,66,nominal,fit,A,M1,1959302520
M2,66,nominal,fit,A,M2,3663633316
M2,66,nominal,fit,A,M3,35068007
M2,67,nominal,simulate,A,,781221893
M2,67,nominal,simulate,B,,1369035249
M2,67,nominal,fit,A,choice_only,785496016
M2,67,nominal,fit,A,M1,2953707797
M2,67,nominal,fit,A,M2,3750746584
M2,67,nominal,fit,A,M3,312203980
M2,68,nominal,simulate,A,,3459404238
M2,68,nominal,simulate,B,,3058507326
M2,68,nominal,fit,A,choice_only,1708070951
M2,68,nominal,fit,A,M1,1129287529
M2,68,nominal,fit,A,M2,2393017929
M2,68,nominal,fit,A,M3,1411885034
M2,69,nominal,simulate,A,,2732002292
M2,69,nominal,simulate,B,,1680132232
M2,69,nominal,fit,A,choice_only,3807469387
M2,69,nominal,fit,A,M1,3317637129
M2,69,nominal,fit,A,M2,1918391273
M2,69,nominal,fit,A,M3,1530274921
M2,70,nominal,simulate,A,,4041307976
M2,70,nominal,simulate,B,,1507706184
M2,70,nominal,fit,A,choice_only,1238924804
M2,70,nominal,fit,A,M1,2883359965
M2,70,nominal,fit,A,M2,901980220
M2,70,nominal,fit,A,M3,3165542135
M2,71,nominal,simulate,A,,4238590801
M2,71,nominal,simulate,B,,1923854568
M2,71,nominal,fit,A,choice_only,3981199126
M2,71,nominal,fit,A,M1,1732990997
M2,71,nominal,fit,A,M2,621004672
M2,71,nominal,fit,A,M3,1749762556
M2,72,nominal,simulate,A,,3487709962
M2,72,nominal,simulate,B,,3956174021
M2,72,nominal,fit,A,choice_only,656667216
M2,72,nominal,fit,A,M1,4220274863
M2,72,nominal,fit,A,M2,3364457679
M2,72,nominal,fit,A,M3,3864065621
M2,73,nominal,simulate,A,,1597533352
M2,73,nominal,simulate,B,,100158419
M2,73,nominal,fit,A,choice_only,349407536
M2,73,nominal,fit,A,M1,1711134576
M2,73,nominal,fit,A,M2,2976749909
M2,73,nominal,fit,A,M3,3423577510
M2,74,nominal,simulate,A,,1112590014
M2,74,nominal,simulate,B,,1615236777
M2,74,nominal,fit,A,choice_only,3171526982
M2,74,nominal,fit,A,M1,4075850657
M2,74,nominal,fit,A,M2,588192907
M2,74,nominal,fit,A,M3,516574142
M2,75,nominal,simulate,A,,2336491688
M2,75,nominal,simulate,B,,2471191690
M2,75,nominal,fit,A,choice_only,2684262589
M2,75,nominal,fit,A,M1,1442570015
M2,75,nominal,fit,A,M2,51553749
M2,75,nominal,fit,A,M3,394423474
M2,76,nominal,simulate,A,,1870670643
M2,76,nominal,simulate,B,,208427225
M2,76,nominal,fit,A,choice_only,2767898741
M2,76,nominal,fit,A,M1,36444789
M2,76,nominal,fit,A,M2,398346561
M2,76,nominal,fit,A,M3,3627577982
M2,77,nominal,simulate,A,,3785109275
M2,77,nominal,simulate,B,,2657855800
M2,77,nominal,fit,A,choice_only,3618654940
M2,77,nominal,fit,A,M1,3966209191
M2,77,nominal,fit,A,M2,4069558282
M2,77,nominal,fit,A,M3,413111034
M2,78,nominal,simulate,A,,149302383
M2,78,nominal,simulate,B,,4251951059
M2,78,nominal,fit,A,choice_only,1214765244
M2,78,nominal,fit,A,M1,148223607
M2,78,nominal,fit,A,M2,4058964190
M2,78,nominal,fit,A,M3,29027698
M2,79,nominal,simulate,A,,818053803
M2,79,nominal,simulate,B,,3269955626
M2,79,nominal,fit,A,choice_only,1516451434
M2,79,nominal,fit,A,M1,2577764200
M2,79,nominal,fit,A,M2,16681219
M2,79,nominal,fit,A,M3,2754928536
M2,80,nominal,simulate,A,,3614741981
M2,80,nominal,simulate,B,,3054411255
M2,80,nominal,fit,A,choice_only,1500681539
M2,80,nominal,fit,A,M1,2218787284
M2,80,nominal,fit,A,M2,1713360279
M2,80,nominal,fit,A,M3,2095536404
M2,81,nominal,simulate,A,,355213471
M2,81,nominal,simulate,B,,2986400517
M2,81,nominal,fit,A,choice_only,3843033335
M2,81,nominal,fit,A,M1,3758789463
M2,81,nominal,fit,A,M2,2614059838
M2,81,nominal,fit,A,M3,3765192037
M2,82,nominal,simulate,A,,2129783361
M2,82,nominal,simulate,B,,652414495
M2,82,nominal,fit,A,choice_only,3830968741
M2,82,nominal,fit,A,M1,1025986905
M2,82,nominal,fit,A,M2,816342113
M2,82,nominal,fit,A,M3,2459292734
M2,83,nominal,simulate,A,,3059873552
M2,83,nominal,simulate,B,,4073039352
M2,83,nominal,fit,A,choice_only,3269622418
M2,83,nominal,fit,A,M1,2623650157
M2,83,nominal,fit,A,M2,3223963261
M2,83,nominal,fit,A,M3,673958737
M2,84,nominal,simulate,A,,2960145641
M2,84,nominal,simulate,B,,1929693903
M2,84,nominal,fit,A,choice_only,2537772775
M2,84,nominal,fit,A,M1,492397849
M2,84,nominal,fit,A,M2,1141840706
M2,84,nominal,fit,A,M3,3827540764
M2,85,nominal,simulate,A,,3487036637
M2,85,nominal,simulate,B,,925769402
M2,85,nominal,fit,A,choice_only,1783479655
M2,85,nominal,fit,A,M1,2884185988
M2,85,nominal,fit,A,M2,1636956231
M2,85,nominal,fit,A,M3,926445040
M2,86,nominal,simulate,A,,574397575
M2,86,nominal,simulate,B,,238394832
M2,86,nominal,fit,A,choice_only,632861596
M2,86,nominal,fit,A,M1,2973084354
M2,86,nominal,fit,A,M2,270415513
M2,86,nominal,fit,A,M3,3843168709
M2,87,nominal,simulate,A,,896817139
M2,87,nominal,simulate,B,,496120915
M2,87,nominal,fit,A,choice_only,756119564
M2,87,nominal,fit,A,M1,2861544995
M2,87,nominal,fit,A,M2,879977823
M2,87,nominal,fit,A,M3,2416509285
M2,88,nominal,simulate,A,,483876501
M2,88,nominal,simulate,B,,319713750
M2,88,nominal,fit,A,choice_only,2789720179
M2,88,nominal,fit,A,M1,4087944521
M2,88,nominal,fit,A,M2,75913069
M2,88,nominal,fit,A,M3,3075424861
M2,89,nominal,simulate,A,,468755932
M2,89,nominal,simulate,B,,973505789
M2,89,nominal,fit,A,choice_only,756723265
M2,89,nominal,fit,A,M1,393426376
M2,89,nominal,fit,A,M2,3026460024
M2,89,nominal,fit,A,M3,2531149609
M2,90,nominal,simulate,A,,2929217982
M2,90,nominal,simulate,B,,3932480936
M2,90,nominal,fit,A,choice_only,1663377326
M2,90,nominal,fit,A,M1,2763897107
M2,90,nominal,fit,A,M2,4116853726
M2,90,nominal,fit,A,M3,3418088795
M2,91,nominal,simulate,A,,3418095416
M2,91,nominal,simulate,B,,1811579254
M2,91,nominal,fit,A,choice_only,3765123935
M2,91,nominal,fit,A,M1,2839436217
M2,91,nominal,fit,A,M2,3129893626
M2,91,nominal,fit,A,M3,629691206
M2,92,nominal,simulate,A,,3491309012
M2,92,nominal,simulate,B,,1141723548
M2,92,nominal,fit,A,choice_only,1566782825
M2,92,nominal,fit,A,M1,3559809588
M2,92,nominal,fit,A,M2,2351792079
M2,92,nominal,fit,A,M3,2864963266
M2,93,nominal,simulate,A,,990990382
M2,93,nominal,simulate,B,,2948114592
M2,93,nominal,fit,A,choice_only,2552809959
M2,93,nominal,fit,A,M1,3531322478
M2,93,nominal,fit,A,M2,425503704
M2,93,nominal,fit,A,M3,3029274768
M2,94,nominal,simulate,A,,466502003
M2,94,nominal,simulate,B,,4223751505
M2,94,nominal,fit,A,choice_only,865181255
M2,94,nominal,fit,A,M1,1222929285
M2,94,nominal,fit,A,M2,2232489027
M2,94,nominal,fit,A,M3,1236068194
M2,95,nominal,simulate,A,,4038014146
M2,95,nominal,simulate,B,,2724650832
M2,95,nominal,fit,A,choice_only,382710556
M2,95,nominal,fit,A,M1,3712271955
M2,95,nominal,fit,A,M2,2948413714
M2,95,nominal,fit,A,M3,3626306646
M2,96,nominal,simulate,A,,661313302
M2,96,nominal,simulate,B,,3270761956
M2,96,nominal,fit,A,choice_only,1342697858
M2,96,nominal,fit,A,M1,1509824547
M2,96,nominal,fit,A,M2,286740745
M2,96,nominal,fit,A,M3,3909590219
M2,97,nominal,simulate,A,,1793768484
M2,97,nominal,simulate,B,,2882296579
M2,97,nominal,fit,A,choice_only,2835446084
M2,97,nominal,fit,A,M1,547986610
M2,97,nominal,fit,A,M2,1138869537
M2,97,nominal,fit,A,M3,1166311931
M2,98,nominal,simulate,A,,150419228
M2,98,nominal,simulate,B,,4056724509
M2,98,nominal,fit,A,choice_only,86203533
M2,98,nominal,fit,A,M1,1058208343
M2,98,nominal,fit,A,M2,96630650
M2,98,nominal,fit,A,M3,4163753069
M2,99,nominal,simulate,A,,2209253631
M2,99,nominal,simulate,B,,2113556036
M2,99,nominal,fit,A,choice_only,1492491930
M2,99,nominal,fit,A,M1,2071612398
M2,99,nominal,fit,A,M2,4056727020
M2,99,nominal,fit,A,M3,3958205862
M2,100,nominal,simulate,A,,117968126
M2,100,nominal,simulate,B,,2883646418
M2,100,nominal,fit,A,choice_only,2693919182
M2,100,nominal,fit,A,M1,641121789
M2,100,nominal,fit,A,M2,898972421
M2,100,nominal,fit,A,M3,4154085582
M2,101,nominal,simulate,A,,589189373
M2,101,nominal,simulate,B,,3703187569
M2,101,nominal,fit,A,choice_only,1893793934
M2,101,nominal,fit,A,M1,1255285524
M2,101,nominal,fit,A,M2,3534907609
M2,101,nominal,fit,A,M3,3768006175
M2,102,nominal,simulate,A,,3086613519
M2,102,nominal,simulate,B,,320271275
M2,102,nominal,fit,A,choice_only,2624130091
M2,102,nominal,fit,A,M1,4264881671
M2,102,nominal,fit,A,M2,3881354746
M2,102,nominal,fit,A,M3,3666843321
M2,103,nominal,simulate,A,,3562717996
M2,103,nominal,simulate,B,,3013302664
M2,103,nominal,fit,A,choice_only,3936491424
M2,103,nominal,fit,A,M1,1560290450
M2,103,nominal,fit,A,M2,3207049392
M2,103,nominal,fit,A,M3,2568832305
M2,104,nominal,simulate,A,,4241159893
M2,104,nominal,simulate,B,,1944968482
M2,104,nominal,fit,A,choice_only,3321487497
M2,104,nominal,fit,A,M1,570117996
M2,104,nominal,fit,A,M2,947851073
M2,104,nominal,fit,A,M3,3073792815
M2,105,nominal,simulate,A,,782679455
M2,105,nominal,simulate,B,,2131522327
M2,105,nominal,fit,A,choice_only,1448185905
M2,105,nominal,fit,A,M1,4167817927
M2,105,nominal,fit,A,M2,3028692189
M2,105,nominal,fit,A,M3,4122161217
M2,106,nominal,simulate,A,,1175793471
M2,106,nominal,simulate,B,,391378979
M2,106,nominal,fit,A,choice_only,4263562188
M2,106,nominal,fit,A,M1,3858874450
M2,106,nominal,fit,A,M2,218671577
M2,106,nominal,fit,A,M3,483569459
M2,107,nominal,simulate,A,,2658274361
M2,107,nominal,simulate,B,,1376021287
M2,107,nominal,fit,A,choice_only,1160709749
M2,107,nominal,fit,A,M1,473489165
M2,107,nominal,fit,A,M2,4111021124
M2,107,nominal,fit,A,M3,3495606926
M2,108,nominal,simulate,A,,1848505025
M2,108,nominal,simulate,B,,2005423330
M2,108,nominal,fit,A,choice_only,147081839
M2,108,nominal,fit,A,M1,2348527274
M2,108,nominal,fit,A,M2,1524999492
M2,108,nominal,fit,A,M3,3415113390
M2,109,nominal,simulate,A,,44196307
M2,109,nominal,simulate,B,,3212674222
M2,109,nominal,fit,A,choice_only,4025349229
M2,109,nominal,fit,A,M1,522373643
M2,109,nominal,fit,A,M2,3292806765
M2,109,nominal,fit,A,M3,1709189579
M2,110,nominal,simulate,A,,651653291
M2,110,nominal,simulate,B,,2793789035
M2,110,nominal,fit,A,choice_only,833910577
M2,110,nominal,fit,A,M1,223567727
M2,110,nominal,fit,A,M2,2856258915
M2,110,nominal,fit,A,M3,1328467388
M2,111,nominal,simulate,A,,2788341719
M2,111,nominal,simulate,B,,3894359634
M2,111,nominal,fit,A,choice_only,3976355166
M2,111,nominal,fit,A,M1,3228818312
M2,111,nominal,fit,A,M2,3670006394
M2,111,nominal,fit,A,M3,1040745302
M2,112,nominal,simulate,A,,3580552304
M2,112,nominal,simulate,B,,350101709
M2,112,nominal,fit,A,choice_only,1847519977
M2,112,nominal,fit,A,M1,824466327
M2,112,nominal,fit,A,M2,655220992
M2,112,nominal,fit,A,M3,3199053914
M2,113,nominal,simulate,A,,2031903223
M2,113,nominal,simulate,B,,487013235
M2,113,nominal,fit,A,choice_only,2616302761
M2,113,nominal,fit,A,M1,3634680849
M2,113,nominal,fit,A,M2,463843807
M2,113,nominal,fit,A,M3,339155932
M2,114,nominal,simulate,A,,3061951151
M2,114,nominal,simulate,B,,2781399977
M2,114,nominal,fit,A,choice_only,1219717131
M2,114,nominal,fit,A,M1,1526553911
M2,114,nominal,fit,A,M2,1258468739
M2,114,nominal,fit,A,M3,4050881889
M2,115,nominal,simulate,A,,1743724813
M2,115,nominal,simulate,B,,1557348548
M2,115,nominal,fit,A,choice_only,1820213857
M2,115,nominal,fit,A,M1,25142409
M2,115,nominal,fit,A,M2,349166532
M2,115,nominal,fit,A,M3,1543425587
M2,116,nominal,simulate,A,,3451828312
M2,116,nominal,simulate,B,,2824435727
M2,116,nominal,fit,A,choice_only,713005470
M2,116,nominal,fit,A,M1,1329600165
M2,116,nominal,fit,A,M2,1100021711
M2,116,nominal,fit,A,M3,3093285543
M2,117,nominal,simulate,A,,4049381940
M2,117,nominal,simulate,B,,3049773582
M2,117,nominal,fit,A,choice_only,1571991245
M2,117,nominal,fit,A,M1,195750696
M2,117,nominal,fit,A,M2,2726229984
M2,117,nominal,fit,A,M3,217206376
M2,118,nominal,simulate,A,,2292475812
M2,118,nominal,simulate,B,,2555136775
M2,118,nominal,fit,A,choice_only,3968107334
M2,118,nominal,fit,A,M1,724991629
M2,118,nominal,fit,A,M2,3387100647
M2,118,nominal,fit,A,M3,249408774
M2,119,nominal,simulate,A,,70727020
M2,119,nominal,simulate,B,,2627770870
M2,119,nominal,fit,A,choice_only,1875201281
M2,119,nominal,fit,A,M1,716104916
M2,119,nominal,fit,A,M2,768224744
M2,119,nominal,fit,A,M3,298317026
M2,120,nominal,simulate,A,,4181951870
M2,120,nominal,simulate,B,,708245601
M2,120,nominal,fit,A,choice_only,707864005
M2,120,nominal,fit,A,M1,2933739642
M2,120,nominal,fit,A,M2,940862051
M2,120,nominal,fit,A,M3,2378079539
M2,121,nominal,simulate,A,,736400640
M2,121,nominal,simulate,B,,1113182512
M2,121,nominal,fit,A,choice_only,3415710405
M2,121,nominal,fit,A,M1,2137031616
M2,121,nominal,fit,A,M2,1589717976
M2,121,nominal,fit,A,M3,3166409086
M2,122,nominal,simulate,A,,275495188
M2,122,nominal,simulate,B,,4258549743
M2,122,nominal,fit,A,choice_only,1524447534
M2,122,nominal,fit,A,M1,4062237657
M2,122,nominal,fit,A,M2,722285634
M2,122,nominal,fit,A,M3,643675732
M2,123,nominal,simulate,A,,3131345324
M2,123,nominal,simulate,B,,1711443362
M2,123,nominal,fit,A,choice_only,1513651662
M2,123,nominal,fit,A,M1,826209922
M2,123,nominal,fit,A,M2,3782698537
M2,123,nominal,fit,A,M3,2026442165
M2,124,nominal,simulate,A,,704087406
M2,124,nominal,simulate,B,,2827100562
M2,124,nominal,fit,A,choice_only,570296704
M2,124,nominal,fit,A,M1,2622923109
M2,124,nominal,fit,A,M2,2990484738
M2,124,nominal,fit,A,M3,105184729
M2,125,nominal,simulate,A,,962947155
M2,125,nominal,simulate,B,,2638201730
M2,125,nominal,fit,A,choice_only,841310888
M2,125,nominal,fit,A,M1,696392329
M2,125,nominal,fit,A,M2,26584403
M2,125,nominal,fit,A,M3,2182158321
M2,126,nominal,simulate,A,,1196754035
M2,126,nominal,simulate,B,,1852102127
M2,126,nominal,fit,A,choice_only,3909546609
M2,126,nominal,fit,A,M1,2124328545
M2,126,nominal,fit,A,M2,1648743821
M2,126,nominal,fit,A,M3,2348664209
M2,127,nominal,simulate,A,,109559470
M2,127,nominal,simulate,B,,686020855
M2,127,nominal,fit,A,choice_only,1656926573
M2,127,nominal,fit,A,M1,2434218656
M2,127,nominal,fit,A,M2,2216987945
M2,127,nominal,fit,A,M3,3584710613
M2,128,nominal,simulate,A,,603077615
M2,128,nominal,simulate,B,,4206725469
M2,128,nominal,fit,A,choice_only,3048047553
M2,128,nominal,fit,A,M1,1748429585
M2,128,nominal,fit,A,M2,3301284023
M2,128,nominal,fit,A,M3,4814371
M2,129,nominal,simulate,A,,3384386211
M2,129,nominal,simulate,B,,831375291
M2,129,nominal,fit,A,choice_only,1765321790
M2,129,nominal,fit,A,M1,977129315
M2,129,nominal,fit,A,M2,3114228601
M2,129,nominal,fit,A,M3,1438015837
M2,130,nominal,simulate,A,,1552163272
M2,130,nominal,simulate,B,,3930428555
M2,130,nominal,fit,A,choice_only,89326269
M2,130,nominal,fit,A,M1,2201088380
M2,130,nominal,fit,A,M2,3351815038
M2,130,nominal,fit,A,M3,1141725081
M2,131,nominal,simulate,A,,1225718512
M2,131,nominal,simulate,B,,963496835
M2,131,nominal,fit,A,choice_only,360784642
M2,131,nominal,fit,A,M1,2274010698
M2,131,nominal,fit,A,M2,1117185167
M2,131,nominal,fit,A,M3,484829698
M2,132,nominal,simulate,A,,1919924540
M2,132,nominal,simulate,B,,3618871469
M2,132,nominal,fit,A,choice_only,2344774463
M2,132,nominal,fit,A,M1,3513229152
M2,132,nominal,fit,A,M2,1650560898
M2,132,nominal,fit,A,M3,816918063
M2,133,nominal,simulate,A,,2029504017
M2,133,nominal,simulate,B,,3254131680
M2,133,nominal,fit,A,choice_only,1211449771
M2,133,nominal,fit,A,M1,478379430
M2,133,nominal,fit,A,M2,4245490837
M2,133,nominal,fit,A,M3,2116404075
M2,134,nominal,simulate,A,,3968700995
M2,134,nominal,simulate,B,,71849426
M2,134,nominal,fit,A,choice_only,731958333
M2,134,nominal,fit,A,M1,1432157866
M2,134,nominal,fit,A,M2,381087275
M2,134,nominal,fit,A,M3,1836606315
M2,135,nominal,simulate,A,,1518575141
M2,135,nominal,simulate,B,,2394321222
M2,135,nominal,fit,A,choice_only,2650304318
M2,135,nominal,fit,A,M1,2269380400
M2,135,nominal,fit,A,M2,1241728984
M2,135,nominal,fit,A,M3,1326436586
M2,136,nominal,simulate,A,,4214378677
M2,136,nominal,simulate,B,,2173823259
M2,136,nominal,fit,A,choice_only,1694889216
M2,136,nominal,fit,A,M1,2914958754
M2,136,nominal,fit,A,M2,1275636257
M2,136,nominal,fit,A,M3,306256898
M2,137,nominal,simulate,A,,3333819438
M2,137,nominal,simulate,B,,1293938015
M2,137,nominal,fit,A,choice_only,1533626050
M2,137,nominal,fit,A,M1,2857556909
M2,137,nominal,fit,A,M2,4221873777
M2,137,nominal,fit,A,M3,4141896301
M2,138,nominal,simulate,A,,2425600214
M2,138,nominal,simulate,B,,2662518006
M2,138,nominal,fit,A,choice_only,1635510335
M2,138,nominal,fit,A,M1,4285865192
M2,138,nominal,fit,A,M2,3877882119
M2,138,nominal,fit,A,M3,801244978
M2,139,nominal,simulate,A,,3881369399
M2,139,nominal,simulate,B,,231071352
M2,139,nominal,fit,A,choice_only,2933729507
M2,139,nominal,fit,A,M1,4272929758
M2,139,nominal,fit,A,M2,3089761452
M2,139,nominal,fit,A,M3,1821050217
M2,140,nominal,simulate,A,,2032356706
M2,140,nominal,simulate,B,,4264808771
M2,140,nominal,fit,A,choice_only,1116316897
M2,140,nominal,fit,A,M1,1277740274
M2,140,nominal,fit,A,M2,1560671920
M2,140,nominal,fit,A,M3,343571361
M2,141,nominal,simulate,A,,1069184413
M2,141,nominal,simulate,B,,3808649567
M2,141,nominal,fit,A,choice_only,3294998377
M2,141,nominal,fit,A,M1,2963903217
M2,141,nominal,fit,A,M2,3900472912
M2,141,nominal,fit,A,M3,650613563
M2,142,nominal,simulate,A,,3680717072
M2,142,nominal,simulate,B,,3565698103
M2,142,nominal,fit,A,choice_only,1037592957
M2,142,nominal,fit,A,M1,1341642938
M2,142,nominal,fit,A,M2,499341287
M2,142,nominal,fit,A,M3,3537676795
M2,143,nominal,simulate,A,,2777610880
M2,143,nominal,simulate,B,,4129433264
M2,143,nominal,fit,A,choice_only,2766285857
M2,143,nominal,fit,A,M1,1807691411
M2,143,nominal,fit,A,M2,3096626588
M2,143,nominal,fit,A,M3,3287434116
M2,144,nominal,simulate,A,,392611760
M2,144,nominal,simulate,B,,3819365020
M2,144,nominal,fit,A,choice_only,2961976728
M2,144,nominal,fit,A,M1,2298380908
M2,144,nominal,fit,A,M2,3302774592
M2,144,nominal,fit,A,M3,67151509
M2,145,nominal,simulate,A,,1886361011
M2,145,nominal,simulate,B,,1447692752
M2,145,nominal,fit,A,choice_only,1415357283
M2,145,nominal,fit,A,M1,3483179531
M2,145,nominal,fit,A,M2,1753298726
M2,145,nominal,fit,A,M3,4012048125
M2,146,nominal,simulate,A,,1753249177
M2,146,nominal,simulate,B,,981400842
M2,146,nominal,fit,A,choice_only,4231326469
M2,146,nominal,fit,A,M1,222018724
M2,146,nominal,fit,A,M2,1768906570
M2,146,nominal,fit,A,M3,1846045907
M2,147,nominal,simulate,A,,3774784227
M2,147,nominal,simulate,B,,1517766063
M2,147,nominal,fit,A,choice_only,3750103451
M2,147,nominal,fit,A,M1,1842850918
M2,147,nominal,fit,A,M2,1965263778
M2,147,nominal,fit,A,M3,2190964516
M2,148,nominal,simulate,A,,1779787186
M2,148,nominal,simulate,B,,888167606
M2,148,nominal,fit,A,choice_only,391211337
M2,148,nominal,fit,A,M1,340515266
M2,148,nominal,fit,A,M2,98592183
M2,148,nominal,fit,A,M3,2929680089
M2,149,nominal,simulate,A,,3477619228
M2,149,nominal,simulate,B,,903024669
M2,149,nominal,fit,A,choice_only,2105975819
M2,149,nominal,fit,A,M1,1145283720
M2,149,nominal,fit,A,M2,2096411469
M2,149,nominal,fit,A,M3,1211034861
M2,150,nominal,simulate,A,,3925898853
M2,150,nominal,simulate,B,,2365132341
M2,150,nominal,fit,A,choice_only,898078177
M2,150,nominal,fit,A,M1,170744945
M2,150,nominal,fit,A,M2,587926899
M2,150,nominal,fit,A,M3,2615094177
M2,151,nominal,simulate,A,,4137392923
M2,151,nominal,simulate,B,,3904501458
M2,151,nominal,fit,A,choice_only,2247299820
M2,151,nominal,fit,A,M1,4237270475
M2,151,nominal,fit,A,M2,2647836940
M2,151,nominal,fit,A,M3,3569248047
M2,152,nominal,simulate,A,,1989254948
M2,152,nominal,simulate,B,,3353177874
M2,152,nominal,fit,A,choice_only,2474685345
M2,152,nominal,fit,A,M1,3713031604
M2,152,nominal,fit,A,M2,2432069979
M2,152,nominal,fit,A,M3,2288854445
M2,153,nominal,simulate,A,,16787061
M2,153,nominal,simulate,B,,2893228018
M2,153,nominal,fit,A,choice_only,1447103252
M2,153,nominal,fit,A,M1,3369960435
M2,153,nominal,fit,A,M2,582975325
M2,153,nominal,fit,A,M3,3150692922
M2,154,nominal,simulate,A,,1934851689
M2,154,nominal,simulate,B,,3474372971
M2,154,nominal,fit,A,choice_only,335971224
M2,154,nominal,fit,A,M1,1919670787
M2,154,nominal,fit,A,M2,594602189
M2,154,nominal,fit,A,M3,3363237592
M2,155,nominal,simulate,A,,1110369834
M2,155,nominal,simulate,B,,302999542
M2,155,nominal,fit,A,choice_only,3747965766
M2,155,nominal,fit,A,M1,691056748
M2,155,nominal,fit,A,M2,1590384930
M2,155,nominal,fit,A,M3,3512489116
M2,156,nominal,simulate,A,,2418132997
M2,156,nominal,simulate,B,,396842844
M2,156,nominal,fit,A,choice_only,2040030201
M2,156,nominal,fit,A,M1,1508558701
M2,156,nominal,fit,A,M2,406672835
M2,156,nominal,fit,A,M3,3599655511
M2,157,nominal,simulate,A,,815087362
M2,157,nominal,simulate,B,,1009443966
M2,157,nominal,fit,A,choice_only,1026621551
M2,157,nominal,fit,A,M1,3234989250
M2,157,nominal,fit,A,M2,2715563269
M2,157,nominal,fit,A,M3,2374074790
M2,158,nominal,simulate,A,,192523373
M2,158,nominal,simulate,B,,610870094
M2,158,nominal,fit,A,choice_only,12494085
M2,158,nominal,fit,A,M1,2140028748
M2,158,nominal,fit,A,M2,3388530009
M2,158,nominal,fit,A,M3,781354579
M2,159,nominal,simulate,A,,1120110268
M2,159,nominal,simulate,B,,4097274772
M2,159,nominal,fit,A,choice_only,1600085124
M2,159,nominal,fit,A,M1,4098641180
M2,159,nominal,fit,A,M2,507314401
M2,159,nominal,fit,A,M3,1275906578
M2,160,nominal,simulate,A,,35736160
M2,160,nominal,simulate,B,,1150945415
M2,160,nominal,fit,A,choice_only,84803291
M2,160,nominal,fit,A,M1,438930009
M2,160,nominal,fit,A,M2,3363449109
M2,160,nominal,fit,A,M3,598277900
M2,161,nominal,simulate,A,,1961248339
M2,161,nominal,simulate,B,,3509825356
M2,161,nominal,fit,A,choice_only,3915904729
M2,161,nominal,fit,A,M1,158862324
M2,161,nominal,fit,A,M2,3051484429
M2,161,nominal,fit,A,M3,4223699774
M2,162,nominal,simulate,A,,4151492172
M2,162,nominal,simulate,B,,526758094
M2,162,nominal,fit,A,choice_only,3415146158
M2,162,nominal,fit,A,M1,1236571119
M2,162,nominal,fit,A,M2,526619715
M2,162,nominal,fit,A,M3,3394523837
M2,163,nominal,simulate,A,,152472420
M2,163,nominal,simulate,B,,2343527259
M2,163,nominal,fit,A,choice_only,3950872162
M2,163,nominal,fit,A,M1,36409229
M2,163,nominal,fit,A,M2,684114915
M2,163,nominal,fit,A,M3,2816886672
M2,164,nominal,simulate,A,,3057470326
M2,164,nominal,simulate,B,,1628509590
M2,164,nominal,fit,A,choice_only,2464368284
M2,164,nominal,fit,A,M1,3520130229
M2,164,nominal,fit,A,M2,4162660070
M2,164,nominal,fit,A,M3,1930450496
M2,165,nominal,simulate,A,,3171653033
M2,165,nominal,simulate,B,,3721282885
M2,165,nominal,fit,A,choice_only,2396298532
M2,165,nominal,fit,A,M1,2027828181
M2,165,nominal,fit,A,M2,3992338297
M2,165,nominal,fit,A,M3,754376151
M2,166,nominal,simulate,A,,597644298
M2,166,nominal,simulate,B,,3900690567
M2,166,nominal,fit,A,choice_only,3158119587
M2,166,nominal,fit,A,M1,266996365
M2,166,nominal,fit,A,M2,3479201200
M2,166,nominal,fit,A,M3,392884021
M2,167,nominal,simulate,A,,3519181638
M2,167,nominal,simulate,B,,661919823
M2,167,nominal,fit,A,choice_only,4210335292
M2,167,nominal,fit,A,M1,1245282934
M2,167,nominal,fit,A,M2,1728096311
M2,167,nominal,fit,A,M3,3897715607
M2,168,nominal,simulate,A,,3020059605
M2,168,nominal,simulate,B,,1852858805
M2,168,nominal,fit,A,choice_only,169487544
M2,168,nominal,fit,A,M1,3871758281
M2,168,nominal,fit,A,M2,3492271659
M2,168,nominal,fit,A,M3,3771234135
M2,169,nominal,simulate,A,,326603051
M2,169,nominal,simulate,B,,1607774435
M2,169,nominal,fit,A,choice_only,143995489
M2,169,nominal,fit,A,M1,1903533324
M2,169,nominal,fit,A,M2,3723305209
M2,169,nominal,fit,A,M3,2798182967
M2,170,nominal,simulate,A,,3799020107
M2,170,nominal,simulate,B,,2617445218
M2,170,nominal,fit,A,choice_only,207173119
M2,170,nominal,fit,A,M1,1286924497
M2,170,nominal,fit,A,M2,3777965014
M2,170,nominal,fit,A,M3,3309132869
M2,171,nominal,simulate,A,,2423751642
M2,171,nominal,simulate,B,,3055250155
M2,171,nominal,fit,A,choice_only,790202333
M2,171,nominal,fit,A,M1,377294047
M2,171,nominal,fit,A,M2,3915926165
M2,171,nominal,fit,A,M3,2879816758
M2,172,nominal,simulate,A,,1931583508
M2,172,nominal,simulate,B,,384270136
M2,172,nominal,fit,A,choice_only,1406951597
M2,172,nominal,fit,A,M1,213124003
M2,172,nominal,fit,A,M2,400588131
M2,172,nominal,fit,A,M3,2703979608
M2,173,nominal,simulate,A,,2407424431
M2,173,nominal,simulate,B,,129306609
M2,173,nominal,fit,A,choice_only,3439157759
M2,173,nominal,fit,A,M1,3831110851
M2,173,nominal,fit,A,M2,1397470562
M2,173,nominal,fit,A,M3,2607127579
M2,174,nominal,simulate,A,,2898681768
M2,174,nominal,simulate,B,,190606589
M2,174,nominal,fit,A,choice_only,1292736921
M2,174,nominal,fit,A,M1,2234353819
M2,174,nominal,fit,A,M2,734120245
M2,174,nominal,fit,A,M3,1359951295
M2,175,nominal,simulate,A,,2330777323
M2,175,nominal,simulate,B,,3823859125
M2,175,nominal,fit,A,choice_only,4211647771
M2,175,nominal,fit,A,M1,3223695795
M2,175,nominal,fit,A,M2,2800697218
M2,175,nominal,fit,A,M3,1138852157
M2,176,nominal,simulate,A,,4195449497
M2,176,nominal,simulate,B,,3830526621
M2,176,nominal,fit,A,choice_only,3834214652
M2,176,nominal,fit,A,M1,2564381381
M2,176,nominal,fit,A,M2,929691141
M2,176,nominal,fit,A,M3,2729542170
M2,177,nominal,simulate,A,,1124981612
M2,177,nominal,simulate,B,,3395105779
M2,177,nominal,fit,A,choice_only,2787702691
M2,177,nominal,fit,A,M1,1175476755
M2,177,nominal,fit,A,M2,225712535
M2,177,nominal,fit,A,M3,1915141650
M2,178,nominal,simulate,A,,3733566091
M2,178,nominal,simulate,B,,1525964207
M2,178,nominal,fit,A,choice_only,984517319
M2,178,nominal,fit,A,M1,1125728795
M2,178,nominal,fit,A,M2,2927947334
M2,178,nominal,fit,A,M3,2045308683
M2,179,nominal,simulate,A,,1693639027
M2,179,nominal,simulate,B,,4015133862
M2,179,nominal,fit,A,choice_only,2981370560
M2,179,nominal,fit,A,M1,2254873427
M2,179,nominal,fit,A,M2,734250957
M2,179,nominal,fit,A,M3,269527696
M2,180,nominal,simulate,A,,2954811383
M2,180,nominal,simulate,B,,3326954668
M2,180,nominal,fit,A,choice_only,1836933595
M2,180,nominal,fit,A,M1,2698250205
M2,180,nominal,fit,A,M2,66897608
M2,180,nominal,fit,A,M3,4144045608
M2,181,nominal,simulate,A,,1164856992
M2,181,nominal,simulate,B,,122017173
M2,181,nominal,fit,A,choice_only,3232578876
M2,181,nominal,fit,A,M1,3560462727
M2,181,nominal,fit,A,M2,1524576034
M2,181,nominal,fit,A,M3,2059114300
M2,182,nominal,simulate,A,,3189029731
M2,182,nominal,simulate,B,,3006962464
M2,182,nominal,fit,A,choice_only,517503191
M2,182,nominal,fit,A,M1,3007201639
M2,182,nominal,fit,A,M2,2708350255
M2,182,nominal,fit,A,M3,445653388
M2,183,nominal,simulate,A,,3096069490
M2,183,nominal,simulate,B,,1166361883
M2,183,nominal,fit,A,choice_only,3133924865
M2,183,nominal,fit,A,M1,2629916756
M2,183,nominal,fit,A,M2,1803930851
M2,183,nominal,fit,A,M3,4252366975
M2,184,nominal,simulate,A,,2723153496
M2,184,nominal,simulate,B,,447546026
M2,184,nominal,fit,A,choice_only,90065738
M2,184,nominal,fit,A,M1,3829833293
M2,184,nominal,fit,A,M2,1405635786
M2,184,nominal,fit,A,M3,4073283982
M2,185,nominal,simulate,A,,1348595380
M2,185,nominal,simulate,B,,287316817
M2,185,nominal,fit,A,choice_only,2962537587
M2,185,nominal,fit,A,M1,3188446749
M2,185,nominal,fit,A,M2,747879175
M2,185,nominal,fit,A,M3,2115766660
M2,186,nominal,simulate,A,,870944899
M2,186,nominal,simulate,B,,2870267662
M2,186,nominal,fit,A,choice_only,3706529335
M2,186,nominal,fit,A,M1,1175421673
M2,186,nominal,fit,A,M2,656805722
M2,186,nominal,fit,A,M3,1064189112
M2,187,nominal,simulate,A,,1886699210
M2,187,nominal,simulate,B,,3219200300
M2,187,nominal,fit,A,choice_only,2558836678
M2,187,nominal,fit,A,M1,2911732275
M2,187,nominal,fit,A,M2,1759724787
M2,187,nominal,fit,A,M3,3592577911
M2,188,nominal,simulate,A,,751420079
M2,188,nominal,simulate,B,,2463731593
M2,188,nominal,fit,A,choice_only,3603079624
M2,188,nominal,fit,A,M1,2409392355
M2,188,nominal,fit,A,M2,3322255944
M2,188,nominal,fit,A,M3,1155302982
M2,189,nominal,simulate,A,,1009561996
M2,189,nominal,simulate,B,,785092500
M2,189,nominal,fit,A,choice_only,1146742230
M2,189,nominal,fit,A,M1,1540817830
M2,189,nominal,fit,A,M2,4070161784
M2,189,nominal,fit,A,M3,2740962396
M2,190,nominal,simulate,A,,1378087869
M2,190,nominal,simulate,B,,2985999027
M2,190,nominal,fit,A,choice_only,1125360804
M2,190,nominal,fit,A,M1,1165672972
M2,190,nominal,fit,A,M2,219617253
M2,190,nominal,fit,A,M3,4188124060
M2,191,nominal,simulate,A,,590720259
M2,191,nominal,simulate,B,,3548101995
M2,191,nominal,fit,A,choice_only,703235675
M2,191,nominal,fit,A,M1,953940027
M2,191,nominal,fit,A,M2,3437977655
M2,191,nominal,fit,A,M3,3313587039
M2,192,nominal,simulate,A,,4117297128
M2,192,nominal,simulate,B,,3490680153
M2,192,nominal,fit,A,choice_only,3780388472
M2,192,nominal,fit,A,M1,1459486926
M2,192,nominal,fit,A,M2,408524872
M2,192,nominal,fit,A,M3,1316650625
M2,193,nominal,simulate,A,,471406577
M2,193,nominal,simulate,B,,435069375
M2,193,nominal,fit,A,choice_only,1468766861
M2,193,nominal,fit,A,M1,761511083
M2,193,nominal,fit,A,M2,1398559589
M2,193,nominal,fit,A,M3,2985386394
M2,194,nominal,simulate,A,,3240191974
M2,194,nominal,simulate,B,,2406594334
M2,194,nominal,fit,A,choice_only,1470365099
M2,194,nominal,fit,A,M1,1015384049
M2,194,nominal,fit,A,M2,222695494
M2,194,nominal,fit,A,M3,556396200
M2,195,nominal,simulate,A,,4173771044
M2,195,nominal,simulate,B,,552849647
M2,195,nominal,fit,A,choice_only,3789009946
M2,195,nominal,fit,A,M1,2991889550
M2,195,nominal,fit,A,M2,1814948511
M2,195,nominal,fit,A,M3,3876878042
M2,196,nominal,simulate,A,,3216155438
M2,196,nominal,simulate,B,,2161166024
M2,196,nominal,fit,A,choice_only,1910709001
M2,196,nominal,fit,A,M1,245248357
M2,196,nominal,fit,A,M2,1449930534
M2,196,nominal,fit,A,M3,3526082989
M2,197,nominal,simulate,A,,764246767
M2,197,nominal,simulate,B,,3861190276
M2,197,nominal,fit,A,choice_only,1835976707
M2,197,nominal,fit,A,M1,2951121124
M2,197,nominal,fit,A,M2,1448045005
M2,197,nominal,fit,A,M3,746488957
M2,198,nominal,simulate,A,,1615468982
M2,198,nominal,simulate,B,,292741356
M2,198,nominal,fit,A,choice_only,642194357
M2,198,nominal,fit,A,M1,1527638917
M2,198,nominal,fit,A,M2,3198943538
M2,198,nominal,fit,A,M3,595146271
M2,199,nominal,simulate,A,,2089440594
M2,199,nominal,simulate,B,,1595736502
M2,199,nominal,fit,A,choice_only,3651449212
M2,199,nominal,fit,A,M1,3621250562
M2,199,nominal,fit,A,M2,136455081
M2,199,nominal,fit,A,M3,2475406657
M2,0,stress,simulate,A,,1657393553
M2,0,stress,simulate,B,,3466525392
M2,0,stress,fit,A,choice_only,4157139509
M2,0,stress,fit,A,M1,1045751202
M2,0,stress,fit,A,M2,4226977747
M2,0,stress,fit,A,M3,2270525127
M2,1,stress,simulate,A,,920020432
M2,1,stress,simulate,B,,1558778874
M2,1,stress,fit,A,choice_only,472171096
M2,1,stress,fit,A,M1,1223496450
M2,1,stress,fit,A,M2,673197429
M2,1,stress,fit,A,M3,3148059038
M2,2,stress,simulate,A,,1912719110
M2,2,stress,simulate,B,,1063929755
M2,2,stress,fit,A,choice_only,4233897858
M2,2,stress,fit,A,M1,3868058202
M2,2,stress,fit,A,M2,4186095615
M2,2,stress,fit,A,M3,2458283131
M2,3,stress,simulate,A,,1080899307
M2,3,stress,simulate,B,,103865553
M2,3,stress,fit,A,choice_only,21189933
M2,3,stress,fit,A,M1,3149520479
M2,3,stress,fit,A,M2,3288379277
M2,3,stress,fit,A,M3,2632027662
M2,4,stress,simulate,A,,1955940978
M2,4,stress,simulate,B,,1301761704
M2,4,stress,fit,A,choice_only,1319714369
M2,4,stress,fit,A,M1,2586753624
M2,4,stress,fit,A,M2,2711619111
M2,4,stress,fit,A,M3,42515630
M2,5,stress,simulate,A,,1274191531
M2,5,stress,simulate,B,,4142149632
M2,5,stress,fit,A,choice_only,1689240187
M2,5,stress,fit,A,M1,855141421
M2,5,stress,fit,A,M2,156414537
M2,5,stress,fit,A,M3,4173212249
M2,6,stress,simulate,A,,1176723046
M2,6,stress,simulate,B,,3129421719
M2,6,stress,fit,A,choice_only,4286172217
M2,6,stress,fit,A,M1,1756669777
M2,6,stress,fit,A,M2,1443483289
M2,6,stress,fit,A,M3,1807025294
M2,7,stress,simulate,A,,4051733311
M2,7,stress,simulate,B,,2691108503
M2,7,stress,fit,A,choice_only,3832438103
M2,7,stress,fit,A,M1,1600181285
M2,7,stress,fit,A,M2,1226541661
M2,7,stress,fit,A,M3,1309233172
M2,8,stress,simulate,A,,3192435538
M2,8,stress,simulate,B,,1170782185
M2,8,stress,fit,A,choice_only,2105002651
M2,8,stress,fit,A,M1,945671194
M2,8,stress,fit,A,M2,3999474276
M2,8,stress,fit,A,M3,3609705578
M2,9,stress,simulate,A,,3289499504
M2,9,stress,simulate,B,,2334694877
M2,9,stress,fit,A,choice_only,1865187736
M2,9,stress,fit,A,M1,1443699476
M2,9,stress,fit,A,M2,1280802845
M2,9,stress,fit,A,M3,1410006525
M2,10,stress,simulate,A,,2001162434
M2,10,stress,simulate,B,,562174091
M2,10,stress,fit,A,choice_only,147829959
M2,10,stress,fit,A,M1,3517329415
M2,10,stress,fit,A,M2,612946711
M2,10,stress,fit,A,M3,4267299431
M2,11,stress,simulate,A,,3217306682
M2,11,stress,simulate,B,,3262965077
M2,11,stress,fit,A,choice_only,1554897637
M2,11,stress,fit,A,M1,100287847
M2,11,stress,fit,A,M2,1519212774
M2,11,stress,fit,A,M3,4104672243
M2,12,stress,simulate,A,,3646192101
M2,12,stress,simulate,B,,3726642898
M2,12,stress,fit,A,choice_only,2058251107
M2,12,stress,fit,A,M1,560711757
M2,12,stress,fit,A,M2,649629633
M2,12,stress,fit,A,M3,3837040356
M2,13,stress,simulate,A,,210533736
M2,13,stress,simulate,B,,3434409821
M2,13,stress,fit,A,choice_only,195680982
M2,13,stress,fit,A,M1,3429783382
M2,13,stress,fit,A,M2,628665554
M2,13,stress,fit,A,M3,1057138141
M2,14,stress,simulate,A,,3425075879
M2,14,stress,simulate,B,,3103505237
M2,14,stress,fit,A,choice_only,1778078195
M2,14,stress,fit,A,M1,3195465601
M2,14,stress,fit,A,M2,3207557907
M2,14,stress,fit,A,M3,3958143316
M2,15,stress,simulate,A,,705205268
M2,15,stress,simulate,B,,1389777402
M2,15,stress,fit,A,choice_only,1314661678
M2,15,stress,fit,A,M1,282130705
M2,15,stress,fit,A,M2,556588922
M2,15,stress,fit,A,M3,487935467
M2,16,stress,simulate,A,,2709378359
M2,16,stress,simulate,B,,3885189700
M2,16,stress,fit,A,choice_only,68892766
M2,16,stress,fit,A,M1,72287808
M2,16,stress,fit,A,M2,2690702818
M2,16,stress,fit,A,M3,2709115193
M2,17,stress,simulate,A,,4278913092
M2,17,stress,simulate,B,,3281179589
M2,17,stress,fit,A,choice_only,4063610466
M2,17,stress,fit,A,M1,1069838962
M2,17,stress,fit,A,M2,2324925817
M2,17,stress,fit,A,M3,3717646343
M2,18,stress,simulate,A,,3120776235
M2,18,stress,simulate,B,,2632293846
M2,18,stress,fit,A,choice_only,3863872694
M2,18,stress,fit,A,M1,570315172
M2,18,stress,fit,A,M2,2114340236
M2,18,stress,fit,A,M3,1015369428
M2,19,stress,simulate,A,,1209710167
M2,19,stress,simulate,B,,1744246293
M2,19,stress,fit,A,choice_only,2317222251
M2,19,stress,fit,A,M1,1741416757
M2,19,stress,fit,A,M2,2420602796
M2,19,stress,fit,A,M3,1481688471
M2,20,stress,simulate,A,,3622068582
M2,20,stress,simulate,B,,3987669149
M2,20,stress,fit,A,choice_only,2790870341
M2,20,stress,fit,A,M1,2532561619
M2,20,stress,fit,A,M2,1551562152
M2,20,stress,fit,A,M3,3929956625
M2,21,stress,simulate,A,,3823002103
M2,21,stress,simulate,B,,1413156331
M2,21,stress,fit,A,choice_only,3525869351
M2,21,stress,fit,A,M1,702291216
M2,21,stress,fit,A,M2,3354978386
M2,21,stress,fit,A,M3,231581843
M2,22,stress,simulate,A,,527005496
M2,22,stress,simulate,B,,1975832693
M2,22,stress,fit,A,choice_only,3229367768
M2,22,stress,fit,A,M1,3394310876
M2,22,stress,fit,A,M2,2704654478
M2,22,stress,fit,A,M3,3219353428
M2,23,stress,simulate,A,,2520132891
M2,23,stress,simulate,B,,3476707696
M2,23,stress,fit,A,choice_only,2912876027
M2,23,stress,fit,A,M1,245985733
M2,23,stress,fit,A,M2,4122258988
M2,23,stress,fit,A,M3,2204348260
M2,24,stress,simulate,A,,4182002607
M2,24,stress,simulate,B,,712954829
M2,24,stress,fit,A,choice_only,3490388429
M2,24,stress,fit,A,M1,4197866319
M2,24,stress,fit,A,M2,2408260174
M2,24,stress,fit,A,M3,3254143090
M2,25,stress,simulate,A,,1729419891
M2,25,stress,simulate,B,,3958697157
M2,25,stress,fit,A,choice_only,3684590408
M2,25,stress,fit,A,M1,3832173029
M2,25,stress,fit,A,M2,2304174627
M2,25,stress,fit,A,M3,1760230308
M2,26,stress,simulate,A,,3387369241
M2,26,stress,simulate,B,,3607110344
M2,26,stress,fit,A,choice_only,2726379850
M2,26,stress,fit,A,M1,233984576
M2,26,stress,fit,A,M2,3843192159
M2,26,stress,fit,A,M3,2177197028
M2,27,stress,simulate,A,,1843300531
M2,27,stress,simulate,B,,1116488716
M2,27,stress,fit,A,choice_only,2503511644
M2,27,stress,fit,A,M1,3674736836
M2,27,stress,fit,A,M2,1607093021
M2,27,stress,fit,A,M3,2762005898
M2,28,stress,simulate,A,,2981032392
M2,28,stress,simulate,B,,3017907807
M2,28,stress,fit,A,choice_only,2093387833
M2,28,stress,fit,A,M1,2764541936
M2,28,stress,fit,A,M2,3583018617
M2,28,stress,fit,A,M3,877684349
M2,29,stress,simulate,A,,1933249539
M2,29,stress,simulate,B,,2436934914
M2,29,stress,fit,A,choice_only,2556367740
M2,29,stress,fit,A,M1,1646021423
M2,29,stress,fit,A,M2,611343044
M2,29,stress,fit,A,M3,2081037159
M2,30,stress,simulate,A,,4129559600
M2,30,stress,simulate,B,,1127935640
M2,30,stress,fit,A,choice_only,2493978669
M2,30,stress,fit,A,M1,1380781052
M2,30,stress,fit,A,M2,166380527
M2,30,stress,fit,A,M3,2542758191
M2,31,stress,simulate,A,,4037368548
M2,31,stress,simulate,B,,3315268650
M2,31,stress,fit,A,choice_only,1990450997
M2,31,stress,fit,A,M1,164632246
M2,31,stress,fit,A,M2,3904574624
M2,31,stress,fit,A,M3,2008510182
M2,32,stress,simulate,A,,3669840950
M2,32,stress,simulate,B,,2593627937
M2,32,stress,fit,A,choice_only,2313668246
M2,32,stress,fit,A,M1,1187764961
M2,32,stress,fit,A,M2,2864152108
M2,32,stress,fit,A,M3,149546853
M2,33,stress,simulate,A,,2122956986
M2,33,stress,simulate,B,,3022997969
M2,33,stress,fit,A,choice_only,631147454
M2,33,stress,fit,A,M1,888057936
M2,33,stress,fit,A,M2,2193200003
M2,33,stress,fit,A,M3,192136803
M2,34,stress,simulate,A,,766373384
M2,34,stress,simulate,B,,1485338869
M2,34,stress,fit,A,choice_only,4093926398
M2,34,stress,fit,A,M1,1102412983
M2,34,stress,fit,A,M2,823101770
M2,34,stress,fit,A,M3,1834333722
M2,35,stress,simulate,A,,3209792365
M2,35,stress,simulate,B,,1971492726
M2,35,stress,fit,A,choice_only,3694378642
M2,35,stress,fit,A,M1,1195037211
M2,35,stress,fit,A,M2,4131231092
M2,35,stress,fit,A,M3,3321271399
M2,36,stress,simulate,A,,2917399108
M2,36,stress,simulate,B,,4287207114
M2,36,stress,fit,A,choice_only,685487633
M2,36,stress,fit,A,M1,591372749
M2,36,stress,fit,A,M2,1267172704
M2,36,stress,fit,A,M3,1772608964
M2,37,stress,simulate,A,,3902083346
M2,37,stress,simulate,B,,1828198011
M2,37,stress,fit,A,choice_only,2439510883
M2,37,stress,fit,A,M1,3543154803
M2,37,stress,fit,A,M2,1839465259
M2,37,stress,fit,A,M3,4020131723
M2,38,stress,simulate,A,,991002952
M2,38,stress,simulate,B,,2751683441
M2,38,stress,fit,A,choice_only,391308567
M2,38,stress,fit,A,M1,3511697158
M2,38,stress,fit,A,M2,3142194120
M2,38,stress,fit,A,M3,3344477727
M2,39,stress,simulate,A,,146404035
M2,39,stress,simulate,B,,383137153
M2,39,stress,fit,A,choice_only,3515214814
M2,39,stress,fit,A,M1,1645253577
M2,39,stress,fit,A,M2,2528089000
M2,39,stress,fit,A,M3,3708594147
M2,40,stress,simulate,A,,660214080
M2,40,stress,simulate,B,,3808371706
M2,40,stress,fit,A,choice_only,3577539880
M2,40,stress,fit,A,M1,2901675319
M2,40,stress,fit,A,M2,765272073
M2,40,stress,fit,A,M3,1991336525
M2,41,stress,simulate,A,,1387700136
M2,41,stress,simulate,B,,1581368769
M2,41,stress,fit,A,choice_only,377833460
M2,41,stress,fit,A,M1,3845880651
M2,41,stress,fit,A,M2,1365813846
M2,41,stress,fit,A,M3,4208362271
M2,42,stress,simulate,A,,3158506517
M2,42,stress,simulate,B,,2508562735
M2,42,stress,fit,A,choice_only,789547589
M2,42,stress,fit,A,M1,198618322
M2,42,stress,fit,A,M2,2433552595
M2,42,stress,fit,A,M3,2626767173
M2,43,stress,simulate,A,,1046072597
M2,43,stress,simulate,B,,2967151192
M2,43,stress,fit,A,choice_only,3185559068
M2,43,stress,fit,A,M1,3409701533
M2,43,stress,fit,A,M2,3652219970
M2,43,stress,fit,A,M3,1728880099
M2,44,stress,simulate,A,,4112833615
M2,44,stress,simulate,B,,2350915713
M2,44,stress,fit,A,choice_only,1957797298
M2,44,stress,fit,A,M1,829781638
M2,44,stress,fit,A,M2,1029709017
M2,44,stress,fit,A,M3,2485321256
M2,45,stress,simulate,A,,116706695
M2,45,stress,simulate,B,,4115894181
M2,45,stress,fit,A,choice_only,1729094606
M2,45,stress,fit,A,M1,3191144262
M2,45,stress,fit,A,M2,2600185479
M2,45,stress,fit,A,M3,2629082984
M2,46,stress,simulate,A,,3529041466
M2,46,stress,simulate,B,,2134471901
M2,46,stress,fit,A,choice_only,373436700
M2,46,stress,fit,A,M1,1050488915
M2,46,stress,fit,A,M2,3899933379
M2,46,stress,fit,A,M3,3765253640
M2,47,stress,simulate,A,,467929083
M2,47,stress,simulate,B,,3181457985
M2,47,stress,fit,A,choice_only,3843261331
M2,47,stress,fit,A,M1,1038492783
M2,47,stress,fit,A,M2,1022525505
M2,47,stress,fit,A,M3,2538785752
M2,48,stress,simulate,A,,4248135772
M2,48,stress,simulate,B,,4144839240
M2,48,stress,fit,A,choice_only,3923515316
M2,48,stress,fit,A,M1,332016015
M2,48,stress,fit,A,M2,115094044
M2,48,stress,fit,A,M3,1462524709
M2,49,stress,simulate,A,,201727620
M2,49,stress,simulate,B,,4124573605
M2,49,stress,fit,A,choice_only,1568391675
M2,49,stress,fit,A,M1,4287130750
M2,49,stress,fit,A,M2,3059331743
M2,49,stress,fit,A,M3,486772805
M3,0,nominal,simulate,A,,2514774436
M3,0,nominal,simulate,B,,3326050183
M3,0,nominal,fit,A,choice_only,3631889538
M3,0,nominal,fit,A,M1,1047791604
M3,0,nominal,fit,A,M2,3560567532
M3,0,nominal,fit,A,M3,1319808958
M3,1,nominal,simulate,A,,3357169771
M3,1,nominal,simulate,B,,2018910530
M3,1,nominal,fit,A,choice_only,470419475
M3,1,nominal,fit,A,M1,3443166924
M3,1,nominal,fit,A,M2,3190009437
M3,1,nominal,fit,A,M3,2162135056
M3,2,nominal,simulate,A,,1654217719
M3,2,nominal,simulate,B,,1084521694
M3,2,nominal,fit,A,choice_only,1995232798
M3,2,nominal,fit,A,M1,3812966332
M3,2,nominal,fit,A,M2,2549610228
M3,2,nominal,fit,A,M3,1601902777
M3,3,nominal,simulate,A,,1874451804
M3,3,nominal,simulate,B,,1432566041
M3,3,nominal,fit,A,choice_only,433924783
M3,3,nominal,fit,A,M1,3852090466
M3,3,nominal,fit,A,M2,3189109614
M3,3,nominal,fit,A,M3,515983223
M3,4,nominal,simulate,A,,3443223340
M3,4,nominal,simulate,B,,2383371943
M3,4,nominal,fit,A,choice_only,37042356
M3,4,nominal,fit,A,M1,1052105607
M3,4,nominal,fit,A,M2,1658528489
M3,4,nominal,fit,A,M3,576579288
M3,5,nominal,simulate,A,,4076203280
M3,5,nominal,simulate,B,,529627773
M3,5,nominal,fit,A,choice_only,3205588318
M3,5,nominal,fit,A,M1,3925853212
M3,5,nominal,fit,A,M2,3855585293
M3,5,nominal,fit,A,M3,2725480492
M3,6,nominal,simulate,A,,4095922789
M3,6,nominal,simulate,B,,3730572339
M3,6,nominal,fit,A,choice_only,3316397320
M3,6,nominal,fit,A,M1,2355287708
M3,6,nominal,fit,A,M2,2328381661
M3,6,nominal,fit,A,M3,3543189552
M3,7,nominal,simulate,A,,1209145339
M3,7,nominal,simulate,B,,1385181869
M3,7,nominal,fit,A,choice_only,4235705415
M3,7,nominal,fit,A,M1,1143075316
M3,7,nominal,fit,A,M2,2967329874
M3,7,nominal,fit,A,M3,3948214508
M3,8,nominal,simulate,A,,2674743628
M3,8,nominal,simulate,B,,2878239624
M3,8,nominal,fit,A,choice_only,1315515975
M3,8,nominal,fit,A,M1,3139863460
M3,8,nominal,fit,A,M2,3069385237
M3,8,nominal,fit,A,M3,2559379175
M3,9,nominal,simulate,A,,3101901839
M3,9,nominal,simulate,B,,906777750
M3,9,nominal,fit,A,choice_only,745682017
M3,9,nominal,fit,A,M1,224760041
M3,9,nominal,fit,A,M2,18081689
M3,9,nominal,fit,A,M3,2706411634
M3,10,nominal,simulate,A,,4192696623
M3,10,nominal,simulate,B,,2830504774
M3,10,nominal,fit,A,choice_only,1170798705
M3,10,nominal,fit,A,M1,402717949
M3,10,nominal,fit,A,M2,1987283574
M3,10,nominal,fit,A,M3,2669421261
M3,11,nominal,simulate,A,,287016702
M3,11,nominal,simulate,B,,3103316586
M3,11,nominal,fit,A,choice_only,1108920785
M3,11,nominal,fit,A,M1,3797407791
M3,11,nominal,fit,A,M2,3606569542
M3,11,nominal,fit,A,M3,2922734855
M3,12,nominal,simulate,A,,571718585
M3,12,nominal,simulate,B,,2086666356
M3,12,nominal,fit,A,choice_only,440026623
M3,12,nominal,fit,A,M1,869804776
M3,12,nominal,fit,A,M2,2030525353
M3,12,nominal,fit,A,M3,1550525821
M3,13,nominal,simulate,A,,2369883001
M3,13,nominal,simulate,B,,471448817
M3,13,nominal,fit,A,choice_only,394686415
M3,13,nominal,fit,A,M1,3901363854
M3,13,nominal,fit,A,M2,2602775461
M3,13,nominal,fit,A,M3,880560324
M3,14,nominal,simulate,A,,3161933738
M3,14,nominal,simulate,B,,166578122
M3,14,nominal,fit,A,choice_only,1758112228
M3,14,nominal,fit,A,M1,3030470555
M3,14,nominal,fit,A,M2,1224162590
M3,14,nominal,fit,A,M3,1483529056
M3,15,nominal,simulate,A,,3417976335
M3,15,nominal,simulate,B,,3428040589
M3,15,nominal,fit,A,choice_only,2206502888
M3,15,nominal,fit,A,M1,1333012230
M3,15,nominal,fit,A,M2,2250415957
M3,15,nominal,fit,A,M3,2418727865
M3,16,nominal,simulate,A,,2277949585
M3,16,nominal,simulate,B,,2617131357
M3,16,nominal,fit,A,choice_only,2042393110
M3,16,nominal,fit,A,M1,3218770158
M3,16,nominal,fit,A,M2,1920986215
M3,16,nominal,fit,A,M3,2959758646
M3,17,nominal,simulate,A,,1632324179
M3,17,nominal,simulate,B,,2763556039
M3,17,nominal,fit,A,choice_only,3687846566
M3,17,nominal,fit,A,M1,3866454321
M3,17,nominal,fit,A,M2,3654108243
M3,17,nominal,fit,A,M3,4265584202
M3,18,nominal,simulate,A,,3614190070
M3,18,nominal,simulate,B,,2160824253
M3,18,nominal,fit,A,choice_only,1930500124
M3,18,nominal,fit,A,M1,3117167320
M3,18,nominal,fit,A,M2,3370018275
M3,18,nominal,fit,A,M3,4013142186
M3,19,nominal,simulate,A,,747254794
M3,19,nominal,simulate,B,,2726072568
M3,19,nominal,fit,A,choice_only,2524762357
M3,19,nominal,fit,A,M1,383067408
M3,19,nominal,fit,A,M2,368788096
M3,19,nominal,fit,A,M3,226605339
M3,20,nominal,simulate,A,,421470283
M3,20,nominal,simulate,B,,3678525714
M3,20,nominal,fit,A,choice_only,2735542392
M3,20,nominal,fit,A,M1,3530379654
M3,20,nominal,fit,A,M2,3478559631
M3,20,nominal,fit,A,M3,1079564289
M3,21,nominal,simulate,A,,3298507475
M3,21,nominal,simulate,B,,1862655307
M3,21,nominal,fit,A,choice_only,3052677233
M3,21,nominal,fit,A,M1,3141432178
M3,21,nominal,fit,A,M2,3408246122
M3,21,nominal,fit,A,M3,560587570
M3,22,nominal,simulate,A,,3139468696
M3,22,nominal,simulate,B,,2124787894
M3,22,nominal,fit,A,choice_only,1196960467
M3,22,nominal,fit,A,M1,100845225
M3,22,nominal,fit,A,M2,2193164960
M3,22,nominal,fit,A,M3,3760218661
M3,23,nominal,simulate,A,,3923618922
M3,23,nominal,simulate,B,,2851275018
M3,23,nominal,fit,A,choice_only,1005493694
M3,23,nominal,fit,A,M1,3495260864
M3,23,nominal,fit,A,M2,4132318110
M3,23,nominal,fit,A,M3,3197834038
M3,24,nominal,simulate,A,,3010754090
M3,24,nominal,simulate,B,,3720943609
M3,24,nominal,fit,A,choice_only,1365762050
M3,24,nominal,fit,A,M1,313784707
M3,24,nominal,fit,A,M2,2544960038
M3,24,nominal,fit,A,M3,4069712363
M3,25,nominal,simulate,A,,4242148751
M3,25,nominal,simulate,B,,1802019332
M3,25,nominal,fit,A,choice_only,1019434369
M3,25,nominal,fit,A,M1,2753311855
M3,25,nominal,fit,A,M2,70011172
M3,25,nominal,fit,A,M3,4053505111
M3,26,nominal,simulate,A,,3671680215
M3,26,nominal,simulate,B,,13275704
M3,26,nominal,fit,A,choice_only,3098196068
M3,26,nominal,fit,A,M1,1724208719
M3,26,nominal,fit,A,M2,2190396111
M3,26,nominal,fit,A,M3,3545646918
M3,27,nominal,simulate,A,,865559549
M3,27,nominal,simulate,B,,2842268592
M3,27,nominal,fit,A,choice_only,302577610
M3,27,nominal,fit,A,M1,1196045285
M3,27,nominal,fit,A,M2,271360514
M3,27,nominal,fit,A,M3,1988486561
M3,28,nominal,simulate,A,,2591745371
M3,28,nominal,simulate,B,,1601917068
M3,28,nominal,fit,A,choice_only,3553877409
M3,28,nominal,fit,A,M1,4175575061
M3,28,nominal,fit,A,M2,662616988
M3,28,nominal,fit,A,M3,3896324399
M3,29,nominal,simulate,A,,444843439
M3,29,nominal,simulate,B,,1627458664
M3,29,nominal,fit,A,choice_only,1896180284
M3,29,nominal,fit,A,M1,622443611
M3,29,nominal,fit,A,M2,2465874198
M3,29,nominal,fit,A,M3,848101150
M3,30,nominal,simulate,A,,2489612587
M3,30,nominal,simulate,B,,100101619
M3,30,nominal,fit,A,choice_only,2665326546
M3,30,nominal,fit,A,M1,1331647442
M3,30,nominal,fit,A,M2,1150082584
M3,30,nominal,fit,A,M3,3626552460
M3,31,nominal,simulate,A,,4152611003
M3,31,nominal,simulate,B,,3540709150
M3,31,nominal,fit,A,choice_only,1058826208
M3,31,nominal,fit,A,M1,189491672
M3,31,nominal,fit,A,M2,4285708415
M3,31,nominal,fit,A,M3,461206948
M3,32,nominal,simulate,A,,2569667701
M3,32,nominal,simulate,B,,749058346
M3,32,nominal,fit,A,choice_only,2697440906
M3,32,nominal,fit,A,M1,1142130105
M3,32,nominal,fit,A,M2,2790877019
M3,32,nominal,fit,A,M3,4054380079
M3,33,nominal,simulate,A,,2999092229
M3,33,nominal,simulate,B,,2950323953
M3,33,nominal,fit,A,choice_only,4237254981
M3,33,nominal,fit,A,M1,1502761442
M3,33,nominal,fit,A,M2,3272138717
M3,33,nominal,fit,A,M3,1273584738
M3,34,nominal,simulate,A,,143446283
M3,34,nominal,simulate,B,,3003542211
M3,34,nominal,fit,A,choice_only,3617186197
M3,34,nominal,fit,A,M1,3990431828
M3,34,nominal,fit,A,M2,3958145073
M3,34,nominal,fit,A,M3,2606888198
M3,35,nominal,simulate,A,,1204744545
M3,35,nominal,simulate,B,,2034569049
M3,35,nominal,fit,A,choice_only,1241980974
M3,35,nominal,fit,A,M1,878052983
M3,35,nominal,fit,A,M2,1749273446
M3,35,nominal,fit,A,M3,484478519
M3,36,nominal,simulate,A,,2945446599
M3,36,nominal,simulate,B,,2428407087
M3,36,nominal,fit,A,choice_only,3900223752
M3,36,nominal,fit,A,M1,3194598757
M3,36,nominal,fit,A,M2,3960157815
M3,36,nominal,fit,A,M3,361003915
M3,37,nominal,simulate,A,,167128358
M3,37,nominal,simulate,B,,324526517
M3,37,nominal,fit,A,choice_only,2618943619
M3,37,nominal,fit,A,M1,228858021
M3,37,nominal,fit,A,M2,2550806793
M3,37,nominal,fit,A,M3,3161170049
M3,38,nominal,simulate,A,,2161128176
M3,38,nominal,simulate,B,,881934389
M3,38,nominal,fit,A,choice_only,1061855826
M3,38,nominal,fit,A,M1,479385153
M3,38,nominal,fit,A,M2,2746321703
M3,38,nominal,fit,A,M3,3325443772
M3,39,nominal,simulate,A,,4004716910
M3,39,nominal,simulate,B,,2788941713
M3,39,nominal,fit,A,choice_only,2965999921
M3,39,nominal,fit,A,M1,1262444964
M3,39,nominal,fit,A,M2,2067820455
M3,39,nominal,fit,A,M3,3313383287
M3,40,nominal,simulate,A,,1257817314
M3,40,nominal,simulate,B,,676473729
M3,40,nominal,fit,A,choice_only,3704135272
M3,40,nominal,fit,A,M1,2704774024
M3,40,nominal,fit,A,M2,2095222140
M3,40,nominal,fit,A,M3,485696625
M3,41,nominal,simulate,A,,350112300
M3,41,nominal,simulate,B,,3248813837
M3,41,nominal,fit,A,choice_only,2033081041
M3,41,nominal,fit,A,M1,3375867281
M3,41,nominal,fit,A,M2,953554725
M3,41,nominal,fit,A,M3,3651576474
M3,42,nominal,simulate,A,,2646221800
M3,42,nominal,simulate,B,,1841523168
M3,42,nominal,fit,A,choice_only,483944122
M3,42,nominal,fit,A,M1,3905385199
M3,42,nominal,fit,A,M2,1228486179
M3,42,nominal,fit,A,M3,507109824
M3,43,nominal,simulate,A,,1816402183
M3,43,nominal,simulate,B,,3686281305
M3,43,nominal,fit,A,choice_only,876220877
M3,43,nominal,fit,A,M1,1856556699
M3,43,nominal,fit,A,M2,2863776942
M3,43,nominal,fit,A,M3,736280663
M3,44,nominal,simulate,A,,4159657335
M3,44,nominal,simulate,B,,3070109732
M3,44,nominal,fit,A,choice_only,1440105770
M3,44,nominal,fit,A,M1,264688903
M3,44,nominal,fit,A,M2,3124857590
M3,44,nominal,fit,A,M3,3660912105
M3,45,nominal,simulate,A,,2157098844
M3,45,nominal,simulate,B,,2149900627
M3,45,nominal,fit,A,choice_only,2912983970
M3,45,nominal,fit,A,M1,3873847966
M3,45,nominal,fit,A,M2,1424482935
M3,45,nominal,fit,A,M3,2639477053
M3,46,nominal,simulate,A,,883354595
M3,46,nominal,simulate,B,,3958751319
M3,46,nominal,fit,A,choice_only,1446267896
M3,46,nominal,fit,A,M1,654451458
M3,46,nominal,fit,A,M2,1832867720
M3,46,nominal,fit,A,M3,495585955
M3,47,nominal,simulate,A,,615507601
M3,47,nominal,simulate,B,,735545922
M3,47,nominal,fit,A,choice_only,351772295
M3,47,nominal,fit,A,M1,2455635943
M3,47,nominal,fit,A,M2,3640249911
M3,47,nominal,fit,A,M3,1765917870
M3,48,nominal,simulate,A,,1659715178
M3,48,nominal,simulate,B,,1774647207
M3,48,nominal,fit,A,choice_only,2044310546
M3,48,nominal,fit,A,M1,3010104667
M3,48,nominal,fit,A,M2,1223686455
M3,48,nominal,fit,A,M3,1580456410
M3,49,nominal,simulate,A,,1054552083
M3,49,nominal,simulate,B,,1493021492
M3,49,nominal,fit,A,choice_only,657422245
M3,49,nominal,fit,A,M1,1224446236
M3,49,nominal,fit,A,M2,3408730296
M3,49,nominal,fit,A,M3,1187096678
M3,50,nominal,simulate,A,,2502368842
M3,50,nominal,simulate,B,,1866139428
M3,50,nominal,fit,A,choice_only,2066980555
M3,50,nominal,fit,A,M1,1528434228
M3,50,nominal,fit,A,M2,1487110026
M3,50,nominal,fit,A,M3,1784622048
M3,51,nominal,simulate,A,,894304236
M3,51,nominal,simulate,B,,942482313
M3,51,nominal,fit,A,choice_only,1557715362
M3,51,nominal,fit,A,M1,1455047679
M3,51,nominal,fit,A,M2,480252159
M3,51,nominal,fit,A,M3,3703887602
M3,52,nominal,simulate,A,,341747274
M3,52,nominal,simulate,B,,3752240917
M3,52,nominal,fit,A,choice_only,1312280871
M3,52,nominal,fit,A,M1,549083437
M3,52,nominal,fit,A,M2,3274371929
M3,52,nominal,fit,A,M3,1932249225
M3,53,nominal,simulate,A,,992677138
M3,53,nominal,simulate,B,,4236571867
M3,53,nominal,fit,A,choice_only,442635383
M3,53,nominal,fit,A,M1,529699075
M3,53,nominal,fit,A,M2,2326122369
M3,53,nominal,fit,A,M3,3062954816
M3,54,nominal,simulate,A,,3089640203
M3,54,nominal,simulate,B,,2580633463
M3,54,nominal,fit,A,choice_only,3506952095
M3,54,nominal,fit,A,M1,2054528154
M3,54,nominal,fit,A,M2,1994065434
M3,54,nominal,fit,A,M3,1594713024
M3,55,nominal,simulate,A,,1573039256
M3,55,nominal,simulate,B,,1080039769
M3,55,nominal,fit,A,choice_only,1982583120
M3,55,nominal,fit,A,M1,3072964727
M3,55,nominal,fit,A,M2,887953860
M3,55,nominal,fit,A,M3,1923373556
M3,56,nominal,simulate,A,,2371801007
M3,56,nominal,simulate,B,,3824946057
M3,56,nominal,fit,A,choice_only,1163142299
M3,56,nominal,fit,A,M1,3739310637
M3,56,nominal,fit,A,M2,1079217698
M3,56,nominal,fit,A,M3,3288191355
M3,57,nominal,simulate,A,,2245180909
M3,57,nominal,simulate,B,,2823051199
M3,57,nominal,fit,A,choice_only,3800139982
M3,57,nominal,fit,A,M1,1590143563
M3,57,nominal,fit,A,M2,2472363002
M3,57,nominal,fit,A,M3,4064127857
M3,58,nominal,simulate,A,,250646119
M3,58,nominal,simulate,B,,267286501
M3,58,nominal,fit,A,choice_only,260415464
M3,58,nominal,fit,A,M1,2903998871
M3,58,nominal,fit,A,M2,2108908252
M3,58,nominal,fit,A,M3,1125579291
M3,59,nominal,simulate,A,,2430800998
M3,59,nominal,simulate,B,,3701764694
M3,59,nominal,fit,A,choice_only,2293297324
M3,59,nominal,fit,A,M1,232931878
M3,59,nominal,fit,A,M2,4058510290
M3,59,nominal,fit,A,M3,2506288559
M3,60,nominal,simulate,A,,335406546
M3,60,nominal,simulate,B,,3459096912
M3,60,nominal,fit,A,choice_only,3194992038
M3,60,nominal,fit,A,M1,750373383
M3,60,nominal,fit,A,M2,1647443664
M3,60,nominal,fit,A,M3,1139250461
M3,61,nominal,simulate,A,,1409439477
M3,61,nominal,simulate,B,,1648817987
M3,61,nominal,fit,A,choice_only,1303131210
M3,61,nominal,fit,A,M1,291736074
M3,61,nominal,fit,A,M2,1282661513
M3,61,nominal,fit,A,M3,2359142573
M3,62,nominal,simulate,A,,1440947726
M3,62,nominal,simulate,B,,198964663
M3,62,nominal,fit,A,choice_only,2547076648
M3,62,nominal,fit,A,M1,3538891083
M3,62,nominal,fit,A,M2,3315193134
M3,62,nominal,fit,A,M3,1378017310
M3,63,nominal,simulate,A,,1001219515
M3,63,nominal,simulate,B,,2152733239
M3,63,nominal,fit,A,choice_only,3599771312
M3,63,nominal,fit,A,M1,264234574
M3,63,nominal,fit,A,M2,235008354
M3,63,nominal,fit,A,M3,486868356
M3,64,nominal,simulate,A,,876274288
M3,64,nominal,simulate,B,,1163490352
M3,64,nominal,fit,A,choice_only,1473143820
M3,64,nominal,fit,A,M1,1433270890
M3,64,nominal,fit,A,M2,2165864125
M3,64,nominal,fit,A,M3,734287824
M3,65,nominal,simulate,A,,696271117
M3,65,nominal,simulate,B,,3936584594
M3,65,nominal,fit,A,choice_only,2739558852
M3,65,nominal,fit,A,M1,4065103057
M3,65,nominal,fit,A,M2,462867182
M3,65,nominal,fit,A,M3,3404238481
M3,66,nominal,simulate,A,,1472047372
M3,66,nominal,simulate,B,,740372773
M3,66,nominal,fit,A,choice_only,3067066098
M3,66,nominal,fit,A,M1,2596298265
M3,66,nominal,fit,A,M2,3510771451
M3,66,nominal,fit,A,M3,1599420105
M3,67,nominal,simulate,A,,46529118
M3,67,nominal,simulate,B,,2244695527
M3,67,nominal,fit,A,choice_only,1876000568
M3,67,nominal,fit,A,M1,47446458
M3,67,nominal,fit,A,M2,3290235509
M3,67,nominal,fit,A,M3,2982808048
M3,68,nominal,simulate,A,,1854504320
M3,68,nominal,simulate,B,,142652331
M3,68,nominal,fit,A,choice_only,3127066537
M3,68,nominal,fit,A,M1,3165483580
M3,68,nominal,fit,A,M2,23877868
M3,68,nominal,fit,A,M3,3498684656
M3,69,nominal,simulate,A,,2178869228
M3,69,nominal,simulate,B,,2762313451
M3,69,nominal,fit,A,choice_only,2243986608
M3,69,nominal,fit,A,M1,537645676
M3,69,nominal,fit,A,M2,556470771
M3,69,nominal,fit,A,M3,856762145
M3,70,nominal,simulate,A,,4215684757
M3,70,nominal,simulate,B,,641997038
M3,70,nominal,fit,A,choice_only,3610850749
M3,70,nominal,fit,A,M1,4108589746
M3,70,nominal,fit,A,M2,1635600057
M3,70,nominal,fit,A,M3,3779408888
M3,71,nominal,simulate,A,,264026567
M3,71,nominal,simulate,B,,332205250
M3,71,nominal,fit,A,choice_only,2341488914
M3,71,nominal,fit,A,M1,318869465
M3,71,nominal,fit,A,M2,741007036
M3,71,nominal,fit,A,M3,2080287339
M3,72,nominal,simulate,A,,2644019903
M3,72,nominal,simulate,B,,3025692009
M3,72,nominal,fit,A,choice_only,386110429
M3,72,nominal,fit,A,M1,938973546
M3,72,nominal,fit,A,M2,1504536524
M3,72,nominal,fit,A,M3,1740136298
M3,73,nominal,simulate,A,,3447355185
M3,73,nominal,simulate,B,,3562732646
M3,73,nominal,fit,A,choice_only,2047644080
M3,73,nominal,fit,A,M1,3464169009
M3,73,nominal,fit,A,M2,1301056558
M3,73,nominal,fit,A,M3,568865953
M3,74,nominal,simulate,A,,844034118
M3,74,nominal,simulate,B,,2200982375
M3,74,nominal,fit,A,choice_only,2323869666
M3,74,nominal,fit,A,M1,996839765
M3,74,nominal,fit,A,M2,1612595002
M3,74,nominal,fit,A,M3,1311660334
M3,75,nominal,simulate,A,,2706692272
M3,75,nominal,simulate,B,,3967754577
M3,75,nominal,fit,A,choice_only,911494226
M3,75,nominal,fit,A,M1,422129626
M3,75,nominal,fit,A,M2,1257061115
M3,75,nominal,fit,A,M3,3138250799
M3,76,nominal,simulate,A,,3074480115
M3,76,nominal,simulate,B,,326805961
M3,76,nominal,fit,A,choice_only,225855065
M3,76,nominal,fit,A,M1,9327337
M3,76,nominal,fit,A,M2,2839533381
M3,76,nominal,fit,A,M3,2129423653
M3,77,nominal,simulate,A,,893252256
M3,77,nominal,simulate,B,,257307452
M3,77,nominal,fit,A,choice_only,1873339404
M3,77,nominal,fit,A,M1,3698686308
M3,77,nominal,fit,A,M2,1930922086
M3,77,nominal,fit,A,M3,3100730143
M3,78,nominal,simulate,A,,3135261563
M3,78,nominal,simulate,B,,3440961134
M3,78,nominal,fit,A,choice_only,639516230
M3,78,nominal,fit,A,M1,2467633289
M3,78,nominal,fit,A,M2,1357099698
M3,78,nominal,fit,A,M3,1880285314
M3,79,nominal,simulate,A,,398977471
M3,79,nominal,simulate,B,,1732326401
M3,79,nominal,fit,A,choice_only,2360960792
M3,79,nominal,fit,A,M1,2287031321
M3,79,nominal,fit,A,M2,3236876788
M3,79,nominal,fit,A,M3,2952131735
M3,80,nominal,simulate,A,,636770159
M3,80,nominal,simulate,B,,320071294
M3,80,nominal,fit,A,choice_only,8711161
M3,80,nominal,fit,A,M1,427615274
M3,80,nominal,fit,A,M2,1430065281
M3,80,nominal,fit,A,M3,1463734922
M3,81,nominal,simulate,A,,3394816995
M3,81,nominal,simulate,B,,1619175365
M3,81,nominal,fit,A,choice_only,3714332996
M3,81,nominal,fit,A,M1,3489879706
M3,81,nominal,fit,A,M2,441024272
M3,81,nominal,fit,A,M3,2779345354
M3,82,nominal,simulate,A,,2254859788
M3,82,nominal,simulate,B,,4256554879
M3,82,nominal,fit,A,choice_only,1106789882
M3,82,nominal,fit,A,M1,2553861444
M3,82,nominal,fit,A,M2,3105607701
M3,82,nominal,fit,A,M3,1040505978
M3,83,nominal,simulate,A,,4014921529
M3,83,nominal,simulate,B,,579427156
M3,83,nominal,fit,A,choice_only,1691796771
M3,83,nominal,fit,A,M1,3420196119
M3,83,nominal,fit,A,M2,3011829482
M3,83,nominal,fit,A,M3,981740960
M3,84,nominal,simulate,A,,2134289827
M3,84,nominal,simulate,B,,2278378437
M3,84,nominal,fit,A,choice_only,3324509012
M3,84,nominal,fit,A,M1,193679586
M3,84,nominal,fit,A,M2,2943097568
M3,84,nominal,fit,A,M3,2708310294
M3,85,nominal,simulate,A,,423262528
M3,85,nominal,simulate,B,,789309118
M3,85,nominal,fit,A,choice_only,303345852
M3,85,nominal,fit,A,M1,1008426305
M3,85,nominal,fit,A,M2,2186413094
M3,85,nominal,fit,A,M3,1399529035
M3,86,nominal,simulate,A,,2284241398
M3,86,nominal,simulate,B,,3215160502
M3,86,nominal,fit,A,choice_only,266808226
M3,86,nominal,fit,A,M1,2835059410
M3,86,nominal,fit,A,M2,2283358894
M3,86,nominal,fit,A,M3,229319262
M3,87,nominal,simulate,A,,3368062592
M3,87,nominal,simulate,B,,1673032654
M3,87,nominal,fit,A,choice_only,3613475256
M3,87,nominal,fit,A,M1,1508330791
M3,87,nominal,fit,A,M2,1077094766
M3,87,nominal,fit,A,M3,3925635458
M3,88,nominal,simulate,A,,2619450552
M3,88,nominal,simulate,B,,2572528776
M3,88,nominal,fit,A,choice_only,3376084059
M3,88,nominal,fit,A,M1,1310946001
M3,88,nominal,fit,A,M2,2762426375
M3,88,nominal,fit,A,M3,3594387555
M3,89,nominal,simulate,A,,1459452692
M3,89,nominal,simulate,B,,1316156830
M3,89,nominal,fit,A,choice_only,1790925720
M3,89,nominal,fit,A,M1,3963921357
M3,89,nominal,fit,A,M2,1920325307
M3,89,nominal,fit,A,M3,1627589728
M3,90,nominal,simulate,A,,2205031712
M3,90,nominal,simulate,B,,1660506829
M3,90,nominal,fit,A,choice_only,976058649
M3,90,nominal,fit,A,M1,3349283207
M3,90,nominal,fit,A,M2,1116302549
M3,90,nominal,fit,A,M3,4168199121
M3,91,nominal,simulate,A,,3885821163
M3,91,nominal,simulate,B,,518668103
M3,91,nominal,fit,A,choice_only,4133624998
M3,91,nominal,fit,A,M1,1310350610
M3,91,nominal,fit,A,M2,890988491
M3,91,nominal,fit,A,M3,4161886161
M3,92,nominal,simulate,A,,787745113
M3,92,nominal,simulate,B,,1552449313
M3,92,nominal,fit,A,choice_only,2227221790
M3,92,nominal,fit,A,M1,116860891
M3,92,nominal,fit,A,M2,3710323124
M3,92,nominal,fit,A,M3,683475708
M3,93,nominal,simulate,A,,978429974
M3,93,nominal,simulate,B,,3156915346
M3,93,nominal,fit,A,choice_only,3363839383
M3,93,nominal,fit,A,M1,2178465986
M3,93,nominal,fit,A,M2,2541228434
M3,93,nominal,fit,A,M3,468671380
M3,94,nominal,simulate,A,,3928167944
M3,94,nominal,simulate,B,,4186490549
M3,94,nominal,fit,A,choice_only,4217625627
M3,94,nominal,fit,A,M1,1751859188
M3,94,nominal,fit,A,M2,410246076
M3,94,nominal,fit,A,M3,100222485
M3,95,nominal,simulate,A,,1364770536
M3,95,nominal,simulate,B,,4273115652
M3,95,nominal,fit,A,choice_only,777860126
M3,95,nominal,fit,A,M1,1865173252
M3,95,nominal,fit,A,M2,1238019395
M3,95,nominal,fit,A,M3,2441421974
M3,96,nominal,simulate,A,,864565287
M3,96,nominal,simulate,B,,3705252505
M3,96,nominal,fit,A,choice_only,2732966836
M3,96,nominal,fit,A,M1,1026275715
M3,96,nominal,fit,A,M2,1088014567
M3,96,nominal,fit,A,M3,3728674836
M3,97,nominal,simulate,A,,1114820682
M3,97,nominal,simulate,B,,3405519501
M3,97,nominal,fit,A,choice_only,1403702064
M3,97,nominal,fit,A,M1,1804452181
M3,97,nominal,fit,A,M2,2048892568
M3,97,nominal,fit,A,M3,764653806
M3,98,nominal,simulate,A,,646036374
M3,98,nominal,simulate,B,,3885160105
M3,98,nominal,fit,A,choice_only,832533547
M3,98,nominal,fit,A,M1,28399314
M3,98,nominal,fit,A,M2,1266218100
M3,98,nominal,fit,A,M3,1907642789
M3,99,nominal,simulate,A,,3126645400
M3,99,nominal,simulate,B,,1604401043
M3,99,nominal,fit,A,choice_only,1813646465
M3,99,nominal,fit,A,M1,489884659
M3,99,nominal,fit,A,M2,1214626922
M3,99,nominal,fit,A,M3,408789691
M3,100,nominal,simulate,A,,1522836945
M3,100,nominal,simulate,B,,2599465429
M3,100,nominal,fit,A,choice_only,707356193
M3,100,nominal,fit,A,M1,1103514617
M3,100,nominal,fit,A,M2,397907000
M3,100,nominal,fit,A,M3,1119566288
M3,101,nominal,simulate,A,,4271306147
M3,101,nominal,simulate,B,,4041488374
M3,101,nominal,fit,A,choice_only,1692976456
M3,101,nominal,fit,A,M1,560566363
M3,101,nominal,fit,A,M2,34257017
M3,101,nominal,fit,A,M3,107988152
M3,102,nominal,simulate,A,,3648941629
M3,102,nominal,simulate,B,,772532204
M3,102,nominal,fit,A,choice_only,98842722
M3,102,nominal,fit,A,M1,2530389288
M3,102,nominal,fit,A,M2,2898177122
M3,102,nominal,fit,A,M3,2662926522
M3,103,nominal,simulate,A,,43100364
M3,103,nominal,simulate,B,,3105385303
M3,103,nominal,fit,A,choice_only,1689853909
M3,103,nominal,fit,A,M1,1217720615
M3,103,nominal,fit,A,M2,3501013201
M3,103,nominal,fit,A,M3,3845179930
M3,104,nominal,simulate,A,,2102048443
M3,104,nominal,simulate,B,,242223613
M3,104,nominal,fit,A,choice_only,965706497
M3,104,nominal,fit,A,M1,3856258906
M3,104,nominal,fit,A,M2,2604675670
M3,104,nominal,fit,A,M3,3388640765
M3,105,nominal,simulate,A,,2215701647
M3,105,nominal,simulate,B,,892989049
M3,105,nominal,fit,A,choice_only,2759399494
M3,105,nominal,fit,A,M1,2079047886
M3,105,nominal,fit,A,M2,4057589539
M3,105,nominal,fit,A,M3,688269123
M3,106,nominal,simulate,A,,862321917
M3,106,nominal,simulate,B,,3979506387
M3,106,nominal,fit,A,choice_only,3937108258
M3,106,nominal,fit,A,M1,2964187139
M3,106,nominal,fit,A,M2,3573842472
M3,106,nominal,fit,A,M3,2571571114
M3,107,nominal,simulate,A,,1325747900
M3,107,nominal,simulate,B,,3198885527
M3,107,nominal,fit,A,choice_only,386501976
M3,107,nominal,fit,A,M1,2717493917
M3,107,nominal,fit,A,M2,2971258080
M3,107,nominal,fit,A,M3,2922516118
M3,108,nominal,simulate,A,,3691624527
M3,108,nominal,simulate,B,,2534574832
M3,108,nominal,fit,A,choice_only,3281577196
M3,108,nominal,fit,A,M1,1251776494
M3,108,nominal,fit,A,M2,2905488935
M3,108,nominal,fit,A,M3,637373318
M3,109,nominal,simulate,A,,2644780807
M3,109,nominal,simulate,B,,1610325900
M3,109,nominal,fit,A,choice_only,1189498757
M3,109,nominal,fit,A,M1,3333681442
M3,109,nominal,fit,A,M2,268175691
M3,109,nominal,fit,A,M3,3267762264
M3,110,nominal,simulate,A,,1143093654
M3,110,nominal,simulate,B,,603415982
M3,110,nominal,fit,A,choice_only,1399993666
M3,110,nominal,fit,A,M1,735746813
M3,110,nominal,fit,A,M2,4245108905
M3,110,nominal,fit,A,M3,3710240076
M3,111,nominal,simulate,A,,4270620795
M3,111,nominal,simulate,B,,2353266695
M3,111,nominal,fit,A,choice_only,3346315424
M3,111,nominal,fit,A,M1,511138514
M3,111,nominal,fit,A,M2,2490799447
M3,111,nominal,fit,A,M3,2968445984
M3,112,nominal,simulate,A,,254333881
M3,112,nominal,simulate,B,,2076444964
M3,112,nominal,fit,A,choice_only,1757385563
M3,112,nominal,fit,A,M1,2819207764
M3,112,nominal,fit,A,M2,395884219
M3,112,nominal,fit,A,M3,3668242613
M3,113,nominal,simulate,A,,257138356
M3,113,nominal,simulate,B,,3152822714
M3,113,nominal,fit,A,choice_only,1918506279
M3,113,nominal,fit,A,M1,97813611
M3,113,nominal,fit,A,M2,13698434
M3,113,nominal,fit,A,M3,1553847856
M3,114,nominal,simulate,A,,2733291947
M3,114,nominal,simulate,B,,3142963391
M3,114,nominal,fit,A,choice_only,2855261511
M3,114,nominal,fit,A,M1,2455895494
M3,114,nominal,fit,A,M2,1946628315
M3,114,nominal,fit,A,M3,20616527
M3,115,nominal,simulate,A,,2363343633
M3,115,nominal,simulate,B,,3492502880
M3,115,nominal,fit,A,choice_only,2607011079
M3,115,nominal,fit,A,M1,1761915216
M3,115,nominal,fit,A,M2,1949683724
M3,115,nominal,fit,A,M3,3436165776
M3,116,nominal,simulate,A,,769799748
M3,116,nominal,simulate,B,,4116421192
M3,116,nominal,fit,A,choice_only,3645211442
M3,116,nominal,fit,A,M1,3173801225
M3,116,nominal,fit,A,M2,82105326
M3,116,nominal,fit,A,M3,2502686799
M3,117,nominal,simulate,A,,2817868260
M3,117,nominal,simulate,B,,3408011951
M3,117,nominal,fit,A,choice_only,2128234625
M3,117,nominal,fit,A,M1,2132167840
M3,117,nominal,fit,A,M2,1542265284
M3,117,nominal,fit,A,M3,4133559755
M3,118,nominal,simulate,A,,1555784160
M3,118,nominal,simulate,B,,2103289720
M3,118,nominal,fit,A,choice_only,3394562929
M3,118,nominal,fit,A,M1,2146439040
M3,118,nominal,fit,A,M2,2483666183
M3,118,nominal,fit,A,M3,21835626
M3,119,nominal,simulate,A,,3218790298
M3,119,nominal,simulate,B,,2786095213
M3,119,nominal,fit,A,choice_only,2327411536
M3,119,nominal,fit,A,M1,2840809392
M3,119,nominal,fit,A,M2,51954191
M3,119,nominal,fit,A,M3,2320589857
M3,120,nominal,simulate,A,,4258939686
M3,120,nominal,simulate,B,,2369469904
M3,120,nominal,fit,A,choice_only,2073787848
M3,120,nominal,fit,A,M1,3652144572
M3,120,nominal,fit,A,M2,2614348072
M3,120,nominal,fit,A,M3,1701194781
M3,121,nominal,simulate,A,,3021808012
M3,121,nominal,simulate,B,,3356421533
M3,121,nominal,fit,A,choice_only,3899184485
M3,121,nominal,fit,A,M1,4053732392
M3,121,nominal,fit,A,M2,161554178
M3,121,nominal,fit,A,M3,947433806
M3,122,nominal,simulate,A,,4192733269
M3,122,nominal,simulate,B,,473024878
M3,122,nominal,fit,A,choice_only,264939333
M3,122,nominal,fit,A,M1,2603378495
M3,122,nominal,fit,A,M2,1471986825
M3,122,nominal,fit,A,M3,4284105046
M3,123,nominal,simulate,A,,2351469379
M3,123,nominal,simulate,B,,2707283790
M3,123,nominal,fit,A,choice_only,2266977903
M3,123,nominal,fit,A,M1,1840780466
M3,123,nominal,fit,A,M2,395463426
M3,123,nominal,fit,A,M3,1764043093
M3,124,nominal,simulate,A,,1340567562
M3,124,nominal,simulate,B,,1381613094
M3,124,nominal,fit,A,choice_only,944051096
M3,124,nominal,fit,A,M1,3438041918
M3,124,nominal,fit,A,M2,2493269365
M3,124,nominal,fit,A,M3,824892236
M3,125,nominal,simulate,A,,1269156392
M3,125,nominal,simulate,B,,1686289277
M3,125,nominal,fit,A,choice_only,969184563
M3,125,nominal,fit,A,M1,2099979932
M3,125,nominal,fit,A,M2,1585441042
M3,125,nominal,fit,A,M3,4002954328
M3,126,nominal,simulate,A,,2924376424
M3,126,nominal,simulate,B,,890178950
M3,126,nominal,fit,A,choice_only,3841661013
M3,126,nominal,fit,A,M1,2408243565
M3,126,nominal,fit,A,M2,2112697812
M3,126,nominal,fit,A,M3,1965161388
M3,127,nominal,simulate,A,,1801789767
M3,127,nominal,simulate,B,,1910125537
M3,127,nominal,fit,A,choice_only,3915510283
M3,127,nominal,fit,A,M1,2086211534
M3,127,nominal,fit,A,M2,2692241411
M3,127,nominal,fit,A,M3,3909436358
M3,128,nominal,simulate,A,,4200010802
M3,128,nominal,simulate,B,,3834308716
M3,128,nominal,fit,A,choice_only,812263218
M3,128,nominal,fit,A,M1,3389352206
M3,128,nominal,fit,A,M2,3731644121
M3,128,nominal,fit,A,M3,3040215290
M3,129,nominal,simulate,A,,401214586
M3,129,nominal,simulate,B,,1608791073
M3,129,nominal,fit,A,choice_only,512231768
M3,129,nominal,fit,A,M1,1505597225
M3,129,nominal,fit,A,M2,607496253
M3,129,nominal,fit,A,M3,2327273333
M3,130,nominal,simulate,A,,3383176567
M3,130,nominal,simulate,B,,4172716762
M3,130,nominal,fit,A,choice_only,2317131095
M3,130,nominal,fit,A,M1,53647413
M3,130,nominal,fit,A,M2,628331143
M3,130,nominal,fit,A,M3,2008138682
M3,131,nominal,simulate,A,,2601850979
M3,131,nominal,simulate,B,,3980411481
M3,131,nominal,fit,A,choice_only,1177815920
M3,131,nominal,fit,A,M1,2079485706
M3,131,nominal,fit,A,M2,1639888059
M3,131,nominal,fit,A,M3,3025543739
M3,132,nominal,simulate,A,,1016305258
M3,132,nominal,simulate,B,,2360837459
M3,132,nominal,fit,A,choice_only,126384517
M3,132,nominal,fit,A,M1,831939644
M3,132,nominal,fit,A,M2,2611423082
M3,132,nominal,fit,A,M3,2288620688
M3,133,nominal,simulate,A,,2870590315
M3,133,nominal,simulate,B,,2357179449
M3,133,nominal,fit,A,choice_only,1816833699
M3,133,nominal,fit,A,M1,716551687
M3,133,nominal,fit,A,M2,2902917205
M3,133,nominal,fit,A,M3,903838032
M3,134,nominal,simulate,A,,2132940745
M3,134,nominal,simulate,B,,3032448166
M3,134,nominal,fit,A,choice_only,1282081200
M3,134,nominal,fit,A,M1,2164479473
M3,134,nominal,fit,A,M2,4027058653
M3,134,nominal,fit,A,M3,2082964307
M3,135,nominal,simulate,A,,4276278627
M3,135,nominal,simulate,B,,598764371
M3,135,nominal,fit,A,choice_only,3223268303
M3,135,nominal,fit,A,M1,183698297
M3,135,nominal,fit,A,M2,744129716
M3,135,nominal,fit,A,M3,569047668
M3,136,nominal,simulate,A,,3468401730
M3,136,nominal,simulate,B,,3949219078
M3,136,nominal,fit,A,choice_only,2640943818
M3,136,nominal,fit,A,M1,2462779356
M3,136,nominal,fit,A,M2,228361691
M3,136,nominal,fit,A,M3,714327995
M3,137,nominal,simulate,A,,1440861331
M3,137,nominal,simulate,B,,3854573491
M3,137,nominal,fit,A,choice_only,54377642
M3,137,nominal,fit,A,M1,2496560451
M3,137,nominal,fit,A,M2,2654837994
M3,137,nominal,fit,A,M3,1956451494
M3,138,nominal,simulate,A,,1476451790
M3,138,nominal,simulate,B,,2421527475
M3,138,nominal,fit,A,choice_only,1766910979
M3,138,nominal,fit,A,M1,1553891396
M3,138,nominal,fit,A,M2,1058723295
M3,138,nominal,fit,A,M3,2784264299
M3,139,nominal,simulate,A,,1349219594
M3,139,nominal,simulate,B,,3219264512
M3,139,nominal,fit,A,choice_only,2051147725
M3,139,nominal,fit,A,M1,645387856
M3,139,nominal,fit,A,M2,2697227866
M3,139,nominal,fit,A,M3,2007143524
M3,140,nominal,simulate,A,,2037815951
M3,140,nominal,simulate,B,,672103191
M3,140,nominal,fit,A,choice_only,4205842950
M3,140,nominal,fit,A,M1,3675323886
M3,140,nominal,fit,A,M2,3789108697
M3,140,nominal,fit,A,M3,2331277951
M3,141,nominal,simulate,A,,1146547806
M3,141,nominal,simulate,B,,3909211769
M3,141,nominal,fit,A,choice_only,3981159469
M3,141,nominal,fit,A,M1,4225098985
M3,141,nominal,fit,A,M2,2036472062
M3,141,nominal,fit,A,M3,3311901041
M3,142,nominal,simulate,A,,1516266257
M3,142,nominal,simulate,B,,2397153067
M3,142,nominal,fit,A,choice_only,1833037760
M3,142,nominal,fit,A,M1,2985456075
M3,142,nominal,fit,A,M2,3297828638
M3,142,nominal,fit,A,M3,2466561581
M3,143,nominal,simulate,A,,317929721
M3,143,nominal,simulate,B,,2384407682
M3,143,nominal,fit,A,choice_only,2201402608
M3,143,nominal,fit,A,M1,263655902
M3,143,nominal,fit,A,M2,411864444
M3,143,nominal,fit,A,M3,3001980239
M3,144,nominal,simulate,A,,3331265675
M3,144,nominal,simulate,B,,1482489979
M3,144,nominal,fit,A,choice_only,341097642
M3,144,nominal,fit,A,M1,2740699047
M3,144,nominal,fit,A,M2,2218078415
M3,144,nominal,fit,A,M3,4127888730
M3,145,nominal,simulate,A,,515801510
M3,145,nominal,simulate,B,,2197975420
M3,145,nominal,fit,A,choice_only,3754304190
M3,145,nominal,fit,A,M1,199042215
M3,145,nominal,fit,A,M2,3773074154
M3,145,nominal,fit,A,M3,2215550419
M3,146,nominal,simulate,A,,1172014030
M3,146,nominal,simulate,B,,2523072835
M3,146,nominal,fit,A,choice_only,1395622312
M3,146,nominal,fit,A,M1,3463596019
M3,146,nominal,fit,A,M2,2345357767
M3,146,nominal,fit,A,M3,514299905
M3,147,nominal,simulate,A,,3636715530
M3,147,nominal,simulate,B,,2555629243
M3,147,nominal,fit,A,choice_only,3374116837
M3,147,nominal,fit,A,M1,671525821
M3,147,nominal,fit,A,M2,4287924121
M3,147,nominal,fit,A,M3,1942842076
M3,148,nominal,simulate,A,,3053371845
M3,148,nominal,simulate,B,,1602209259
M3,148,nominal,fit,A,choice_only,46033985
M3,148,nominal,fit,A,M1,1739350903
M3,148,nominal,fit,A,M2,3727415426
M3,148,nominal,fit,A,M3,3461922855
M3,149,nominal,simulate,A,,1281898618
M3,149,nominal,simulate,B,,1237891691
M3,149,nominal,fit,A,choice_only,2326164595
M3,149,nominal,fit,A,M1,444247011
M3,149,nominal,fit,A,M2,1084127948
M3,149,nominal,fit,A,M3,3214602528
M3,150,nominal,simulate,A,,2731072325
M3,150,nominal,simulate,B,,2047574372
M3,150,nominal,fit,A,choice_only,2947330907
M3,150,nominal,fit,A,M1,2069127396
M3,150,nominal,fit,A,M2,2366322306
M3,150,nominal,fit,A,M3,1250129558
M3,151,nominal,simulate,A,,2657539455
M3,151,nominal,simulate,B,,2825340681
M3,151,nominal,fit,A,choice_only,2837977041
M3,151,nominal,fit,A,M1,4174459700
M3,151,nominal,fit,A,M2,3504614802
M3,151,nominal,fit,A,M3,3249498202
M3,152,nominal,simulate,A,,1141926561
M3,152,nominal,simulate,B,,3812986608
M3,152,nominal,fit,A,choice_only,2037712930
M3,152,nominal,fit,A,M1,2323375145
M3,152,nominal,fit,A,M2,2573403040
M3,152,nominal,fit,A,M3,3216942157
M3,153,nominal,simulate,A,,3309535169
M3,153,nominal,simulate,B,,4181428842
M3,153,nominal,fit,A,choice_only,1873272115
M3,153,nominal,fit,A,M1,964665863
M3,153,nominal,fit,A,M2,1828107074
M3,153,nominal,fit,A,M3,1128058494
M3,154,nominal,simulate,A,,2073343862
M3,154,nominal,simulate,B,,1680699860
M3,154,nominal,fit,A,choice_only,3756950326
M3,154,nominal,fit,A,M1,3762353449
M3,154,nominal,fit,A,M2,3629611659
M3,154,nominal,fit,A,M3,2823839870
M3,155,nominal,simulate,A,,2076603791
M3,155,nominal,simulate,B,,2543581305
M3,155,nominal,fit,A,choice_only,2276845477
M3,155,nominal,fit,A,M1,725976518
M3,155,nominal,fit,A,M2,919462122
M3,155,nominal,fit,A,M3,590058756
M3,156,nominal,simulate,A,,1662382782
M3,156,nominal,simulate,B,,4155108195
M3,156,nominal,fit,A,choice_only,2433289341
M3,156,nominal,fit,A,M1,3069549090
M3,156,nominal,fit,A,M2,121812353
M3,156,nominal,fit,A,M3,2430502771
M3,157,nominal,simulate,A,,172400508
M3,157,nominal,simulate,B,,2609444612
M3,157,nominal,fit,A,choice_only,3747989581
M3,157,nominal,fit,A,M1,4221340416
M3,157,nominal,fit,A,M2,802445497
M3,157,nominal,fit,A,M3,1581438136
M3,158,nominal,simulate,A,,260901034
M3,158,nominal,simulate,B,,207951805
M3,158,nominal,fit,A,choice_only,3182549272
M3,158,nominal,fit,A,M1,1920129105
M3,158,nominal,fit,A,M2,4203197337
M3,158,nominal,fit,A,M3,1522132700
M3,159,nominal,simulate,A,,928832456
M3,159,nominal,simulate,B,,706086181
M3,159,nominal,fit,A,choice_only,973125887
M3,159,nominal,fit,A,M1,30760
M3,159,nominal,fit,A,M2,2697801181
M3,159,nominal,fit,A,M3,3217836473
M3,160,nominal,simulate,A,,585958260
M3,160,nominal,simulate,B,,607334093
M3,160,nominal,fit,A,choice_only,4240318792
M3,160,nominal,fit,A,M1,2068150454
M3,160,nominal,fit,A,M2,3149285401
M3,160,nominal,fit,A,M3,1055597298
M3,161,nominal,simulate,A,,4061713297
M3,161,nominal,simulate,B,,2194248160
M3,161,nominal,fit,A,choice_only,2254230311
M3,161,nominal,fit,A,M1,1188787244
M3,161,nominal,fit,A,M2,247715884
M3,161,nominal,fit,A,M3,4057932817
M3,162,nominal,simulate,A,,4080206179
M3,162,nominal,simulate,B,,2194386151
M3,162,nominal,fit,A,choice_only,1776738892
M3,162,nominal,fit,A,M1,357923374
M3,162,nominal,fit,A,M2,1860750785
M3,162,nominal,fit,A,M3,1724990272
M3,163,nominal,simulate,A,,2055293886
M3,163,nominal,simulate,B,,3367923979
M3,163,nominal,fit,A,choice_only,1161420245
M3,163,nominal,fit,A,M1,2708367882
M3,163,nominal,fit,A,M2,526633442
M3,163,nominal,fit,A,M3,1235528364
M3,164,nominal,simulate,A,,3976314717
M3,164,nominal,simulate,B,,3169643298
M3,164,nominal,fit,A,choice_only,2164673339
M3,164,nominal,fit,A,M1,1944448321
M3,164,nominal,fit,A,M2,3575253365
M3,164,nominal,fit,A,M3,4041857231
M3,165,nominal,simulate,A,,3556087454
M3,165,nominal,simulate,B,,972119875
M3,165,nominal,fit,A,choice_only,4037123116
M3,165,nominal,fit,A,M1,3839903111
M3,165,nominal,fit,A,M2,4277631909
M3,165,nominal,fit,A,M3,2719717201
M3,166,nominal,simulate,A,,2825573659
M3,166,nominal,simulate,B,,1347426739
M3,166,nominal,fit,A,choice_only,4209625281
M3,166,nominal,fit,A,M1,3645890227
M3,166,nominal,fit,A,M2,2363026536
M3,166,nominal,fit,A,M3,1829810933
M3,167,nominal,simulate,A,,1685255986
M3,167,nominal,simulate,B,,3986932454
M3,167,nominal,fit,A,choice_only,3338475944
M3,167,nominal,fit,A,M1,3074051202
M3,167,nominal,fit,A,M2,2939355769
M3,167,nominal,fit,A,M3,3865432003
M3,168,nominal,simulate,A,,489054053
M3,168,nominal,simulate,B,,4109316571
M3,168,nominal,fit,A,choice_only,3693913256
M3,168,nominal,fit,A,M1,593395961
M3,168,nominal,fit,A,M2,3203593715
M3,168,nominal,fit,A,M3,1476510535
M3,169,nominal,simulate,A,,2418644025
M3,169,nominal,simulate,B,,1460214999
M3,169,nominal,fit,A,choice_only,2051599954
M3,169,nominal,fit,A,M1,3102532732
M3,169,nominal,fit,A,M2,1599521107
M3,169,nominal,fit,A,M3,3369654487
M3,170,nominal,simulate,A,,2033282103
M3,170,nominal,simulate,B,,1870158053
M3,170,nominal,fit,A,choice_only,2981963431
M3,170,nominal,fit,A,M1,3485850829
M3,170,nominal,fit,A,M2,2557794120
M3,170,nominal,fit,A,M3,3748832010
M3,171,nominal,simulate,A,,4526757
M3,171,nominal,simulate,B,,3431664892
M3,171,nominal,fit,A,choice_only,764477360
M3,171,nominal,fit,A,M1,3612640933
M3,171,nominal,fit,A,M2,3730401169
M3,171,nominal,fit,A,M3,841360173
M3,172,nominal,simulate,A,,137546276
M3,172,nominal,simulate,B,,963536147
M3,172,nominal,fit,A,choice_only,1647105808
M3,172,nominal,fit,A,M1,3764777836
M3,172,nominal,fit,A,M2,3087731595
M3,172,nominal,fit,A,M3,645096662
M3,173,nominal,simulate,A,,1715104578
M3,173,nominal,simulate,B,,582727531
M3,173,nominal,fit,A,choice_only,915979172
M3,173,nominal,fit,A,M1,2467831142
M3,173,nominal,fit,A,M2,2138977335
M3,173,nominal,fit,A,M3,1823869055
M3,174,nominal,simulate,A,,4054627910
M3,174,nominal,simulate,B,,918295962
M3,174,nominal,fit,A,choice_only,1655390578
M3,174,nominal,fit,A,M1,2740483744
M3,174,nominal,fit,A,M2,3845647318
M3,174,nominal,fit,A,M3,3044540602
M3,175,nominal,simulate,A,,1076741530
M3,175,nominal,simulate,B,,1011068321
M3,175,nominal,fit,A,choice_only,945220643
M3,175,nominal,fit,A,M1,3898909620
M3,175,nominal,fit,A,M2,3201958357
M3,175,nominal,fit,A,M3,3576296144
M3,176,nominal,simulate,A,,211000208
M3,176,nominal,simulate,B,,4081069325
M3,176,nominal,fit,A,choice_only,2638962553
M3,176,nominal,fit,A,M1,150335966
M3,176,nominal,fit,A,M2,4133165228
M3,176,nominal,fit,A,M3,2703579698
M3,177,nominal,simulate,A,,3113650965
M3,177,nominal,simulate,B,,2853127471
M3,177,nominal,fit,A,choice_only,156333222
M3,177,nominal,fit,A,M1,1662321039
M3,177,nominal,fit,A,M2,1339773378
M3,177,nominal,fit,A,M3,1410762574
M3,178,nominal,simulate,A,,944110400
M3,178,nominal,simulate,B,,3989349342
M3,178,nominal,fit,A,choice_only,3740852832
M3,178,nominal,fit,A,M1,3801983369
M3,178,nominal,fit,A,M2,1432146974
M3,178,nominal,fit,A,M3,337149290
M3,179,nominal,simulate,A,,276113557
M3,179,nominal,simulate,B,,2552266344
M3,179,nominal,fit,A,choice_only,1148713135
M3,179,nominal,fit,A,M1,193445661
M3,179,nominal,fit,A,M2,2803214512
M3,179,nominal,fit,A,M3,2734251008
M3,180,nominal,simulate,A,,723977056
M3,180,nominal,simulate,B,,1153938161
M3,180,nominal,fit,A,choice_only,2932618839
M3,180,nominal,fit,A,M1,1011294995
M3,180,nominal,fit,A,M2,1099941185
M3,180,nominal,fit,A,M3,3612187988
M3,181,nominal,simulate,A,,1793690567
M3,181,nominal,simulate,B,,1645360141
M3,181,nominal,fit,A,choice_only,2293109278
M3,181,nominal,fit,A,M1,379341999
M3,181,nominal,fit,A,M2,622058950
M3,181,nominal,fit,A,M3,535300339
M3,182,nominal,simulate,A,,391784266
M3,182,nominal,simulate,B,,369990414
M3,182,nominal,fit,A,choice_only,4136806608
M3,182,nominal,fit,A,M1,2855508767
M3,182,nominal,fit,A,M2,386752258
M3,182,nominal,fit,A,M3,851469429
M3,183,nominal,simulate,A,,887547897
M3,183,nominal,simulate,B,,3629216682
M3,183,nominal,fit,A,choice_only,973385992
M3,183,nominal,fit,A,M1,4190655926
M3,183,nominal,fit,A,M2,3136916053
M3,183,nominal,fit,A,M3,3969106812
M3,184,nominal,simulate,A,,2952804175
M3,184,nominal,simulate,B,,2272397963
M3,184,nominal,fit,A,choice_only,320545103
M3,184,nominal,fit,A,M1,1671115471
M3,184,nominal,fit,A,M2,2420605241
M3,184,nominal,fit,A,M3,3847378738
M3,185,nominal,simulate,A,,2894544491
M3,185,nominal,simulate,B,,805773997
M3,185,nominal,fit,A,choice_only,999252744
M3,185,nominal,fit,A,M1,3946965143
M3,185,nominal,fit,A,M2,3984927305
M3,185,nominal,fit,A,M3,1617822414
M3,186,nominal,simulate,A,,1033423880
M3,186,nominal,simulate,B,,2437795466
M3,186,nominal,fit,A,choice_only,2499241611
M3,186,nominal,fit,A,M1,3049120454
M3,186,nominal,fit,A,M2,3195500276
M3,186,nominal,fit,A,M3,2740476425
M3,187,nominal,simulate,A,,598997623
M3,187,nominal,simulate,B,,2053476737
M3,187,nominal,fit,A,choice_only,906700394
M3,187,nominal,fit,A,M1,3549069233
M3,187,nominal,fit,A,M2,2002185642
M3,187,nominal,fit,A,M3,2815867349
M3,188,nominal,simulate,A,,9103107
M3,188,nominal,simulate,B,,282122615
M3,188,nominal,fit,A,choice_only,1702385616
M3,188,nominal,fit,A,M1,3345544002
M3,188,nominal,fit,A,M2,3401693195
M3,188,nominal,fit,A,M3,3357254768
M3,189,nominal,simulate,A,,562677056
M3,189,nominal,simulate,B,,3112385611
M3,189,nominal,fit,A,choice_only,2818932211
M3,189,nominal,fit,A,M1,3413632491
M3,189,nominal,fit,A,M2,3033922295
M3,189,nominal,fit,A,M3,1948505522
M3,190,nominal,simulate,A,,1529752221
M3,190,nominal,simulate,B,,1031987280
M3,190,nominal,fit,A,choice_only,3954360713
M3,190,nominal,fit,A,M1,73797920
M3,190,nominal,fit,A,M2,3405558958
M3,190,nominal,fit,A,M3,2012444754
M3,191,nominal,simulate,A,,264235865
M3,191,nominal,simulate,B,,4288369354
M3,191,nominal,fit,A,choice_only,2802452850
M3,191,nominal,fit,A,M1,854103424
M3,191,nominal,fit,A,M2,55245713
M3,191,nominal,fit,A,M3,2982224848
M3,192,nominal,simulate,A,,1661295208
M3,192,nominal,simulate,B,,1794562136
M3,192,nominal,fit,A,choice_only,4207814416
M3,192,nominal,fit,A,M1,3685484362
M3,192,nominal,fit,A,M2,3351314151
M3,192,nominal,fit,A,M3,1168275930
M3,193,nominal,simulate,A,,2836856473
M3,193,nominal,simulate,B,,4068420454
M3,193,nominal,fit,A,choice_only,24776083
M3,193,nominal,fit,A,M1,4089035150
M3,193,nominal,fit,A,M2,1036038693
M3,193,nominal,fit,A,M3,1287023243
M3,194,nominal,simulate,A,,1330376561
M3,194,nominal,simulate,B,,4074639095
M3,194,nominal,fit,A,choice_only,239608373
M3,194,nominal,fit,A,M1,4196265920
M3,194,nominal,fit,A,M2,3630147182
M3,194,nominal,fit,A,M3,2573536542
M3,195,nominal,simulate,A,,2087802857
M3,195,nominal,simulate,B,,3539076999
M3,195,nominal,fit,A,choice_only,3805599892
M3,195,nominal,fit,A,M1,2536762435
M3,195,nominal,fit,A,M2,3401648130
M3,195,nominal,fit,A,M3,3528834633
M3,196,nominal,simulate,A,,4154301501
M3,196,nominal,simulate,B,,1990236446
M3,196,nominal,fit,A,choice_only,1059699076
M3,196,nominal,fit,A,M1,636093419
M3,196,nominal,fit,A,M2,984837671
M3,196,nominal,fit,A,M3,1217349355
M3,197,nominal,simulate,A,,2905915137
M3,197,nominal,simulate,B,,2889630738
M3,197,nominal,fit,A,choice_only,4144251672
M3,197,nominal,fit,A,M1,3505414434
M3,197,nominal,fit,A,M2,3423305369
M3,197,nominal,fit,A,M3,3362383017
M3,198,nominal,simulate,A,,3307867390
M3,198,nominal,simulate,B,,3424162597
M3,198,nominal,fit,A,choice_only,1431401834
M3,198,nominal,fit,A,M1,1485729395
M3,198,nominal,fit,A,M2,977888398
M3,198,nominal,fit,A,M3,292348188
M3,199,nominal,simulate,A,,2594874698
M3,199,nominal,simulate,B,,3724971115
M3,199,nominal,fit,A,choice_only,3087017214
M3,199,nominal,fit,A,M1,2723198981
M3,199,nominal,fit,A,M2,2291095621
M3,199,nominal,fit,A,M3,2321595074
M3,0,stress,simulate,A,,289067437
M3,0,stress,simulate,B,,1131842941
M3,0,stress,fit,A,choice_only,3081155954
M3,0,stress,fit,A,M1,2481057948
M3,0,stress,fit,A,M2,1239025549
M3,0,stress,fit,A,M3,3610764657
M3,1,stress,simulate,A,,1739075645
M3,1,stress,simulate,B,,3992222171
M3,1,stress,fit,A,choice_only,783697228
M3,1,stress,fit,A,M1,4099759312
M3,1,stress,fit,A,M2,1286911281
M3,1,stress,fit,A,M3,1783678420
M3,2,stress,simulate,A,,1459955450
M3,2,stress,simulate,B,,1836729360
M3,2,stress,fit,A,choice_only,3922912367
M3,2,stress,fit,A,M1,3287578150
M3,2,stress,fit,A,M2,3125528589
M3,2,stress,fit,A,M3,3184742552
M3,3,stress,simulate,A,,512445653
M3,3,stress,simulate,B,,3457014163
M3,3,stress,fit,A,choice_only,3876282793
M3,3,stress,fit,A,M1,945092750
M3,3,stress,fit,A,M2,3285402554
M3,3,stress,fit,A,M3,1636459997
M3,4,stress,simulate,A,,3981402885
M3,4,stress,simulate,B,,1493237682
M3,4,stress,fit,A,choice_only,1132798431
M3,4,stress,fit,A,M1,2173856213
M3,4,stress,fit,A,M2,440483410
M3,4,stress,fit,A,M3,1451339405
M3,5,stress,simulate,A,,2220470995
M3,5,stress,simulate,B,,421675381
M3,5,stress,fit,A,choice_only,3858929504
M3,5,stress,fit,A,M1,1978959147
M3,5,stress,fit,A,M2,3218819233
M3,5,stress,fit,A,M3,565511538
M3,6,stress,simulate,A,,2315631406
M3,6,stress,simulate,B,,1111307695
M3,6,stress,fit,A,choice_only,1443851710
M3,6,stress,fit,A,M1,2671374122
M3,6,stress,fit,A,M2,479215230
M3,6,stress,fit,A,M3,4038510987
M3,7,stress,simulate,A,,2020843354
M3,7,stress,simulate,B,,2380894280
M3,7,stress,fit,A,choice_only,4123446065
M3,7,stress,fit,A,M1,3601078038
M3,7,stress,fit,A,M2,663256336
M3,7,stress,fit,A,M3,2055117615
M3,8,stress,simulate,A,,4138878656
M3,8,stress,simulate,B,,2847615415
M3,8,stress,fit,A,choice_only,4165936738
M3,8,stress,fit,A,M1,1394154659
M3,8,stress,fit,A,M2,2069505385
M3,8,stress,fit,A,M3,1505742555
M3,9,stress,simulate,A,,821370861
M3,9,stress,simulate,B,,1088616078
M3,9,stress,fit,A,choice_only,3925187337
M3,9,stress,fit,A,M1,856355258
M3,9,stress,fit,A,M2,147410589
M3,9,stress,fit,A,M3,546994076
M3,10,stress,simulate,A,,2822657368
M3,10,stress,simulate,B,,49876673
M3,10,stress,fit,A,choice_only,296462937
M3,10,stress,fit,A,M1,1793344274
M3,10,stress,fit,A,M2,4089691174
M3,10,stress,fit,A,M3,3085295820
M3,11,stress,simulate,A,,821752342
M3,11,stress,simulate,B,,43437017
M3,11,stress,fit,A,choice_only,3600382765
M3,11,stress,fit,A,M1,873823036
M3,11,stress,fit,A,M2,3202865355
M3,11,stress,fit,A,M3,2816816144
M3,12,stress,simulate,A,,545476013
M3,12,stress,simulate,B,,3930134265
M3,12,stress,fit,A,choice_only,421090999
M3,12,stress,fit,A,M1,4022557322
M3,12,stress,fit,A,M2,704571219
M3,12,stress,fit,A,M3,3519593927
M3,13,stress,simulate,A,,97158666
M3,13,stress,simulate,B,,885978241
M3,13,stress,fit,A,choice_only,3576186965
M3,13,stress,fit,A,M1,2556459347
M3,13,stress,fit,A,M2,1807245545
M3,13,stress,fit,A,M3,1435724815
M3,14,stress,simulate,A,,555901992
M3,14,stress,simulate,B,,284119233
M3,14,stress,fit,A,choice_only,759875222
M3,14,stress,fit,A,M1,1376198422
M3,14,stress,fit,A,M2,1283324845
M3,14,stress,fit,A,M3,1652004475
M3,15,stress,simulate,A,,79240948
M3,15,stress,simulate,B,,2839040785
M3,15,stress,fit,A,choice_only,2222944110
M3,15,stress,fit,A,M1,2094059223
M3,15,stress,fit,A,M2,4051033799
M3,15,stress,fit,A,M3,1957520800
M3,16,stress,simulate,A,,244735093
M3,16,stress,simulate,B,,1842238031
M3,16,stress,fit,A,choice_only,1676479791
M3,16,stress,fit,A,M1,3773497926
M3,16,stress,fit,A,M2,2350612670
M3,16,stress,fit,A,M3,3967703001
M3,17,stress,simulate,A,,2851918327
M3,17,stress,simulate,B,,2029738296
M3,17,stress,fit,A,choice_only,1204583623
M3,17,stress,fit,A,M1,1908204367
M3,17,stress,fit,A,M2,3983416764
M3,17,stress,fit,A,M3,2406611874
M3,18,stress,simulate,A,,3118912809
M3,18,stress,simulate,B,,3314387535
M3,18,stress,fit,A,choice_only,146218569
M3,18,stress,fit,A,M1,1461811808
M3,18,stress,fit,A,M2,4276435459
M3,18,stress,fit,A,M3,3707028170
M3,19,stress,simulate,A,,1581202372
M3,19,stress,simulate,B,,2309717259
M3,19,stress,fit,A,choice_only,2136253122
M3,19,stress,fit,A,M1,429102321
M3,19,stress,fit,A,M2,977441379
M3,19,stress,fit,A,M3,2748353596
M3,20,stress,simulate,A,,691334387
M3,20,stress,simulate,B,,3018807498
M3,20,stress,fit,A,choice_only,3636967686
M3,20,stress,fit,A,M1,4062557661
M3,20,stress,fit,A,M2,1889995862
M3,20,stress,fit,A,M3,406187614
M3,21,stress,simulate,A,,584394287
M3,21,stress,simulate,B,,3784166646
M3,21,stress,fit,A,choice_only,305463249
M3,21,stress,fit,A,M1,37939928
M3,21,stress,fit,A,M2,3437873916
M3,21,stress,fit,A,M3,1277972996
M3,22,stress,simulate,A,,2790745474
M3,22,stress,simulate,B,,228678301
M3,22,stress,fit,A,choice_only,3729225108
M3,22,stress,fit,A,M1,2958835942
M3,22,stress,fit,A,M2,3865557532
M3,22,stress,fit,A,M3,29053870
M3,23,stress,simulate,A,,3800521916
M3,23,stress,simulate,B,,1855096357
M3,23,stress,fit,A,choice_only,3280856873
M3,23,stress,fit,A,M1,2054652496
M3,23,stress,fit,A,M2,3239506960
M3,23,stress,fit,A,M3,3663367169
M3,24,stress,simulate,A,,1619816752
M3,24,stress,simulate,B,,3234231144
M3,24,stress,fit,A,choice_only,243410171
M3,24,stress,fit,A,M1,1866250376
M3,24,stress,fit,A,M2,2517206933
M3,24,stress,fit,A,M3,1864609723
M3,25,stress,simulate,A,,841768605
M3,25,stress,simulate,B,,412119744
M3,25,stress,fit,A,choice_only,4271510146
M3,25,stress,fit,A,M1,769674576
M3,25,stress,fit,A,M2,2552997092
M3,25,stress,fit,A,M3,2339608084
M3,26,stress,simulate,A,,891607382
M3,26,stress,simulate,B,,2575555063
M3,26,stress,fit,A,choice_only,3117639077
M3,26,stress,fit,A,M1,3376449488
M3,26,stress,fit,A,M2,3986359617
M3,26,stress,fit,A,M3,446428086
M3,27,stress,simulate,A,,772276755
M3,27,stress,simulate,B,,612257007
M3,27,stress,fit,A,choice_only,203872287
M3,27,stress,fit,A,M1,225415604
M3,27,stress,fit,A,M2,3663496358
M3,27,stress,fit,A,M3,2231650228
M3,28,stress,simulate,A,,2423563802
M3,28,stress,simulate,B,,1835105
M3,28,stress,fit,A,choice_only,3850631872
M3,28,stress,fit,A,M1,4107375541
M3,28,stress,fit,A,M2,2557786994
M3,28,stress,fit,A,M3,3868002405
M3,29,stress,simulate,A,,3785733166
M3,29,stress,simulate,B,,1123114063
M3,29,stress,fit,A,choice_only,800515887
M3,29,stress,fit,A,M1,2399201931
M3,29,stress,fit,A,M2,3661994951
M3,29,stress,fit,A,M3,746254705
M3,30,stress,simulate,A,,1889819329
M3,30,stress,simulate,B,,616877812
M3,30,stress,fit,A,choice_only,280554402
M3,30,stress,fit,A,M1,3670020344
M3,30,stress,fit,A,M2,2654069050
M3,30,stress,fit,A,M3,2101454490
M3,31,stress,simulate,A,,1472597355
M3,31,stress,simulate,B,,1601794028
M3,31,stress,fit,A,choice_only,2322482928
M3,31,stress,fit,A,M1,1231629954
M3,31,stress,fit,A,M2,1282377062
M3,31,stress,fit,A,M3,3715707359
M3,32,stress,simulate,A,,322381538
M3,32,stress,simulate,B,,124861973
M3,32,stress,fit,A,choice_only,261229626
M3,32,stress,fit,A,M1,2768897132
M3,32,stress,fit,A,M2,430688252
M3,32,stress,fit,A,M3,2926298849
M3,33,stress,simulate,A,,35163030
M3,33,stress,simulate,B,,2310667980
M3,33,stress,fit,A,choice_only,1704993265
M3,33,stress,fit,A,M1,411272583
M3,33,stress,fit,A,M2,4277338563
M3,33,stress,fit,A,M3,3070808582
M3,34,stress,simulate,A,,715567533
M3,34,stress,simulate,B,,3730047210
M3,34,stress,fit,A,choice_only,710462401
M3,34,stress,fit,A,M1,1973578520
M3,34,stress,fit,A,M2,1720640808
M3,34,stress,fit,A,M3,4047358210
M3,35,stress,simulate,A,,2452410962
M3,35,stress,simulate,B,,1156414876
M3,35,stress,fit,A,choice_only,2934821712
M3,35,stress,fit,A,M1,3216411450
M3,35,stress,fit,A,M2,3882485242
M3,35,stress,fit,A,M3,2810131682
M3,36,stress,simulate,A,,2977630410
M3,36,stress,simulate,B,,3820566100
M3,36,stress,fit,A,choice_only,131941391
M3,36,stress,fit,A,M1,342482775
M3,36,stress,fit,A,M2,1157520857
M3,36,stress,fit,A,M3,287514811
M3,37,stress,simulate,A,,2921311470
M3,37,stress,simulate,B,,251218488
M3,37,stress,fit,A,choice_only,557361929
M3,37,stress,fit,A,M1,2973657397
M3,37,stress,fit,A,M2,2259012873
M3,37,stress,fit,A,M3,2977479938
M3,38,stress,simulate,A,,3074064358
M3,38,stress,simulate,B,,3083072172
M3,38,stress,fit,A,choice_only,3739772820
M3,38,stress,fit,A,M1,90949694
M3,38,stress,fit,A,M2,2841045494
M3,38,stress,fit,A,M3,1394338465
M3,39,stress,simulate,A,,1867171298
M3,39,stress,simulate,B,,1365183354
M3,39,stress,fit,A,choice_only,3317708800
M3,39,stress,fit,A,M1,2229607621
M3,39,stress,fit,A,M2,2221369227
M3,39,stress,fit,A,M3,809685254
M3,40,stress,simulate,A,,1962675200
M3,40,stress,simulate,B,,2441627520
M3,40,stress,fit,A,choice_only,3628526301
M3,40,stress,fit,A,M1,980659233
M3,40,stress,fit,A,M2,2867303460
M3,40,stress,fit,A,M3,2743450794
M3,41,stress,simulate,A,,1699916799
M3,41,stress,simulate,B,,155293715
M3,41,stress,fit,A,choice_only,3146563578
M3,41,stress,fit,A,M1,2817842745
M3,41,stress,fit,A,M2,67914417
M3,41,stress,fit,A,M3,247614754
M3,42,stress,simulate,A,,3589035244
M3,42,stress,simulate,B,,3075597523
M3,42,stress,fit,A,choice_only,1329259479
M3,42,stress,fit,A,M1,1454268153
M3,42,stress,fit,A,M2,12710113
M3,42,stress,fit,A,M3,1077582234
M3,43,stress,simulate,A,,3347106012
M3,43,stress,simulate,B,,318383178
M3,43,stress,fit,A,choice_only,3790011133
M3,43,stress,fit,A,M1,4108913451
M3,43,stress,fit,A,M2,2552183286
M3,43,stress,fit,A,M3,746412753
M3,44,stress,simulate,A,,396597773
M3,44,stress,simulate,B,,2317069354
M3,44,stress,fit,A,choice_only,3371716293
M3,44,stress,fit,A,M1,1154070624
M3,44,stress,fit,A,M2,3658985481
M3,44,stress,fit,A,M3,3232633109
M3,45,stress,simulate,A,,1868174013
M3,45,stress,simulate,B,,4250125589
M3,45,stress,fit,A,choice_only,2739590520
M3,45,stress,fit,A,M1,2836023002
M3,45,stress,fit,A,M2,889045454
M3,45,stress,fit,A,M3,3304789557
M3,46,stress,simulate,A,,2775210111
M3,46,stress,simulate,B,,182675978
M3,46,stress,fit,A,choice_only,1227678453
M3,46,stress,fit,A,M1,1659847253
M3,46,stress,fit,A,M2,2115123953
M3,46,stress,fit,A,M3,91918580
M3,47,stress,simulate,A,,3794745355
M3,47,stress,simulate,B,,1031289719
M3,47,stress,fit,A,choice_only,2014156263
M3,47,stress,fit,A,M1,4189980355
M3,47,stress,fit,A,M2,516357833
M3,47,stress,fit,A,M3,3082520081
M3,48,stress,simulate,A,,2709231509
M3,48,stress,simulate,B,,3655821947
M3,48,stress,fit,A,choice_only,3691772604
M3,48,stress,fit,A,M1,1142972976
M3,48,stress,fit,A,M2,1886603311
M3,48,stress,fit,A,M3,3876457932
M3,49,stress,simulate,A,,3292709709
M3,49,stress,simulate,B,,2521626683
M3,49,stress,fit,A,choice_only,4050287323
M3,49,stress,fit,A,M1,370658470
M3,49,stress,fit,A,M2,1201096570
M3,49,stress,fit,A,M3,1352341352
