generating_model,replicate,sample_kind,participant,run,fitted_model,fit_success,condition,run_b_rt_mlpd,n_rt,out_of_support_trial_fraction,n_in_support,n_out_of_support,in_support_rt_mlpd,out_of_support_rt_mlpd
M1,0,nominal,M1_nominal_0000,B,M1,True,R,-1.203755435277085,100,0.0,100,0,-1.203755435277085,
M1,0,nominal,M1_nominal_0000,B,M1,True,L,-1.2755498654864617,100,0.0,100,0,-1.2755498654864617,
M1,0,nominal,M1_nominal_0000,B,M2,True,R,-1.2011267591637174,100,0.0,100,0,-1.2011267591637174,
M1,0,nominal,M1_nominal_0000,B,M2,True,L,-1.2703330182946662,100,0.03,97,3,-1.2784175326428813,-1.008933721035708
M1,0,nominal,M1_nominal_0000,B,M3,True,R,-1.2030945388483145,100,0.01,99,1,-1.206325052560309,-0.8832736813608333
M1,0,nominal,M1_nominal_0000,B,M3,True,L,-1.2856807013263005,100,0.0,100,0,-1.2856807013263005,
M1,1,nominal,M1_nominal_0001,B,M1,True,R,-1.597813881760566,100,0.0,100,0,-1.597813881760566,
M1,1,nominal,M1_nominal_0001,B,M1,True,L,-1.9380567455742084,100,0.0,100,0,-1.9380567455742084,
M1,1,nominal,M1_nominal_0001,B,M2,True,R,-1.5964819311288385,100,0.0,100,0,-1.5964819311288385,
M1,1,nominal,M1_nominal_0001,B,M2,True,L,-1.9341712470595744,100,0.0,100,0,-1.9341712470595744,
M1,1,nominal,M1_nominal_0001,B,M3,True,R,-1.5951050374929383,100,0.0,100,0,-1.5951050374929383,
M1,1,nominal,M1_nominal_0001,B,M3,True,L,-1.9371686179409477,100,0.0,100,0,-1.9371686179409477,
M1,2,nominal,M1_nominal_0002,B,M1,True,R,-0.6658313931907294,100,0.01,99,1,-0.6709014130933055,-0.16389942283570635
M1,2,nominal,M1_nominal_0002,B,M1,True,L,-0.861587444644467,100,0.0,100,0,-0.861587444644467,
M1,2,nominal,M1_nominal_0002,B,M2,True,R,-0.6649283888874509,100,0.0,100,0,-0.6649283888874509,
M1,2,nominal,M1_nominal_0002,B,M2,True,L,-0.8592085809342858,100,0.0,100,0,-0.8592085809342858,
M1,2,nominal,M1_nominal_0002,B,M3,True,R,-0.6646400724107652,100,0.0,100,0,-0.6646400724107652,
M1,2,nominal,M1_nominal_0002,B,M3,True,L,-0.8609176509995526,100,0.0,100,0,-0.8609176509995526,
M1,3,nominal,M1_nominal_0003,B,M1,True,R,-1.3486321288837493,100,0.05,95,5,-1.362666703206256,-1.0819752167561107
M1,3,nominal,M1_nominal_0003,B,M1,True,L,-5.1749602722793675,100,0.31,69,31,-1.4146097488133516,-13.544772727735984
M1,3,nominal,M1_nominal_0003,B,M2,True,R,-1.3585994787332345,100,0.02,98,2,-1.3400428020020871,-2.2678766385594624
M1,3,nominal,M1_nominal_0003,B,M2,True,L,-802.6296274365038,100,0.31,69,31,-1.4088612036614512,-2585.991978083798
M1,3,nominal,M1_nominal_0003,B,M3,True,R,-1.3299297144236504,100,0.0,100,0,-1.3299297144236504,
M1,3,nominal,M1_nominal_0003,B,M3,True,L,-1.7614992538017764,100,0.14,86,14,-1.3665769436981725,-4.187450587295343
M1,4,nominal,M1_nominal_0004,B,M1,True,R,-0.8902550162883962,100,0.01,99,1,-0.8939762876279499,-0.5218491536725749
M1,4,nominal,M1_nominal_0004,B,M1,True,L,-0.8555290610647351,100,0.01,99,1,-0.8541393831360128,-0.9931071760082596
M1,4,nominal,M1_nominal_0004,B,M2,True,R,-0.8927019514374815,100,0.0,100,0,-0.8927019514374815,
M1,4,nominal,M1_nominal_0004,B,M2,True,L,-0.8590077649548127,100,0.0,100,0,-0.8590077649548127,
M1,4,nominal,M1_nominal_0004,B,M3,True,R,-0.8924140199841812,100,0.01,99,1,-0.8946910484986987,-0.6669881970469712
M1,4,nominal,M1_nominal_0004,B,M3,True,L,-0.8606492577789296,100,0.0,100,0,-0.8606492577789296,
M1,5,nominal,M1_nominal_0005,B,M1,True,R,-1.1208131131748147,100,0.0,100,0,-1.1208131131748147,
M1,5,nominal,M1_nominal_0005,B,M1,True,L,-1.5325213012995318,100,0.0,100,0,-1.5325213012995318,
M1,5,nominal,M1_nominal_0005,B,M2,True,R,-1.1218438043105754,100,0.0,100,0,-1.1218438043105754,
M1,5,nominal,M1_nominal_0005,B,M2,True,L,-1.5297035855569403,100,0.0,100,0,-1.5297035855569403,
M1,5,nominal,M1_nominal_0005,B,M3,True,R,-1.116989990393183,100,0.0,100,0,-1.116989990393183,
M1,5,nominal,M1_nominal_0005,B,M3,True,L,-1.5392158135747183,100,0.0,100,0,-1.5392158135747183,
M1,6,nominal,M1_nominal_0006,B,M1,True,R,-0.7286069331077498,100,0.0,100,0,-0.7286069331077498,
M1,6,nominal,M1_nominal_0006,B,M1,True,L,-1.2221784128159192,100,0.13,87,13,-1.2472450798576948,-1.0544245641517276
M1,6,nominal,M1_nominal_0006,B,M2,True,R,-0.7269861734125815,100,0.0,100,0,-0.7269861734125815,
M1,6,nominal,M1_nominal_0006,B,M2,True,L,-1.2241444816430436,100,0.03,97,3,-1.2194476849197762,-1.376007575695349
M1,6,nominal,M1_nominal_0006,B,M3,True,R,-0.7299671124233506,100,0.0,100,0,-0.7299671124233506,
M1,6,nominal,M1_nominal_0006,B,M3,True,L,-1.2224456900515144,100,0.01,99,1,-1.2169563371495706,-1.7658916273439484
M1,7,nominal,M1_nominal_0007,B,M1,True,R,-0.959610419481818,100,0.05,95,5,-0.970793254780906,-0.7471365487991479
M1,7,nominal,M1_nominal_0007,B,M1,True,L,-0.7697429781842554,100,0.0,100,0,-0.7697429781842554,
M1,7,nominal,M1_nominal_0007,B,M2,True,R,-0.9626854199586736,100,0.04,96,4,-0.9720076470985818,-0.7389519686008812
M1,7,nominal,M1_nominal_0007,B,M2,True,L,-0.7685819034776532,100,0.0,100,0,-0.7685819034776532,
M1,7,nominal,M1_nominal_0007,B,M3,True,R,-0.9589867435215499,100,0.0,100,0,-0.9589867435215499,
M1,7,nominal,M1_nominal_0007,B,M3,True,L,-0.770432310324158,100,0.0,100,0,-0.770432310324158,
M1,8,nominal,M1_nominal_0008,B,M1,True,R,-0.0060115847194743225,100,0.0,100,0,-0.0060115847194743225,
M1,8,nominal,M1_nominal_0008,B,M1,True,L,0.22187915698430952,100,0.01,99,1,0.23657548260264444,-1.233057079230845
M1,8,nominal,M1_nominal_0008,B,M2,True,R,-0.038310972384714044,100,0.0,100,0,-0.038310972384714044,
M1,8,nominal,M1_nominal_0008,B,M2,True,L,0.2289244944480017,100,0.0,100,0,0.2289244944480017,
M1,8,nominal,M1_nominal_0008,B,M3,True,R,-0.006395787471757532,100,0.0,100,0,-0.006395787471757532,
M1,8,nominal,M1_nominal_0008,B,M3,True,L,0.22075083230386355,100,0.0,100,0,0.22075083230386355,
M1,9,nominal,M1_nominal_0009,B,M1,True,R,-3929.218534323944,100,0.59,41,59,-1.1679196603940318,-6658.8808258698
M1,9,nominal,M1_nominal_0009,B,M1,True,L,-1.5994632234067665,100,0.12,88,12,-1.1785345766481785,-4.686273299636411
M1,9,nominal,M1_nominal_0009,B,M2,True,R,-230342746.36304256,100,0.6,40,60,-1.0151154641421771,-383904576.5949939
M1,9,nominal,M1_nominal_0009,B,M2,True,L,-8.478004052222238,100,0.14,86,14,-1.1836398973328126,-53.286241003685845
M1,9,nominal,M1_nominal_0009,B,M3,True,R,-90.20241644962492,100,0.54,46,54,-0.9949748301795731,-166.19394079211543
M1,9,nominal,M1_nominal_0009,B,M3,True,L,-1.1905992196125386,100,0.0,100,0,-1.1905992196125386,
M1,10,nominal,M1_nominal_0010,B,M1,True,R,-1.1213586678372862,100,0.0,100,0,-1.1213586678372862,
M1,10,nominal,M1_nominal_0010,B,M1,True,L,-1.3606907013284495,100,0.0,100,0,-1.3606907013284495,
M1,10,nominal,M1_nominal_0010,B,M2,True,R,-1.1211522127479112,100,0.0,100,0,-1.1211522127479112,
M1,10,nominal,M1_nominal_0010,B,M2,True,L,-1.362885821020763,100,0.0,100,0,-1.362885821020763,
M1,10,nominal,M1_nominal_0010,B,M3,True,R,-1.12606167430424,100,0.0,100,0,-1.12606167430424,
M1,10,nominal,M1_nominal_0010,B,M3,True,L,-1.364747353024504,100,0.0,100,0,-1.364747353024504,
M1,11,nominal,M1_nominal_0011,B,M1,True,R,-1.0817725553369242,100,0.04,96,4,-1.0928622052134747,-0.8156209582997102
M1,11,nominal,M1_nominal_0011,B,M1,True,L,-1.074064296691799,100,0.01,99,1,-1.0586358738669133,-2.6014781563555025
M1,11,nominal,M1_nominal_0011,B,M2,True,R,-1.0872021612230638,100,0.08,92,8,-1.0911999942863069,-1.0412270809957693
M1,11,nominal,M1_nominal_0011,B,M2,True,L,-1.0850840059946931,100,0.02,98,2,-1.094946695512303,-0.6018122196317984
M1,11,nominal,M1_nominal_0011,B,M3,True,R,-1.0786567091947632,100,0.0,100,0,-1.0786567091947632,
M1,11,nominal,M1_nominal_0011,B,M3,True,L,-1.0701136676371765,100,0.0,100,0,-1.0701136676371765,
M1,12,nominal,M1_nominal_0012,B,M1,True,R,-0.9840083528922492,100,0.0,100,0,-0.9840083528922492,
M1,12,nominal,M1_nominal_0012,B,M1,True,L,-1.1133251266347168,100,0.04,96,4,-1.1353444384010822,-0.5848616442419483
M1,12,nominal,M1_nominal_0012,B,M2,True,R,-0.9817751983538215,100,0.05,95,5,-0.9743856159637699,-1.1221772637648035
M1,12,nominal,M1_nominal_0012,B,M2,True,L,-1.1117286072335886,100,0.01,99,1,-1.1163392275379675,-0.6552771971000618
M1,12,nominal,M1_nominal_0012,B,M3,True,R,-0.9885113187755694,100,0.0,100,0,-0.9885113187755694,
M1,12,nominal,M1_nominal_0012,B,M3,True,L,-1.1081067496994528,100,0.0,100,0,-1.1081067496994528,
M1,13,nominal,M1_nominal_0013,B,M1,True,R,-1.353567525941984,100,0.0,100,0,-1.353567525941984,
M1,13,nominal,M1_nominal_0013,B,M1,True,L,-1.7250106651550408,100,0.01,99,1,-1.722717036736544,-1.9520798785862026
M1,13,nominal,M1_nominal_0013,B,M2,True,R,-1.3530637106502519,100,0.0,100,0,-1.3530637106502519,
M1,13,nominal,M1_nominal_0013,B,M2,True,L,-1.733139919062073,100,0.01,99,1,-1.7304117096842686,-2.0032326474647126
M1,13,nominal,M1_nominal_0013,B,M3,True,R,-1.3572632569023384,100,0.0,100,0,-1.3572632569023384,
M1,13,nominal,M1_nominal_0013,B,M3,True,L,-1.7251623970596386,100,0.0,100,0,-1.7251623970596386,
M1,14,nominal,M1_nominal_0014,B,M1,True,R,-1.2369391685114453,100,0.0,100,0,-1.2369391685114453,
M1,14,nominal,M1_nominal_0014,B,M1,True,L,-1.552507949940196,100,0.01,99,1,-1.553597358437673,-1.4446565086899728
M1,14,nominal,M1_nominal_0014,B,M2,True,R,-1.2370328063703961,100,0.0,100,0,-1.2370328063703961,
M1,14,nominal,M1_nominal_0014,B,M2,True,L,-1.5479731205582001,100,0.0,100,0,-1.5479731205582001,
M1,14,nominal,M1_nominal_0014,B,M3,True,R,-1.2418872273726125,100,0.0,100,0,-1.2418872273726125,
M1,14,nominal,M1_nominal_0014,B,M3,True,L,-1.558837055200145,100,0.0,100,0,-1.558837055200145,
M1,15,nominal,M1_nominal_0015,B,M1,True,R,-1.4883535077542984,100,0.06,94,6,-1.494068387363021,-1.3988203938843107
M1,15,nominal,M1_nominal_0015,B,M1,True,L,-1.4660428754258215,100,0.0,100,0,-1.4660428754258215,
M1,15,nominal,M1_nominal_0015,B,M2,True,R,-1.4889406611040001,100,0.11,89,11,-1.5216087165593208,-1.2246263942382218
M1,15,nominal,M1_nominal_0015,B,M2,True,L,-1.4725458464745407,100,0.01,99,1,-1.474209438705074,-1.307850215651735
M1,15,nominal,M1_nominal_0015,B,M3,True,R,-1.4868858935849776,100,0.0,100,0,-1.4868858935849776,
M1,15,nominal,M1_nominal_0015,B,M3,True,L,-1.4675860974933415,100,0.0,100,0,-1.4675860974933415,
M1,16,nominal,M1_nominal_0016,B,M1,True,R,-1.3717833940106359,100,0.0,100,0,-1.3717833940106359,
M1,16,nominal,M1_nominal_0016,B,M1,True,L,-1.6314585439509046,100,0.02,98,2,-1.6407084477456606,-1.1782132580078584
M1,16,nominal,M1_nominal_0016,B,M2,True,R,-1.3730697768763453,100,0.0,100,0,-1.3730697768763453,
M1,16,nominal,M1_nominal_0016,B,M2,True,L,-1.6360955109867594,100,0.02,98,2,-1.6469162103014514,-1.105881244566873
M1,16,nominal,M1_nominal_0016,B,M3,True,R,-1.3702916600679966,100,0.0,100,0,-1.3702916600679966,
M1,16,nominal,M1_nominal_0016,B,M3,True,L,-1.6293904700091852,100,0.0,100,0,-1.6293904700091852,
M1,17,nominal,M1_nominal_0017,B,M1,True,R,-1.458705641759401,100,0.01,99,1,-1.463040402513165,-1.0295643271367823
M1,17,nominal,M1_nominal_0017,B,M1,True,L,-1.826105422170196,100,0.03,97,3,-1.8254545279043755,-1.84715100343173
M1,17,nominal,M1_nominal_0017,B,M2,True,R,-1.4577078640814627,100,0.01,99,1,-1.4620724636712374,-1.025612504693793
M1,17,nominal,M1_nominal_0017,B,M2,True,L,-1.838013030313835,100,0.15,85,15,-1.8574055949263235,-1.7281218308430648
M1,17,nominal,M1_nominal_0017,B,M3,True,R,-1.458862779781744,100,0.0,100,0,-1.458862779781744,
M1,17,nominal,M1_nominal_0017,B,M3,True,L,-1.829844714748059,100,0.0,100,0,-1.829844714748059,
M1,18,nominal,M1_nominal_0018,B,M1,True,R,-1.3304475691107143,100,0.01,99,1,-1.3298126799965244,-1.3933015914154827
M1,18,nominal,M1_nominal_0018,B,M1,True,L,-1.700052436406375,100,0.16,84,16,-1.6963452316483707,-1.719515261385899
M1,18,nominal,M1_nominal_0018,B,M2,True,R,-1.3361072682251651,100,0.0,100,0,-1.3361072682251651,
M1,18,nominal,M1_nominal_0018,B,M2,True,L,-1.733911567875588,100,0.05,95,5,-1.745603364531432,-1.5117674314145542
M1,18,nominal,M1_nominal_0018,B,M3,True,R,-1.3350422306195373,100,0.01,99,1,-1.3312969770897978,-1.705822330063771
M1,18,nominal,M1_nominal_0018,B,M3,True,L,-1.6590893638909816,100,0.02,98,2,-1.664500169771558,-1.3939598757427403
M1,19,nominal,M1_nominal_0019,B,M1,True,R,-1.3158649863837883,100,0.1,90,10,-1.3080803915057853,-1.3859263402858155
M1,19,nominal,M1_nominal_0019,B,M1,True,L,-1.555516593316601,100,0.01,99,1,-1.5594868138417737,-1.1624647613245265
M1,19,nominal,M1_nominal_0019,B,M2,True,R,-1.3172821442477596,100,0.06,94,6,-1.2857752439152612,-1.8108902494568921
M1,19,nominal,M1_nominal_0019,B,M2,True,L,-1.5539071020587483,100,0.01,99,1,-1.5583158112378688,-1.117444893325829
M1,19,nominal,M1_nominal_0019,B,M3,True,R,-1.3340922058357203,100,0.0,100,0,-1.3340922058357203,
M1,19,nominal,M1_nominal_0019,B,M3,True,L,-1.5642425962252267,100,0.0,100,0,-1.5642425962252267,
M1,20,nominal,M1_nominal_0020,B,M1,True,R,-1.798748411841831,100,0.0,100,0,-1.798748411841831,
M1,20,nominal,M1_nominal_0020,B,M1,True,L,-1.6790446630633091,100,0.0,100,0,-1.6790446630633091,
M1,20,nominal,M1_nominal_0020,B,M2,True,R,-1.7995059560857767,100,0.01,99,1,-1.7994969249081636,-1.8004000426694533
M1,20,nominal,M1_nominal_0020,B,M2,True,L,-1.6851789168962756,100,0.0,100,0,-1.6851789168962756,
M1,20,nominal,M1_nominal_0020,B,M3,True,R,-1.7929907360966704,100,0.0,100,0,-1.7929907360966704,
M1,20,nominal,M1_nominal_0020,B,M3,True,L,-1.680500989802515,100,0.0,100,0,-1.680500989802515,
M1,21,nominal,M1_nominal_0021,B,M1,True,R,-1.0461046474893243,100,0.0,100,0,-1.0461046474893243,
M1,21,nominal,M1_nominal_0021,B,M1,True,L,-1.182872983296915,100,0.01,99,1,-1.1745313145163165,-2.0086981925761647
M1,21,nominal,M1_nominal_0021,B,M2,True,R,-1.0502147431235307,100,0.0,100,0,-1.0502147431235307,
M1,21,nominal,M1_nominal_0021,B,M2,True,L,-1.1829109665289796,100,0.02,98,2,-1.1737441352858644,-1.6320856974416218
M1,21,nominal,M1_nominal_0021,B,M3,True,R,-1.045563916778215,100,0.0,100,0,-1.045563916778215,
M1,21,nominal,M1_nominal_0021,B,M3,True,L,-1.1915949410595323,100,0.0,100,0,-1.1915949410595323,
M1,22,nominal,M1_nominal_0022,B,M1,True,R,-1.953423605592181,100,0.0,100,0,-1.953423605592181,
M1,22,nominal,M1_nominal_0022,B,M1,True,L,-1.6307038941198377,100,0.0,100,0,-1.6307038941198377,
M1,22,nominal,M1_nominal_0022,B,M2,True,R,-1.9524530823606023,100,0.0,100,0,-1.9524530823606023,
M1,22,nominal,M1_nominal_0022,B,M2,True,L,-1.6330015417581882,100,0.01,99,1,-1.637716488082812,-1.1662218556204231
M1,22,nominal,M1_nominal_0022,B,M3,True,R,-1.942642668174618,100,0.03,97,3,-1.9551283553306753,-1.538938783462106
M1,22,nominal,M1_nominal_0022,B,M3,True,L,-1.6326514732107071,100,0.0,100,0,-1.6326514732107071,
M1,23,nominal,M1_nominal_0023,B,M1,True,R,-1.7106816449421351,100,0.0,100,0,-1.7106816449421351,
M1,23,nominal,M1_nominal_0023,B,M1,True,L,-2.12506607838109,100,0.0,100,0,-2.12506607838109,
M1,23,nominal,M1_nominal_0023,B,M2,True,R,-1.7115819954044695,100,0.0,100,0,-1.7115819954044695,
M1,23,nominal,M1_nominal_0023,B,M2,True,L,-2.1211241922737596,100,0.0,100,0,-2.1211241922737596,
M1,23,nominal,M1_nominal_0023,B,M3,True,R,-1.7129208983266633,100,0.0,100,0,-1.7129208983266633,
M1,23,nominal,M1_nominal_0023,B,M3,True,L,-2.124083877788717,100,0.0,100,0,-2.124083877788717,
M1,24,nominal,M1_nominal_0024,B,M1,True,R,-0.8647616420827627,100,0.0,100,0,-0.8647616420827627,
M1,24,nominal,M1_nominal_0024,B,M1,True,L,-1.628866669595224,100,0.01,99,1,-1.6352782528133147,-0.9941199310042588
M1,24,nominal,M1_nominal_0024,B,M2,True,R,-0.8633435491776367,100,0.01,99,1,-0.8694865774874706,-0.2551837465040857
M1,24,nominal,M1_nominal_0024,B,M2,True,L,-1.6350873645262878,100,0.0,100,0,-1.6350873645262878,
M1,24,nominal,M1_nominal_0024,B,M3,True,R,-0.8735076162708673,100,0.0,100,0,-0.8735076162708673,
M1,24,nominal,M1_nominal_0024,B,M3,True,L,-1.6256184407598466,100,0.0,100,0,-1.6256184407598466,
M1,25,nominal,M1_nominal_0025,B,M1,True,R,-1.350016344713418,100,0.0,100,0,-1.350016344713418,
M1,25,nominal,M1_nominal_0025,B,M1,True,L,-1.2916330174688102,100,0.0,100,0,-1.2916330174688102,
M1,25,nominal,M1_nominal_0025,B,M2,True,R,-1.352330047796894,100,0.0,100,0,-1.352330047796894,
M1,25,nominal,M1_nominal_0025,B,M2,True,L,-1.296775062966504,100,0.0,100,0,-1.296775062966504,
M1,25,nominal,M1_nominal_0025,B,M3,True,R,-1.3480406397220306,100,0.0,100,0,-1.3480406397220306,
M1,25,nominal,M1_nominal_0025,B,M3,True,L,-1.2961852320733096,100,0.0,100,0,-1.2961852320733096,
M1,26,nominal,M1_nominal_0026,B,M1,True,R,-1.487228126131884,100,0.0,100,0,-1.487228126131884,
M1,26,nominal,M1_nominal_0026,B,M1,True,L,-1.5314174946062709,100,0.03,97,3,-1.5467897992446382,-1.0343796446323943
M1,26,nominal,M1_nominal_0026,B,M2,True,R,-1.4791369432049977,100,0.0,100,0,-1.4791369432049977,
M1,26,nominal,M1_nominal_0026,B,M2,True,L,-1.523928725196634,100,0.1,90,10,-1.53971931485999,-1.381813418226427
M1,26,nominal,M1_nominal_0026,B,M3,True,R,-1.4843980411662567,100,0.01,99,1,-1.4895618116295632,-0.9731847652989312
M1,26,nominal,M1_nominal_0026,B,M3,True,L,-1.5276719776124899,100,0.0,100,0,-1.5276719776124899,
M1,27,nominal,M1_nominal_0027,B,M1,True,R,-1.375451143851136,100,0.01,99,1,-1.3741294392710293,-1.506299897281705
M1,27,nominal,M1_nominal_0027,B,M1,True,L,-1.7225059855772848,100,0.04,96,4,-1.7371681290398204,-1.3706145424764413
M1,27,nominal,M1_nominal_0027,B,M2,True,R,-1.374884204456188,100,0.01,99,1,-1.3733926115298016,-1.5225519041684468
M1,27,nominal,M1_nominal_0027,B,M2,True,L,-1.723614765580245,100,0.06,94,6,-1.7319038591855391,-1.5937522990973045
M1,27,nominal,M1_nominal_0027,B,M3,True,R,-1.3707749556862376,100,0.0,100,0,-1.3707749556862376,
M1,27,nominal,M1_nominal_0027,B,M3,True,L,-1.7288743918872695,100,0.0,100,0,-1.7288743918872695,
M1,28,nominal,M1_nominal_0028,B,M1,True,R,-1.4741564123365,100,0.0,100,0,-1.4741564123365,
M1,28,nominal,M1_nominal_0028,B,M1,True,L,-1.7372247327085029,100,0.01,99,1,-1.7418824768799293,-1.2761080597373156
M1,28,nominal,M1_nominal_0028,B,M2,True,R,-1.475801364499964,100,0.0,100,0,-1.475801364499964,
M1,28,nominal,M1_nominal_0028,B,M2,True,L,-1.7407160276429736,100,0.02,98,2,-1.742093437629986,-1.6732229382793793
M1,28,nominal,M1_nominal_0028,B,M3,True,R,-1.4762267860135887,100,0.01,99,1,-1.480478810918429,-1.0552763204343965
M1,28,nominal,M1_nominal_0028,B,M3,True,L,-1.7378338863671225,100,0.0,100,0,-1.7378338863671225,
M1,29,nominal,M1_nominal_0029,B,M1,True,R,-5.184626571114543,100,0.54,46,54,-0.5832332586314386,-9.104331985452001
M1,29,nominal,M1_nominal_0029,B,M1,True,L,-0.6508587780428478,100,0.01,99,1,-0.654648360316863,-0.2756901329153443
M1,29,nominal,M1_nominal_0029,B,M2,True,R,-2633.7260095772654,100,0.6,40,60,-0.604248203323022,-4389.140517159892
M1,29,nominal,M1_nominal_0029,B,M2,True,L,-0.6510345215264088,100,0.0,100,0,-0.6510345215264088,
M1,29,nominal,M1_nominal_0029,B,M3,True,R,-1.5805818302883723,100,0.5,50,50,-0.531094385458909,-2.6300692751178354
M1,29,nominal,M1_nominal_0029,B,M3,True,L,-0.6497512804218064,100,0.0,100,0,-0.6497512804218064,
M1,30,nominal,M1_nominal_0030,B,M1,True,R,-1.286839251761558,100,0.0,100,0,-1.286839251761558,
M1,30,nominal,M1_nominal_0030,B,M1,True,L,-1.243309122097513,100,0.01,99,1,-1.2478383802030908,-0.7949125696452709
M1,30,nominal,M1_nominal_0030,B,M2,True,R,-1.2851258543757884,100,0.0,100,0,-1.2851258543757884,
M1,30,nominal,M1_nominal_0030,B,M2,True,L,-1.2375823778690895,100,0.02,98,2,-1.2471090022714244,-0.7707777821546843
M1,30,nominal,M1_nominal_0030,B,M3,True,R,-1.2891717251154202,100,0.0,100,0,-1.2891717251154202,
M1,30,nominal,M1_nominal_0030,B,M3,True,L,-1.2396065964907619,100,0.0,100,0,-1.2396065964907619,
M1,31,nominal,M1_nominal_0031,B,M1,True,R,-184.69364803692702,100,0.64,36,64,-1.067081905709771,-287.9835914857367
M1,31,nominal,M1_nominal_0031,B,M1,True,L,-1.910680355789554,100,0.01,99,1,-1.9214552654531132,-0.8439642990971992
M1,31,nominal,M1_nominal_0031,B,M2,True,R,-957112.1614476313,100,0.69,31,69,-1.1190193476519368,-1387118.5718139613
M1,31,nominal,M1_nominal_0031,B,M2,True,L,-1.8896045157343213,100,0.0,100,0,-1.8896045157343213,
M1,31,nominal,M1_nominal_0031,B,M3,True,R,-40.21839522188004,100,0.61,39,61,-1.1085611299117653,-65.22304324789255
M1,31,nominal,M1_nominal_0031,B,M3,True,L,-1.9013012664430504,100,0.0,100,0,-1.9013012664430504,
M1,32,nominal,M1_nominal_0032,B,M1,True,R,-0.8894491490051567,100,0.47,53,47,-0.9251880082956365,-0.8491478821456795
M1,32,nominal,M1_nominal_0032,B,M1,True,L,-0.9983351381680511,100,0.0,100,0,-0.9983351381680511,
M1,32,nominal,M1_nominal_0032,B,M2,True,R,-24.06446653017039,100,0.57,43,57,-1.0991756450535606,-41.38915965403046
M1,32,nominal,M1_nominal_0032,B,M2,True,L,-0.9974694643584772,100,0.0,100,0,-0.9974694643584772,
M1,32,nominal,M1_nominal_0032,B,M3,True,R,-0.852728311286819,100,0.43,57,43,-0.8475927426403203,-0.8595359255391544
M1,32,nominal,M1_nominal_0032,B,M3,True,L,-0.9981980005841777,100,0.0,100,0,-0.9981980005841777,
M1,33,nominal,M1_nominal_0033,B,M1,True,R,-1.4152776816554669,100,0.0,100,0,-1.4152776816554669,
M1,33,nominal,M1_nominal_0033,B,M1,True,L,-1.5968878975374456,100,0.0,100,0,-1.5968878975374456,
M1,33,nominal,M1_nominal_0033,B,M2,True,R,-1.422047397141099,100,0.0,100,0,-1.422047397141099,
M1,33,nominal,M1_nominal_0033,B,M2,True,L,-1.597887489390389,100,0.0,100,0,-1.597887489390389,
M1,33,nominal,M1_nominal_0033,B,M3,True,R,-1.4138852948353908,100,0.03,97,3,-1.4187156105250462,-1.257705087536536
M1,33,nominal,M1_nominal_0033,B,M3,True,L,-1.5987983750283856,100,0.02,98,2,-1.5874327948168352,-2.155711805394367
M1,34,nominal,M1_nominal_0034,B,M1,True,R,-1.2933347904143218,100,0.0,100,0,-1.2933347904143218,
M1,34,nominal,M1_nominal_0034,B,M1,True,L,-1.3981541616826676,100,0.02,98,2,-1.39111112205123,-1.7432631036231134
M1,34,nominal,M1_nominal_0034,B,M2,True,R,-1.291844237035356,100,0.07,93,7,-1.314883877680999,-0.9857461541718148
M1,34,nominal,M1_nominal_0034,B,M2,True,L,-1.3968200541790445,100,0.01,99,1,-1.400878640092244,-0.9950200487722929
M1,34,nominal,M1_nominal_0034,B,M3,True,R,-1.294225011265835,100,0.0,100,0,-1.294225011265835,
M1,34,nominal,M1_nominal_0034,B,M3,True,L,-1.398121117950882,100,0.0,100,0,-1.398121117950882,
M1,35,nominal,M1_nominal_0035,B,M1,True,R,-1.0255375326636504,100,0.0,100,0,-1.0255375326636504,
M1,35,nominal,M1_nominal_0035,B,M1,True,L,-1.4118369652735019,100,0.0,100,0,-1.4118369652735019,
M1,35,nominal,M1_nominal_0035,B,M2,True,R,-1.0329104923481087,100,0.0,100,0,-1.0329104923481087,
M1,35,nominal,M1_nominal_0035,B,M2,True,L,-1.426071935471349,100,0.0,100,0,-1.426071935471349,
M1,35,nominal,M1_nominal_0035,B,M3,True,R,-1.0266763430391033,100,0.0,100,0,-1.0266763430391033,
M1,35,nominal,M1_nominal_0035,B,M3,True,L,-1.422469376873371,100,0.0,100,0,-1.422469376873371,
M1,36,nominal,M1_nominal_0036,B,M1,True,R,-1.7010469438195492,100,0.06,94,6,-1.6806918664776098,-2.0199431555099263
M1,36,nominal,M1_nominal_0036,B,M1,True,L,-2.135766916864256,100,0.0,100,0,-2.135766916864256,
M1,36,nominal,M1_nominal_0036,B,M2,True,R,-1.7002761789858798,100,0.06,94,6,-1.679388285386072,-2.0275198453828653
M1,36,nominal,M1_nominal_0036,B,M2,True,L,-2.134783187730075,100,0.0,100,0,-2.134783187730075,
M1,36,nominal,M1_nominal_0036,B,M3,True,R,-1.6967402966876386,100,0.0,100,0,-1.6967402966876386,
M1,36,nominal,M1_nominal_0036,B,M3,True,L,-2.135874106738523,100,0.0,100,0,-2.135874106738523,
M1,37,nominal,M1_nominal_0037,B,M1,True,R,-1.0057014949302394,100,0.01,99,1,-1.0101574346600692,-0.5645634616770776
M1,37,nominal,M1_nominal_0037,B,M1,True,L,-1.0776480100278252,100,0.0,100,0,-1.0776480100278252,
M1,37,nominal,M1_nominal_0037,B,M2,True,R,-1.0040961836432085,100,0.01,99,1,-1.008957595910837,-0.5228163691479716
M1,37,nominal,M1_nominal_0037,B,M2,True,L,-1.0660992948486545,100,0.0,100,0,-1.0660992948486545,
M1,37,nominal,M1_nominal_0037,B,M3,True,R,-1.0075965613937143,100,0.0,100,0,-1.0075965613937143,
M1,37,nominal,M1_nominal_0037,B,M3,True,L,-1.0761624451229563,100,0.02,98,2,-1.0743196647188393,-1.1664586849246874
M1,38,nominal,M1_nominal_0038,B,M1,True,R,-1.9259532607142997,100,0.04,96,4,-1.9319423154760555,-1.782215946432158
M1,38,nominal,M1_nominal_0038,B,M1,True,L,-2.742648852643743,100,0.01,99,1,-2.705210801708893,-6.449015895193954
M1,38,nominal,M1_nominal_0038,B,M2,True,R,-1.928648157442438,100,0.06,94,6,-1.9300253722186196,-1.9070717926155936
M1,38,nominal,M1_nominal_0038,B,M2,True,L,-2.7472449744768013,100,0.0,100,0,-2.7472449744768013,
M1,38,nominal,M1_nominal_0038,B,M3,True,R,-1.9276087105670063,100,0.02,98,2,-1.9445399082235868,-1.0979800253945622
M1,38,nominal,M1_nominal_0038,B,M3,True,L,-2.7436775396252386,100,0.01,99,1,-2.7441659666491636,-2.695323264256658
M1,39,nominal,M1_nominal_0039,B,M1,True,R,-1.3753780025776496,100,0.01,99,1,-1.3771052765298226,-1.2043778813125217
M1,39,nominal,M1_nominal_0039,B,M1,True,L,-1.80700168494165,100,0.05,95,5,-1.8058415774845422,-1.829043726626687
M1,39,nominal,M1_nominal_0039,B,M2,True,R,-1.3731509282396388,100,0.02,98,2,-1.3799454716833224,-1.0402182994991365
M1,39,nominal,M1_nominal_0039,B,M2,True,L,-1.8027173265881107,100,0.06,94,6,-1.8064736244955233,-1.7438686593719843
M1,39,nominal,M1_nominal_0039,B,M3,True,R,-1.3763998984752828,100,0.0,100,0,-1.3763998984752828,
M1,39,nominal,M1_nominal_0039,B,M3,True,L,-1.8076662786957725,100,0.0,100,0,-1.8076662786957725,
M1,40,nominal,M1_nominal_0040,B,M1,True,R,-1.2854932496718734,100,0.0,100,0,-1.2854932496718734,
M1,40,nominal,M1_nominal_0040,B,M1,True,L,-1.5576441554861638,100,0.0,100,0,-1.5576441554861638,
M1,40,nominal,M1_nominal_0040,B,M2,True,R,-1.2908733089524076,100,0.0,100,0,-1.2908733089524076,
M1,40,nominal,M1_nominal_0040,B,M2,True,L,-1.559779688110073,100,0.0,100,0,-1.559779688110073,
M1,40,nominal,M1_nominal_0040,B,M3,True,R,-1.289366146141513,100,0.0,100,0,-1.289366146141513,
M1,40,nominal,M1_nominal_0040,B,M3,True,L,-1.5561352189225843,100,0.0,100,0,-1.5561352189225843,
M1,41,nominal,M1_nominal_0041,B,M1,True,R,-1.246097016543169,100,0.0,100,0,-1.246097016543169,
M1,41,nominal,M1_nominal_0041,B,M1,True,L,-1.302593158795509,100,0.12,88,12,-1.1642952958414832,-2.3167774871250324
M1,41,nominal,M1_nominal_0041,B,M2,True,R,-1.2724365252334073,100,0.0,100,0,-1.2724365252334073,
M1,41,nominal,M1_nominal_0041,B,M2,True,L,-14.176845600953431,100,0.27,73,27,-1.3574364730675363,-48.836729539311605
M1,41,nominal,M1_nominal_0041,B,M3,True,R,-1.245834990103746,100,0.0,100,0,-1.245834990103746,
M1,41,nominal,M1_nominal_0041,B,M3,True,L,-0.9478740230623353,100,0.02,98,2,-0.9526679804400531,-0.7129701115541613
M1,42,nominal,M1_nominal_0042,B,M1,True,R,-1.49041235416487,100,0.01,99,1,-1.4850313961954953,-2.023127193132943
M1,42,nominal,M1_nominal_0042,B,M1,True,L,-1.7439805252009968,100,0.0,100,0,-1.7439805252009968,
M1,42,nominal,M1_nominal_0042,B,M2,True,R,-1.493876745764708,100,0.0,100,0,-1.493876745764708,
M1,42,nominal,M1_nominal_0042,B,M2,True,L,-1.749993092296562,100,0.0,100,0,-1.749993092296562,
M1,42,nominal,M1_nominal_0042,B,M3,True,R,-1.4918173067314249,100,0.0,100,0,-1.4918173067314249,
M1,42,nominal,M1_nominal_0042,B,M3,True,L,-1.7561233037771709,100,0.0,100,0,-1.7561233037771709,
M1,43,nominal,M1_nominal_0043,B,M1,True,R,-1.1089508432077526,100,0.18,82,18,-1.0641820914363433,-1.3128973790552836
M1,43,nominal,M1_nominal_0043,B,M1,True,L,-1.2900212481307252,100,0.03,97,3,-1.2804617658039315,-1.5991111766970565
M1,43,nominal,M1_nominal_0043,B,M2,True,R,-1.0790989868834717,100,0.08,92,8,-1.0895245176608102,-0.9592053829440776
M1,43,nominal,M1_nominal_0043,B,M2,True,L,-1.3058434500770049,100,0.02,98,2,-1.2994036774882591,-1.6213923069255458
M1,43,nominal,M1_nominal_0043,B,M3,True,R,-1.108585066916045,100,0.0,100,0,-1.108585066916045,
M1,43,nominal,M1_nominal_0043,B,M3,True,L,-1.286770222620338,100,0.0,100,0,-1.286770222620338,
M1,44,nominal,M1_nominal_0044,B,M1,True,R,-0.34064176636992366,100,0.38,62,38,-0.4373363138972076,-0.18287697829909155
M1,44,nominal,M1_nominal_0044,B,M1,True,L,-1.03457503861368,100,0.01,99,1,-1.0396035781081336,-0.5367496286627504
M1,44,nominal,M1_nominal_0044,B,M2,True,R,-41.97941219555273,100,0.44,56,44,-0.5570972328164902,-94.69872214812614
M1,44,nominal,M1_nominal_0044,B,M2,True,L,-1.0221639906231617,100,0.0,100,0,-1.0221639906231617,
M1,44,nominal,M1_nominal_0044,B,M3,True,R,-0.19357962986259544,100,0.31,69,31,-0.38980258958900993,0.24317469985103696
M1,44,nominal,M1_nominal_0044,B,M3,True,L,-1.0354847182782434,100,0.0,100,0,-1.0354847182782434,
M1,45,nominal,M1_nominal_0045,B,M1,True,R,-1.85858636027418,100,0.04,96,4,-1.8425841942950356,-2.2426383437736463
M1,45,nominal,M1_nominal_0045,B,M1,True,L,-1.854497994874074,100,0.0,100,0,-1.854497994874074,
M1,45,nominal,M1_nominal_0045,B,M2,True,R,-1.8597252289458897,100,0.01,99,1,-1.844520346505413,-3.3650085905530984
M1,45,nominal,M1_nominal_0045,B,M2,True,L,-1.8540586106002506,100,0.0,100,0,-1.8540586106002506,
M1,45,nominal,M1_nominal_0045,B,M3,True,R,-1.8586358667172178,100,0.0,100,0,-1.8586358667172178,
M1,45,nominal,M1_nominal_0045,B,M3,True,L,-1.8556154217601386,100,0.0,100,0,-1.8556154217601386,
M1,46,nominal,M1_nominal_0046,B,M1,True,R,-1.0006584314597515,100,0.0,100,0,-1.0006584314597515,
M1,46,nominal,M1_nominal_0046,B,M1,True,L,-1.022493187646198,100,0.0,100,0,-1.022493187646198,
M1,46,nominal,M1_nominal_0046,B,M2,True,R,-1.004606024513205,100,0.0,100,0,-1.004606024513205,
M1,46,nominal,M1_nominal_0046,B,M2,True,L,-1.014265516285358,100,0.0,100,0,-1.014265516285358,
M1,46,nominal,M1_nominal_0046,B,M3,True,R,-0.992749195316363,100,0.02,98,2,-0.9971732211901235,-0.7759719275020991
M1,46,nominal,M1_nominal_0046,B,M3,True,L,-1.02415861192449,100,0.0,100,0,-1.02415861192449,
M1,47,nominal,M1_nominal_0047,B,M1,True,R,-1.286432806526614,100,0.0,100,0,-1.286432806526614,
M1,47,nominal,M1_nominal_0047,B,M1,True,L,-1.0598232415165247,100,0.2,80,20,-1.252835582394383,-0.28777387800509224
M1,47,nominal,M1_nominal_0047,B,M2,True,R,-1.274933482817721,100,0.0,100,0,-1.274933482817721,
M1,47,nominal,M1_nominal_0047,B,M2,True,L,-3.438311793460386,100,0.21,79,21,-1.169206056953831,-11.974471468889808
M1,47,nominal,M1_nominal_0047,B,M3,True,R,-1.277245930326003,100,0.0,100,0,-1.277245930326003,
M1,47,nominal,M1_nominal_0047,B,M3,True,L,-1.2009072112111152,100,0.03,97,3,-1.2333430256715856,-0.15214921032257747
M1,48,nominal,M1_nominal_0048,B,M1,True,R,-1.255121202839107,100,0.0,100,0,-1.255121202839107,
M1,48,nominal,M1_nominal_0048,B,M1,True,L,-1.4273281895674361,100,0.05,95,5,-1.4187536097383873,-1.5902452063193713
M1,48,nominal,M1_nominal_0048,B,M2,True,R,-1.2594891857652355,100,0.0,100,0,-1.2594891857652355,
M1,48,nominal,M1_nominal_0048,B,M2,True,L,-1.426391661588001,100,0.04,96,4,-1.4315831991474017,-1.301794760162388
M1,48,nominal,M1_nominal_0048,B,M3,True,R,-1.2514370832434998,100,0.0,100,0,-1.2514370832434998,
M1,48,nominal,M1_nominal_0048,B,M3,True,L,-1.4297662382981255,100,0.0,100,0,-1.4297662382981255,
M1,49,nominal,M1_nominal_0049,B,M1,True,R,-1.21224038987362,100,0.0,100,0,-1.21224038987362,
M1,49,nominal,M1_nominal_0049,B,M1,True,L,-1.3545062988838057,100,0.0,100,0,-1.3545062988838057,
M1,49,nominal,M1_nominal_0049,B,M2,True,R,-1.212031671573713,100,0.0,100,0,-1.212031671573713,
M1,49,nominal,M1_nominal_0049,B,M2,True,L,-1.364060345209484,100,0.0,100,0,-1.364060345209484,
M1,49,nominal,M1_nominal_0049,B,M3,True,R,-1.2161936786742302,100,0.01,99,1,-1.221490755982781,-0.6917830251277094
M1,49,nominal,M1_nominal_0049,B,M3,True,L,-1.3555091049867374,100,0.0,100,0,-1.3555091049867374,
M1,50,nominal,M1_nominal_0050,B,M1,True,R,-1.4431617421403808,100,0.0,100,0,-1.4431617421403808,
M1,50,nominal,M1_nominal_0050,B,M1,True,L,-1.8893029664511958,100,0.0,100,0,-1.8893029664511958,
M1,50,nominal,M1_nominal_0050,B,M2,True,R,-1.442968659356836,100,0.0,100,0,-1.442968659356836,
M1,50,nominal,M1_nominal_0050,B,M2,True,L,-1.8892716348941163,100,0.0,100,0,-1.8892716348941163,
M1,50,nominal,M1_nominal_0050,B,M3,True,R,-1.4428717423118014,100,0.0,100,0,-1.4428717423118014,
M1,50,nominal,M1_nominal_0050,B,M3,True,L,-1.893500373368712,100,0.0,100,0,-1.893500373368712,
M1,51,nominal,M1_nominal_0051,B,M1,True,R,-0.6951144167515705,100,0.01,99,1,-0.694799345834711,-0.726306437520649
M1,51,nominal,M1_nominal_0051,B,M1,True,L,-0.7350445093285083,100,0.0,100,0,-0.7350445093285083,
M1,51,nominal,M1_nominal_0051,B,M2,True,R,-0.6956751888173568,100,0.0,100,0,-0.6956751888173568,
M1,51,nominal,M1_nominal_0051,B,M2,True,L,-0.7354437624364405,100,0.0,100,0,-0.7354437624364405,
M1,51,nominal,M1_nominal_0051,B,M3,True,R,-0.6971536084459062,100,0.0,100,0,-0.6971536084459062,
M1,51,nominal,M1_nominal_0051,B,M3,True,L,-0.7339016516756344,100,0.0,100,0,-0.7339016516756344,
M1,52,nominal,M1_nominal_0052,B,M1,True,R,-1.330524141110008,100,0.09,91,9,-1.352377274689108,-1.1095646793657719
M1,52,nominal,M1_nominal_0052,B,M1,True,L,-1.3864779297867167,100,0.29,71,29,-1.2718798373330193,-1.6670456733802528
M1,52,nominal,M1_nominal_0052,B,M2,True,R,-1.3230092270999785,100,0.01,99,1,-1.3274755294670613,-0.8808452927587875
M1,52,nominal,M1_nominal_0052,B,M2,True,L,-245.5399772072769,100,0.3,70,30,-1.2814056779301093,-815.4766441090859
M1,52,nominal,M1_nominal_0052,B,M3,True,R,-1.3340275574572718,100,0.0,100,0,-1.3340275574572718,
M1,52,nominal,M1_nominal_0052,B,M3,True,L,-1.5725416098987737,100,0.22,78,22,-1.276365794341824,-2.622619501418867
M1,53,nominal,M1_nominal_0053,B,M1,True,R,-0.999122591225566,100,0.0,100,0,-0.999122591225566,
M1,53,nominal,M1_nominal_0053,B,M1,True,L,-0.7852717064459449,100,0.0,100,0,-0.7852717064459449,
M1,53,nominal,M1_nominal_0053,B,M2,True,R,-0.9914127839938591,100,0.0,100,0,-0.9914127839938591,
M1,53,nominal,M1_nominal_0053,B,M2,True,L,-0.7906902277718263,100,0.0,100,0,-0.7906902277718263,
M1,53,nominal,M1_nominal_0053,B,M3,True,R,-0.998966671976291,100,0.01,99,1,-0.9796708636042774,-2.9092517008056538
M1,53,nominal,M1_nominal_0053,B,M3,True,L,-0.7876784835691936,100,0.0,100,0,-0.7876784835691936,
M1,54,nominal,M1_nominal_0054,B,M1,True,R,-1.3011766475617177,100,0.01,99,1,-1.3063379654513274,-0.7902061764903825
M1,54,nominal,M1_nominal_0054,B,M1,True,L,-1.5155791983946758,100,0.0,100,0,-1.5155791983946758,
M1,54,nominal,M1_nominal_0054,B,M2,True,R,-1.3015314212244025,100,0.01,99,1,-1.3066286053009044,-0.7969101976507232
M1,54,nominal,M1_nominal_0054,B,M2,True,L,-1.5180278582744953,100,0.03,97,3,-1.5222563095307942,-1.38130793432084
M1,54,nominal,M1_nominal_0054,B,M3,True,R,-1.3027159198823641,100,0.0,100,0,-1.3027159198823641,
M1,54,nominal,M1_nominal_0054,B,M3,True,L,-1.511669887419891,100,0.0,100,0,-1.511669887419891,
M1,55,nominal,M1_nominal_0055,B,M1,True,R,-0.7787872473843324,100,0.0,100,0,-0.7787872473843324,
M1,55,nominal,M1_nominal_0055,B,M1,True,L,-1.061265096621773,100,0.0,100,0,-1.061265096621773,
M1,55,nominal,M1_nominal_0055,B,M2,True,R,-0.783054763930376,100,0.01,99,1,-0.7875500431854952,-0.33802211767355517
M1,55,nominal,M1_nominal_0055,B,M2,True,L,-1.0646930378633774,100,0.01,99,1,-1.0479427193058521,-2.7229745750583665
M1,55,nominal,M1_nominal_0055,B,M3,True,R,-0.779071125552489,100,0.0,100,0,-0.779071125552489,
M1,55,nominal,M1_nominal_0055,B,M3,True,L,-1.0674180723743476,100,0.01,99,1,-1.0717869767282433,-0.6348965413386713
M1,56,nominal,M1_nominal_0056,B,M1,True,R,-0.9271652172369385,100,0.0,100,0,-0.9271652172369385,
M1,56,nominal,M1_nominal_0056,B,M1,True,L,-1.1078323737072635,100,0.0,100,0,-1.1078323737072635,
M1,56,nominal,M1_nominal_0056,B,M2,True,R,-0.929805632728508,100,0.0,100,0,-0.929805632728508,
M1,56,nominal,M1_nominal_0056,B,M2,True,L,-1.0840941109060271,100,0.0,100,0,-1.0840941109060271,
M1,56,nominal,M1_nominal_0056,B,M3,True,R,-0.9264074825573176,100,0.0,100,0,-0.9264074825573176,
M1,56,nominal,M1_nominal_0056,B,M3,True,L,-1.1198719357662679,100,0.0,100,0,-1.1198719357662679,
M1,57,nominal,M1_nominal_0057,B,M1,True,R,0.12684732235083815,100,0.0,100,0,0.12684732235083815,
M1,57,nominal,M1_nominal_0057,B,M1,True,L,0.29305177600701265,100,0.03,97,3,0.2743801732973883,0.8967669302848686
M1,57,nominal,M1_nominal_0057,B,M2,True,R,0.1292996539197142,100,0.0,100,0,0.1292996539197142,
M1,57,nominal,M1_nominal_0057,B,M2,True,L,0.2909536076280579,100,0.0,100,0,0.2909536076280579,
M1,57,nominal,M1_nominal_0057,B,M3,True,R,0.1283923499239746,100,0.0,100,0,0.1283923499239746,
M1,57,nominal,M1_nominal_0057,B,M3,True,L,0.29286508284751167,100,0.0,100,0,0.29286508284751167,
M1,58,nominal,M1_nominal_0058,B,M1,True,R,-1524.5009299959672,100,0.54,46,54,-1.1137894660303176,-2822.2010867436916
M1,58,nominal,M1_nominal_0058,B,M1,True,L,-0.9227346848118008,100,0.0,100,0,-0.9227346848118008,
M1,58,nominal,M1_nominal_0058,B,M2,True,R,-3882203.970167175,100,0.55,45,55,-1.0551322420294038,-7058551.809741207
M1,58,nominal,M1_nominal_0058,B,M2,True,L,-0.9337401484960776,100,0.0,100,0,-0.9337401484960776,
M1,58,nominal,M1_nominal_0058,B,M3,True,R,-279.46096493022964,100,0.56,44,56,-0.9712736101062329,-498.27429382461224
M1,58,nominal,M1_nominal_0058,B,M3,True,L,-0.9071273185277913,100,0.0,100,0,-0.9071273185277913,
M1,59,nominal,M1_nominal_0059,B,M1,True,R,-0.9949798265194064,100,0.01,99,1,-0.9988720902896562,-0.6096457132646964
M1,59,nominal,M1_nominal_0059,B,M1,True,L,-1.3632477579533193,100,0.0,100,0,-1.3632477579533193,
M1,59,nominal,M1_nominal_0059,B,M2,True,R,-0.991367832316741,100,0.02,98,2,-0.9949416233003329,-0.8162520741207271
M1,59,nominal,M1_nominal_0059,B,M2,True,L,-1.3566729927264478,100,0.0,100,0,-1.3566729927264478,
M1,59,nominal,M1_nominal_0059,B,M3,True,R,-0.9943114832662373,100,0.0,100,0,-0.9943114832662373,
M1,59,nominal,M1_nominal_0059,B,M3,True,L,-1.362510352411466,100,0.0,100,0,-1.362510352411466,
M1,60,nominal,M1_nominal_0060,B,M1,True,R,-1.2280964580172637,100,0.01,99,1,-1.2218110183748685,-1.850354982614418
M1,60,nominal,M1_nominal_0060,B,M1,True,L,-1.2315620946114891,100,0.0,100,0,-1.2315620946114891,
M1,60,nominal,M1_nominal_0060,B,M2,True,R,-1.2347434996908093,100,0.02,98,2,-1.2310778528216944,-1.4143601962774408
M1,60,nominal,M1_nominal_0060,B,M2,True,L,-1.2462686139780026,100,0.0,100,0,-1.2462686139780026,
M1,60,nominal,M1_nominal_0060,B,M3,True,R,-1.2280812258230667,100,0.0,100,0,-1.2280812258230667,
M1,60,nominal,M1_nominal_0060,B,M3,True,L,-1.225691160745917,100,0.0,100,0,-1.225691160745917,
M1,61,nominal,M1_nominal_0061,B,M1,True,R,-1.0465583719486122,100,0.0,100,0,-1.0465583719486122,
M1,61,nominal,M1_nominal_0061,B,M1,True,L,-1.032059281778997,100,0.01,99,1,-1.0287288156386036,-1.361775429677935
M1,61,nominal,M1_nominal_0061,B,M2,True,R,-1.047907638221668,100,0.0,100,0,-1.047907638221668,
M1,61,nominal,M1_nominal_0061,B,M2,True,L,-1.0301779313521953,100,0.0,100,0,-1.0301779313521953,
M1,61,nominal,M1_nominal_0061,B,M3,True,R,-1.0443160616005445,100,0.0,100,0,-1.0443160616005445,
M1,61,nominal,M1_nominal_0061,B,M3,True,L,-1.0338838043861054,100,0.0,100,0,-1.0338838043861054,
M1,62,nominal,M1_nominal_0062,B,M1,True,R,-1.2446272474507325,100,0.0,100,0,-1.2446272474507325,
M1,62,nominal,M1_nominal_0062,B,M1,True,L,-1.7949710717738856,100,0.0,100,0,-1.7949710717738856,
M1,62,nominal,M1_nominal_0062,B,M2,True,R,-1.241416121665033,100,0.0,100,0,-1.241416121665033,
M1,62,nominal,M1_nominal_0062,B,M2,True,L,-1.8006561717874445,100,0.0,100,0,-1.8006561717874445,
M1,62,nominal,M1_nominal_0062,B,M3,True,R,-1.2416069473279143,100,0.0,100,0,-1.2416069473279143,
M1,62,nominal,M1_nominal_0062,B,M3,True,L,-1.7939443607373153,100,0.0,100,0,-1.7939443607373153,
M1,63,nominal,M1_nominal_0063,B,M1,True,R,-1.247422035351652,100,0.0,100,0,-1.247422035351652,
M1,63,nominal,M1_nominal_0063,B,M1,True,L,-1.3490238484015618,100,0.0,100,0,-1.3490238484015618,
M1,63,nominal,M1_nominal_0063,B,M2,True,R,-1.2475363009045295,100,0.0,100,0,-1.2475363009045295,
M1,63,nominal,M1_nominal_0063,B,M2,True,L,-1.3489458959301024,100,0.0,100,0,-1.3489458959301024,
M1,63,nominal,M1_nominal_0063,B,M3,True,R,-1.246956495834511,100,0.0,100,0,-1.246956495834511,
M1,63,nominal,M1_nominal_0063,B,M3,True,L,-1.3496472527038688,100,0.0,100,0,-1.3496472527038688,
M1,64,nominal,M1_nominal_0064,B,M1,True,R,-1.4674710139550846,100,0.0,100,0,-1.4674710139550846,
M1,64,nominal,M1_nominal_0064,B,M1,True,L,-1.6467858691196633,100,0.0,100,0,-1.6467858691196633,
M1,64,nominal,M1_nominal_0064,B,M2,True,R,-1.4681972463810746,100,0.0,100,0,-1.4681972463810746,
M1,64,nominal,M1_nominal_0064,B,M2,True,L,-1.6504103774241228,100,0.0,100,0,-1.6504103774241228,
M1,64,nominal,M1_nominal_0064,B,M3,True,R,-1.466708614111143,100,0.0,100,0,-1.466708614111143,
M1,64,nominal,M1_nominal_0064,B,M3,True,L,-1.6466668230252894,100,0.0,100,0,-1.6466668230252894,
M1,65,nominal,M1_nominal_0065,B,M1,True,R,-1.277375758117787,100,0.0,100,0,-1.277375758117787,
M1,65,nominal,M1_nominal_0065,B,M1,True,L,-1.8877822146672762,100,0.06,94,6,-1.9146623505468594,-1.4666600858871346
M1,65,nominal,M1_nominal_0065,B,M2,True,R,-1.278217478213329,100,0.01,99,1,-1.2742297965065557,-1.672997967183907
M1,65,nominal,M1_nominal_0065,B,M2,True,L,-1.8909751557622838,100,0.02,98,2,-1.8966067272600362,-1.6150281523724082
M1,65,nominal,M1_nominal_0065,B,M3,True,R,-1.2770446412389311,100,0.0,100,0,-1.2770446412389311,
M1,65,nominal,M1_nominal_0065,B,M3,True,L,-1.8897407446305516,100,0.0,100,0,-1.8897407446305516,
M1,66,nominal,M1_nominal_0066,B,M1,True,R,-1.670103192611385,100,0.0,100,0,-1.670103192611385,
M1,66,nominal,M1_nominal_0066,B,M1,True,L,-1.9497853112323558,100,0.08,92,8,-1.9940244150891346,-1.4410356168793985
M1,66,nominal,M1_nominal_0066,B,M2,True,R,-1.6687135440376355,100,0.0,100,0,-1.6687135440376355,
M1,66,nominal,M1_nominal_0066,B,M2,True,L,-1.9365534471604207,100,0.02,98,2,-1.9513134227643463,-1.213314642568071
M1,66,nominal,M1_nominal_0066,B,M3,True,R,-1.6713350136868792,100,0.0,100,0,-1.6713350136868792,
M1,66,nominal,M1_nominal_0066,B,M3,True,L,-1.950102641077373,100,0.0,100,0,-1.950102641077373,
M1,67,nominal,M1_nominal_0067,B,M1,True,R,-1.3562197760832322,100,0.0,100,0,-1.3562197760832322,
M1,67,nominal,M1_nominal_0067,B,M1,True,L,-1.6041466051481381,100,0.01,99,1,-1.6107297548190715,-0.9524147877257328
M1,67,nominal,M1_nominal_0067,B,M2,True,R,-1.347976077821405,100,0.0,100,0,-1.347976077821405,
M1,67,nominal,M1_nominal_0067,B,M2,True,L,-1.6077934794744748,100,0.01,99,1,-1.614186235569594,-0.9749106260576951
M1,67,nominal,M1_nominal_0067,B,M3,True,R,-1.3458969685867888,100,0.01,99,1,-1.3515897352251556,-0.7823130713884665
M1,67,nominal,M1_nominal_0067,B,M3,True,L,-1.6324120032242433,100,0.02,98,2,-1.641065886258165,-1.208371734562084
M1,68,nominal,M1_nominal_0068,B,M1,True,R,-1.217175266005703,100,0.01,99,1,-1.2125343933113708,-1.6766216627445731
M1,68,nominal,M1_nominal_0068,B,M1,True,L,-1.5124318627720799,100,0.01,99,1,-1.5128345751503278,-1.4725633373255107
M1,68,nominal,M1_nominal_0068,B,M2,True,R,-1.2120182520062337,100,0.04,96,4,-1.2134575053041707,-1.1774761728557441
M1,68,nominal,M1_nominal_0068,B,M2,True,L,-1.509609796588976,100,0.01,99,1,-1.5097580061145774,-1.4949370535544608
M1,68,nominal,M1_nominal_0068,B,M3,True,R,-1.2090282127725107,100,0.0,100,0,-1.2090282127725107,
M1,68,nominal,M1_nominal_0068,B,M3,True,L,-1.5046312848723415,100,0.0,100,0,-1.5046312848723415,
M1,69,nominal,M1_nominal_0069,B,M1,True,R,-1.578343839877829,100,0.17,83,17,-1.6180124656741,-1.3846676080489744
M1,69,nominal,M1_nominal_0069,B,M1,True,L,-1.644521896538783,100,0.01,99,1,-1.650016593839084,-1.1005468638089606
M1,69,nominal,M1_nominal_0069,B,M2,True,R,-1.5782398480728168,100,0.06,94,6,-1.5952414384179943,-1.3118815993317006
M1,69,nominal,M1_nominal_0069,B,M2,True,L,-1.6457151848339218,100,0.08,92,8,-1.655287866368812,-1.535629347182682
M1,69,nominal,M1_nominal_0069,B,M3,True,R,-1.58100612717855,100,0.0,100,0,-1.58100612717855,
M1,69,nominal,M1_nominal_0069,B,M3,True,L,-1.6449287536654498,100,0.0,100,0,-1.6449287536654498,
M1,70,nominal,M1_nominal_0070,B,M1,True,R,-1.0336394697036482,100,0.0,100,0,-1.0336394697036482,
M1,70,nominal,M1_nominal_0070,B,M1,True,L,-1.2356042344625215,100,0.08,92,8,-1.2690982932605956,-0.8504225582846697
M1,70,nominal,M1_nominal_0070,B,M2,True,R,-1.0389089354646472,100,0.0,100,0,-1.0389089354646472,
M1,70,nominal,M1_nominal_0070,B,M2,True,L,-1.2341578897852206,100,0.0,100,0,-1.2341578897852206,
M1,70,nominal,M1_nominal_0070,B,M3,True,R,-1.0350028778970124,100,0.0,100,0,-1.0350028778970124,
M1,70,nominal,M1_nominal_0070,B,M3,True,L,-1.229164335019509,100,0.0,100,0,-1.229164335019509,
M1,71,nominal,M1_nominal_0071,B,M1,True,R,-1.8069246528450942,100,0.0,100,0,-1.8069246528450942,
M1,71,nominal,M1_nominal_0071,B,M1,True,L,-1.9628485173974917,100,0.0,100,0,-1.9628485173974917,
M1,71,nominal,M1_nominal_0071,B,M2,True,R,-1.8113399846772813,100,0.0,100,0,-1.8113399846772813,
M1,71,nominal,M1_nominal_0071,B,M2,True,L,-1.9634472270769323,100,0.0,100,0,-1.9634472270769323,
M1,71,nominal,M1_nominal_0071,B,M3,True,R,-1.8106213877584654,100,0.03,97,3,-1.817032728008406,-1.6033213863437121
M1,71,nominal,M1_nominal_0071,B,M3,True,L,-1.9651024578854512,100,0.0,100,0,-1.9651024578854512,
M1,72,nominal,M1_nominal_0072,B,M1,True,R,-1.794546042657101,100,0.03,97,3,-1.784328192700391,-2.124923191257381
M1,72,nominal,M1_nominal_0072,B,M1,True,L,-1.9871462253259535,100,0.06,94,6,-1.9879637851442788,-1.974337788172192
M1,72,nominal,M1_nominal_0072,B,M2,True,R,-1.7968254425981995,100,0.01,99,1,-1.7833577524715465,-3.130126765136832
M1,72,nominal,M1_nominal_0072,B,M2,True,L,-1.9863151104747871,100,0.06,94,6,-1.9871167454908933,-1.9737561618891177
M1,72,nominal,M1_nominal_0072,B,M3,True,R,-1.8002755108161737,100,0.0,100,0,-1.8002755108161737,
M1,72,nominal,M1_nominal_0072,B,M3,True,L,-1.9884166284542706,100,0.0,100,0,-1.9884166284542706,
M1,73,nominal,M1_nominal_0073,B,M1,True,R,-0.7257052805413351,100,0.01,99,1,-0.7313632543028636,-0.16556587815000784
M1,73,nominal,M1_nominal_0073,B,M1,True,L,-1.6759432635317437,100,0.01,99,1,-1.6728321343154466,-1.9839450559451277
M1,73,nominal,M1_nominal_0073,B,M2,True,R,-0.7240098830996305,100,0.01,99,1,-0.7296732814802018,-0.16333344342307843
M1,73,nominal,M1_nominal_0073,B,M2,True,L,-1.6765873476825166,100,0.0,100,0,-1.6765873476825166,
M1,73,nominal,M1_nominal_0073,B,M3,True,R,-0.7235402332760045,100,0.0,100,0,-0.7235402332760045,
M1,73,nominal,M1_nominal_0073,B,M3,True,L,-1.6762458008183834,100,0.0,100,0,-1.6762458008183834,
M1,74,nominal,M1_nominal_0074,B,M1,True,R,-1.2168418876160902,100,0.0,100,0,-1.2168418876160902,
M1,74,nominal,M1_nominal_0074,B,M1,True,L,-1.277097701510205,100,0.0,100,0,-1.277097701510205,
M1,74,nominal,M1_nominal_0074,B,M2,True,R,-1.214335131371145,100,0.0,100,0,-1.214335131371145,
M1,74,nominal,M1_nominal_0074,B,M2,True,L,-1.2750203981774566,100,0.0,100,0,-1.2750203981774566,
M1,74,nominal,M1_nominal_0074,B,M3,True,R,-1.2141009944327883,100,0.0,100,0,-1.2141009944327883,
M1,74,nominal,M1_nominal_0074,B,M3,True,L,-1.282483585317032,100,0.0,100,0,-1.282483585317032,
M1,75,nominal,M1_nominal_0075,B,M1,True,R,-1.2769686276107517,100,0.0,100,0,-1.2769686276107517,
M1,75,nominal,M1_nominal_0075,B,M1,True,L,-1.2930778834154397,100,0.01,99,1,-1.2969747835771495,-0.907284767406206
M1,75,nominal,M1_nominal_0075,B,M2,True,R,-1.2770395323278263,100,0.0,100,0,-1.2770395323278263,
M1,75,nominal,M1_nominal_0075,B,M2,True,L,-1.2933929167095854,100,0.04,96,4,-1.3078626385921899,-0.9461195915270763
M1,75,nominal,M1_nominal_0075,B,M3,True,R,-1.2779084043995186,100,0.01,99,1,-1.2761192628252418,-1.4550334202528976
M1,75,nominal,M1_nominal_0075,B,M3,True,L,-1.2936448805631189,100,0.0,100,0,-1.2936448805631189,
M1,76,nominal,M1_nominal_0076,B,M1,True,R,-1.5197865000953221,100,0.0,100,0,-1.5197865000953221,
M1,76,nominal,M1_nominal_0076,B,M1,True,L,-1.813194639757391,100,0.02,98,2,-1.8096355728918285,-1.9875889161699596
M1,76,nominal,M1_nominal_0076,B,M2,True,R,-1.5177663354088795,100,0.01,99,1,-1.5206563936471211,-1.2316505698229512
M1,76,nominal,M1_nominal_0076,B,M2,True,L,-1.812147932225035,100,0.03,97,3,-1.8033579060553722,-2.0963587783774766
M1,76,nominal,M1_nominal_0076,B,M3,True,R,-1.5103683383842752,100,0.0,100,0,-1.5103683383842752,
M1,76,nominal,M1_nominal_0076,B,M3,True,L,-1.8167254842774612,100,0.0,100,0,-1.8167254842774612,
M1,77,nominal,M1_nominal_0077,B,M1,True,R,-1.5959090918315462,100,0.0,100,0,-1.5959090918315462,
M1,77,nominal,M1_nominal_0077,B,M1,True,L,-1.735019100528992,100,0.02,98,2,-1.7396795255411965,-1.5066582749309707
M1,77,nominal,M1_nominal_0077,B,M2,True,R,-1.5905098326428362,100,0.0,100,0,-1.5905098326428362,
M1,77,nominal,M1_nominal_0077,B,M2,True,L,-1.7138086392322582,100,0.09,91,9,-1.6937522538897845,-1.916600979917269
M1,77,nominal,M1_nominal_0077,B,M3,True,R,-1.5929720496622917,100,0.01,99,1,-1.5962383377269616,-1.2696095312600233
M1,77,nominal,M1_nominal_0077,B,M3,True,L,-1.7292571912376036,100,0.0,100,0,-1.7292571912376036,
M1,78,nominal,M1_nominal_0078,B,M1,True,R,-0.22951165285751052,100,0.45,55,45,-0.49621493796884736,0.09645902894523435
M1,78,nominal,M1_nominal_0078,B,M1,True,L,-0.8136312180230323,100,0.01,99,1,-0.8124036859748895,-0.9351568907891585
M1,78,nominal,M1_nominal_0078,B,M2,True,R,-35.954565429097194,100,0.49,51,49,-0.4859856752337526,-72.87084231577138
M1,78,nominal,M1_nominal_0078,B,M2,True,L,-0.8148017454556526,100,0.0,100,0,-0.8148017454556526,
M1,78,nominal,M1_nominal_0078,B,M3,True,R,-0.2387750390756053,100,0.45,55,45,-0.46456571809135183,0.03719134638808492
M1,78,nominal,M1_nominal_0078,B,M3,True,L,-0.8147809724825127,100,0.0,100,0,-0.8147809724825127,
M1,79,nominal,M1_nominal_0079,B,M1,True,R,-1.2477345310733303,100,0.0,100,0,-1.2477345310733303,
M1,79,nominal,M1_nominal_0079,B,M1,True,L,-1.427572711746995,100,0.0,100,0,-1.427572711746995,
M1,79,nominal,M1_nominal_0079,B,M2,True,R,-1.2495758206999887,100,0.0,100,0,-1.2495758206999887,
M1,79,nominal,M1_nominal_0079,B,M2,True,L,-1.421159628773475,100,0.0,100,0,-1.421159628773475,
M1,79,nominal,M1_nominal_0079,B,M3,True,R,-1.245456325695292,100,0.0,100,0,-1.245456325695292,
M1,79,nominal,M1_nominal_0079,B,M3,True,L,-1.4338378937640193,100,0.0,100,0,-1.4338378937640193,
M1,80,nominal,M1_nominal_0080,B,M1,True,R,-59.91367110149015,100,0.54,46,54,-1.3547750330912032,-109.79717515975592
M1,80,nominal,M1_nominal_0080,B,M1,True,L,-1.5380603016354388,100,0.0,100,0,-1.5380603016354388,
M1,80,nominal,M1_nominal_0080,B,M2,True,R,-25106.493392410186,100,0.55,45,55,-1.2481386671739552,-45647.14860001811
M1,80,nominal,M1_nominal_0080,B,M2,True,L,-1.5426951340274249,100,0.0,100,0,-1.5426951340274249,
M1,80,nominal,M1_nominal_0080,B,M3,True,R,-59.29035892780373,100,0.55,45,55,-1.5053649147066501,-106.56899039306496
M1,80,nominal,M1_nominal_0080,B,M3,True,L,-1.549939626495314,100,0.0,100,0,-1.549939626495314,
M1,81,nominal,M1_nominal_0081,B,M1,True,R,-1.8816357774766002,100,0.52,48,52,-0.786162064316342,-2.892842281932223
M1,81,nominal,M1_nominal_0081,B,M1,True,L,-0.9724507559795683,100,0.01,99,1,-0.9799143692741545,-0.23355303981552447
M1,81,nominal,M1_nominal_0081,B,M2,True,R,-69.2603717020276,100,0.65,35,65,-0.5353493570201333,-106.26615296472391
M1,81,nominal,M1_nominal_0081,B,M2,True,L,-0.9716184339780846,100,0.0,100,0,-0.9716184339780846,
M1,81,nominal,M1_nominal_0081,B,M3,True,R,-1.0522820455342528,100,0.44,56,44,-0.8096952617326096,-1.3610288612817991
M1,81,nominal,M1_nominal_0081,B,M3,True,L,-0.9730100230665782,100,0.0,100,0,-0.9730100230665782,
M1,82,nominal,M1_nominal_0082,B,M1,True,R,-1.497839352693402,100,0.0,100,0,-1.497839352693402,
M1,82,nominal,M1_nominal_0082,B,M1,True,L,-1.6034732298726573,100,0.02,98,2,-1.608298164075393,-1.3670514539386143
M1,82,nominal,M1_nominal_0082,B,M2,True,R,-1.5095818990248278,100,0.0,100,0,-1.5095818990248278,
M1,82,nominal,M1_nominal_0082,B,M2,True,L,-1.6166009382171436,100,0.0,100,0,-1.6166009382171436,
M1,82,nominal,M1_nominal_0082,B,M3,True,R,-1.493159447811905,100,0.03,97,3,-1.4737625218149497,-2.1203267217134587
M1,82,nominal,M1_nominal_0082,B,M3,True,L,-1.6023535707409795,100,0.0,100,0,-1.6023535707409795,
M1,83,nominal,M1_nominal_0083,B,M1,True,R,-1.3533810396565764,100,0.0,100,0,-1.3533810396565764,
M1,83,nominal,M1_nominal_0083,B,M1,True,L,-1.499401700078718,100,0.0,100,0,-1.499401700078718,
M1,83,nominal,M1_nominal_0083,B,M2,True,R,-1.353626384367822,100,0.0,100,0,-1.353626384367822,
M1,83,nominal,M1_nominal_0083,B,M2,True,L,-1.4997169332663867,100,0.01,99,1,-1.5037151879348927,-1.103889721084275
M1,83,nominal,M1_nominal_0083,B,M3,True,R,-1.3531992075500785,100,0.0,100,0,-1.3531992075500785,
M1,83,nominal,M1_nominal_0083,B,M3,True,L,-1.4994351874411669,100,0.0,100,0,-1.4994351874411669,
M1,84,nominal,M1_nominal_0084,B,M1,True,R,-0.9685566146049787,100,0.0,100,0,-0.9685566146049787,
M1,84,nominal,M1_nominal_0084,B,M1,True,L,-1.299602167472675,100,0.01,99,1,-1.3032823737280859,-0.9352617481870146
M1,84,nominal,M1_nominal_0084,B,M2,True,R,-0.9685943221734609,100,0.0,100,0,-0.9685943221734609,
M1,84,nominal,M1_nominal_0084,B,M2,True,L,-1.3037238002709244,100,0.0,100,0,-1.3037238002709244,
M1,84,nominal,M1_nominal_0084,B,M3,True,R,-0.9682043302816578,100,0.0,100,0,-0.9682043302816578,
M1,84,nominal,M1_nominal_0084,B,M3,True,L,-1.2993150820459498,100,0.0,100,0,-1.2993150820459498,
M1,85,nominal,M1_nominal_0085,B,M1,True,R,-1.5451443727694627,100,0.0,100,0,-1.5451443727694627,
M1,85,nominal,M1_nominal_0085,B,M1,True,L,-2.0712801161390675,100,0.01,99,1,-2.0591867414559637,-3.2685242097663223
M1,85,nominal,M1_nominal_0085,B,M2,True,R,-1.5430872548668992,100,0.0,100,0,-1.5430872548668992,
M1,85,nominal,M1_nominal_0085,B,M2,True,L,-2.0702211027462427,100,0.0,100,0,-2.0702211027462427,
M1,85,nominal,M1_nominal_0085,B,M3,True,R,-1.5478935813573673,100,0.0,100,0,-1.5478935813573673,
M1,85,nominal,M1_nominal_0085,B,M3,True,L,-2.0750202207336996,100,0.0,100,0,-2.0750202207336996,
M1,86,nominal,M1_nominal_0086,B,M1,True,R,-0.90523100325389,100,0.03,97,3,-0.9014715034453689,-1.026788163729412
M1,86,nominal,M1_nominal_0086,B,M1,True,L,-1.1667140384316141,100,0.0,100,0,-1.1667140384316141,
M1,86,nominal,M1_nominal_0086,B,M2,True,R,-0.9025131887514034,100,0.01,99,1,-0.9084725863488985,-0.3125328265993966
M1,86,nominal,M1_nominal_0086,B,M2,True,L,-1.1663654878180776,100,0.0,100,0,-1.1663654878180776,
M1,86,nominal,M1_nominal_0086,B,M3,True,R,-0.9082555971760847,100,0.0,100,0,-0.9082555971760847,
M1,86,nominal,M1_nominal_0086,B,M3,True,L,-1.1678437759852998,100,0.02,98,2,-1.1569984101557984,-1.6992667016308638
M1,87,nominal,M1_nominal_0087,B,M1,True,R,-2.0799403842782542,100,0.0,100,0,-2.0799403842782542,
M1,87,nominal,M1_nominal_0087,B,M1,True,L,-2.3769138094080815,100,0.04,96,4,-2.4183154171860415,-1.3832752227370442
M1,87,nominal,M1_nominal_0087,B,M2,True,R,-2.107667352183354,100,0.04,96,4,-2.032016559389462,-3.9232863792367527
M1,87,nominal,M1_nominal_0087,B,M2,True,L,-2.3756437554342282,100,0.0,100,0,-2.3756437554342282,
M1,87,nominal,M1_nominal_0087,B,M3,True,R,-2.0748070693680427,100,0.02,98,2,-2.0816874384766977,-1.7376689830439451
M1,87,nominal,M1_nominal_0087,B,M3,True,L,-2.375365383969923,100,0.01,99,1,-2.3558415119498584,-4.30822871395634
M1,88,nominal,M1_nominal_0088,B,M1,True,R,-1.5785225114653878,100,0.01,99,1,-1.5838353376660579,-1.0525527175990241
M1,88,nominal,M1_nominal_0088,B,M1,True,L,-1.6848472082927066,100,0.05,95,5,-1.6894564262887097,-1.5972720663686417
M1,88,nominal,M1_nominal_0088,B,M2,True,R,-1.5553061151626166,100,0.03,97,3,-1.5529774647192154,-1.630599146165931
M1,88,nominal,M1_nominal_0088,B,M2,True,L,-1.6784241640506394,100,0.02,98,2,-1.685686981515099,-1.3225461082921182
M1,88,nominal,M1_nominal_0088,B,M3,True,R,-1.5799557189913234,100,0.0,100,0,-1.5799557189913234,
M1,88,nominal,M1_nominal_0088,B,M3,True,L,-1.6891553897837135,100,0.0,100,0,-1.6891553897837135,
M1,89,nominal,M1_nominal_0089,B,M1,True,R,-1.119029864087858,100,0.0,100,0,-1.119029864087858,
M1,89,nominal,M1_nominal_0089,B,M1,True,L,-1.4079941215188723,100,0.01,99,1,-1.4109817622198422,-1.1122176921228337
M1,89,nominal,M1_nominal_0089,B,M2,True,R,-1.1184059034240956,100,0.0,100,0,-1.1184059034240956,
M1,89,nominal,M1_nominal_0089,B,M2,True,L,-1.407352942308102,100,0.0,100,0,-1.407352942308102,
M1,89,nominal,M1_nominal_0089,B,M3,True,R,-1.115957714261777,100,0.0,100,0,-1.115957714261777,
M1,89,nominal,M1_nominal_0089,B,M3,True,L,-1.4113638582477437,100,0.0,100,0,-1.4113638582477437,
M1,90,nominal,M1_nominal_0090,B,M1,True,R,-1.1422030828578835,100,0.0,100,0,-1.1422030828578835,
M1,90,nominal,M1_nominal_0090,B,M1,True,L,-2.900362759952551,100,0.23,77,23,-1.4985885609622764,-7.593258991354775
M1,90,nominal,M1_nominal_0090,B,M2,True,R,-1.1552468706092223,100,0.0,100,0,-1.1552468706092223,
M1,90,nominal,M1_nominal_0090,B,M2,True,L,-77.52196523024692,100,0.4,60,40,-1.1695970994418114,-192.05051742645455
M1,90,nominal,M1_nominal_0090,B,M3,True,R,-1.1642635961478005,100,0.0,100,0,-1.1642635961478005,
M1,90,nominal,M1_nominal_0090,B,M3,True,L,-0.9920390228586088,100,0.05,95,5,-0.9773908863137194,-1.2703536172115137
M1,91,nominal,M1_nominal_0091,B,M1,True,R,-1.4913318864996432,100,0.0,100,0,-1.4913318864996432,
M1,91,nominal,M1_nominal_0091,B,M1,True,L,-1.6901915133451788,100,0.0,100,0,-1.6901915133451788,
M1,91,nominal,M1_nominal_0091,B,M2,True,R,-1.490625834419516,100,0.02,98,2,-1.4724291955905737,-2.3822611370376885
M1,91,nominal,M1_nominal_0091,B,M2,True,L,-1.6920713947177595,100,0.0,100,0,-1.6920713947177595,
M1,91,nominal,M1_nominal_0091,B,M3,True,R,-1.492247746972135,100,0.0,100,0,-1.492247746972135,
M1,91,nominal,M1_nominal_0091,B,M3,True,L,-1.6884843412319581,100,0.0,100,0,-1.6884843412319581,
M1,92,nominal,M1_nominal_0092,B,M1,True,R,-1.0369006407456747,100,0.02,98,2,-1.0464196489553952,-0.5704692384693704
M1,92,nominal,M1_nominal_0092,B,M1,True,L,-1.1627858408450593,100,0.02,98,2,-1.168671015383414,-0.8744122884656843
M1,92,nominal,M1_nominal_0092,B,M2,True,R,-1.0331537622760065,100,0.02,98,2,-1.0425172157766427,-0.5743445407448395
M1,92,nominal,M1_nominal_0092,B,M2,True,L,-1.1733517530620248,100,0.01,99,1,-1.1733865968814148,-1.1699022149424163
M1,92,nominal,M1_nominal_0092,B,M3,True,R,-1.0379080239021357,100,0.0,100,0,-1.0379080239021357,
M1,92,nominal,M1_nominal_0092,B,M3,True,L,-1.1623106255017939,100,0.0,100,0,-1.1623106255017939,
M1,93,nominal,M1_nominal_0093,B,M1,True,R,-0.5075886453758442,100,0.07,93,7,-0.4933645839852929,-0.696565460993169
M1,93,nominal,M1_nominal_0093,B,M1,True,L,-0.951515147770986,100,0.0,100,0,-0.951515147770986,
M1,93,nominal,M1_nominal_0093,B,M2,True,R,-0.33533192083997065,100,0.09,91,9,-0.4142025453263751,0.46213772674478665
M1,93,nominal,M1_nominal_0093,B,M2,True,L,-0.9571652280519042,100,0.01,99,1,-0.9624473091394566,-0.4342392003842088
M1,93,nominal,M1_nominal_0093,B,M3,True,R,-0.6426493127743437,100,0.01,99,1,-0.6470078708479179,-0.21115206349049997
M1,93,nominal,M1_nominal_0093,B,M3,True,L,-0.9644841934896472,100,0.0,100,0,-0.9644841934896472,
M1,94,nominal,M1_nominal_0094,B,M1,True,R,-1.6286405466294047,100,0.01,99,1,-1.6220025560497786,-2.285801614012443
M1,94,nominal,M1_nominal_0094,B,M1,True,L,-1.9220249021008655,100,0.0,100,0,-1.9220249021008655,
M1,94,nominal,M1_nominal_0094,B,M2,True,R,-1.6307759262610386,100,0.0,100,0,-1.6307759262610386,
M1,94,nominal,M1_nominal_0094,B,M2,True,L,-1.9197889872027292,100,0.0,100,0,-1.9197889872027292,
M1,94,nominal,M1_nominal_0094,B,M3,True,R,-1.632353380915076,100,0.0,100,0,-1.632353380915076,
M1,94,nominal,M1_nominal_0094,B,M3,True,L,-1.925268475112516,100,0.0,100,0,-1.925268475112516,
M1,95,nominal,M1_nominal_0095,B,M1,True,R,-0.8515844082525256,100,0.0,100,0,-0.8515844082525256,
M1,95,nominal,M1_nominal_0095,B,M1,True,L,-1.0336736725075146,100,0.0,100,0,-1.0336736725075146,
M1,95,nominal,M1_nominal_0095,B,M2,True,R,-0.8532098952602584,100,0.0,100,0,-0.8532098952602584,
M1,95,nominal,M1_nominal_0095,B,M2,True,L,-1.0219279681350397,100,0.0,100,0,-1.0219279681350397,
M1,95,nominal,M1_nominal_0095,B,M3,True,R,-0.8530087224431091,100,0.02,98,2,-0.8610780539572314,-0.457611478251122
M1,95,nominal,M1_nominal_0095,B,M3,True,L,-1.0353144044282356,100,0.01,99,1,-1.0379642660555135,-0.7729781033277203
M1,96,nominal,M1_nominal_0096,B,M1,True,R,-1.128617632402096,100,0.0,100,0,-1.128617632402096,
M1,96,nominal,M1_nominal_0096,B,M1,True,L,-1.2136522340857752,100,0.21,79,21,-1.3212715859567523,-0.8087984818092419
M1,96,nominal,M1_nominal_0096,B,M2,True,R,-1.1379509840257935,100,0.0,100,0,-1.1379509840257935,
M1,96,nominal,M1_nominal_0096,B,M2,True,L,-2.710535325354753,100,0.21,79,21,-1.3266027309431732,-7.916757942426888
M1,96,nominal,M1_nominal_0096,B,M3,True,R,-1.1314909223824225,100,0.0,100,0,-1.1314909223824225,
M1,96,nominal,M1_nominal_0096,B,M3,True,L,-1.180883642649735,100,0.04,96,4,-1.2082614998589032,-0.5238150696297088
M1,97,nominal,M1_nominal_0097,B,M1,True,R,-1.161826022938928,100,0.01,99,1,-1.1673063630197673,-0.6192723549358168
M1,97,nominal,M1_nominal_0097,B,M1,True,L,-1.3671967488913825,100,0.01,99,1,-1.364615867825823,-1.6227039743817535
M1,97,nominal,M1_nominal_0097,B,M2,True,R,-1.161323577254143,100,0.01,99,1,-1.1668154548315979,-0.6176276970861015
M1,97,nominal,M1_nominal_0097,B,M2,True,L,-1.3665307257610237,100,0.02,98,2,-1.367839384337053,-1.3024064555355785
M1,97,nominal,M1_nominal_0097,B,M3,True,R,-1.1617234935481593,100,0.0,100,0,-1.1617234935481593,
M1,97,nominal,M1_nominal_0097,B,M3,True,L,-1.364949644229485,100,0.0,100,0,-1.364949644229485,
M1,98,nominal,M1_nominal_0098,B,M1,True,R,-1.185379820554302,100,0.0,100,0,-1.185379820554302,
M1,98,nominal,M1_nominal_0098,B,M1,True,L,-1.1298457466106075,100,0.0,100,0,-1.1298457466106075,
M1,98,nominal,M1_nominal_0098,B,M2,True,R,-1.1861527765741833,100,0.0,100,0,-1.1861527765741833,
M1,98,nominal,M1_nominal_0098,B,M2,True,L,-1.1239838895515397,100,0.01,99,1,-1.1235377833617117,-1.168148402344521
M1,98,nominal,M1_nominal_0098,B,M3,True,R,-1.1881754732601284,100,0.01,99,1,-1.1839223346068959,-1.609236199930141
M1,98,nominal,M1_nominal_0098,B,M3,True,L,-1.1288680258819823,100,0.0,100,0,-1.1288680258819823,
M1,99,nominal,M1_nominal_0099,B,M1,True,R,-1.498848058280845,100,0.0,100,0,-1.498848058280845,
M1,99,nominal,M1_nominal_0099,B,M1,True,L,-1.927946800233123,100,0.2,80,20,-1.9326735226233993,-1.9090399106720188
M1,99,nominal,M1_nominal_0099,B,M2,True,R,-1.4966399468588123,100,0.0,100,0,-1.4966399468588123,
M1,99,nominal,M1_nominal_0099,B,M2,True,L,-1.9286984964608769,100,0.01,99,1,-1.9324847011225443,-1.553864234955787
M1,99,nominal,M1_nominal_0099,B,M3,True,R,-1.4974971327352609,100,0.0,100,0,-1.4974971327352609,
M1,99,nominal,M1_nominal_0099,B,M3,True,L,-1.921803910315083,100,0.0,100,0,-1.921803910315083,
M1,100,nominal,M1_nominal_0100,B,M1,True,R,-0.671672785665319,100,0.0,100,0,-0.671672785665319,
M1,100,nominal,M1_nominal_0100,B,M1,True,L,-0.8610521756120869,100,0.0,100,0,-0.8610521756120869,
M1,100,nominal,M1_nominal_0100,B,M2,True,R,-0.6686754096885257,100,0.0,100,0,-0.6686754096885257,
M1,100,nominal,M1_nominal_0100,B,M2,True,L,-0.8646255162567692,100,0.0,100,0,-0.8646255162567692,
M1,100,nominal,M1_nominal_0100,B,M3,True,R,-0.6770764128122893,100,0.0,100,0,-0.6770764128122893,
M1,100,nominal,M1_nominal_0100,B,M3,True,L,-0.8631776319586625,100,0.0,100,0,-0.8631776319586625,
M1,101,nominal,M1_nominal_0101,B,M1,True,R,-1.2695710886456875,100,0.1,90,10,-1.2758524955939032,-1.2130384261117437
M1,101,nominal,M1_nominal_0101,B,M1,True,L,-1.700102824541042,100,0.3,70,30,-1.1710461670965748,-2.934568358578133
M1,101,nominal,M1_nominal_0101,B,M2,True,R,-1.2708522998021716,100,0.04,96,4,-1.2533090032407952,-1.6918914172752104
M1,101,nominal,M1_nominal_0101,B,M2,True,L,-29.076070021605233,100,0.19,81,19,-1.1527246663576878,-148.11770022029214
M1,101,nominal,M1_nominal_0101,B,M3,True,R,-1.2710760920290933,100,0.0,100,0,-1.2710760920290933,
M1,101,nominal,M1_nominal_0101,B,M3,True,L,-1.4067131915695044,100,0.15,85,15,-1.167138924545623,-2.7643007047048314
M1,102,nominal,M1_nominal_0102,B,M1,True,R,-1.0681626734729033,100,0.0,100,0,-1.0681626734729033,
M1,102,nominal,M1_nominal_0102,B,M1,True,L,-0.9212006091583342,100,0.0,100,0,-0.9212006091583342,
M1,102,nominal,M1_nominal_0102,B,M2,True,R,-1.0652255511295772,100,0.0,100,0,-1.0652255511295772,
M1,102,nominal,M1_nominal_0102,B,M2,True,L,-0.9136372288435567,100,0.0,100,0,-0.9136372288435567,
M1,102,nominal,M1_nominal_0102,B,M3,True,R,-1.0678170299030154,100,0.01,99,1,-1.0729310974148056,-0.561524346235797
M1,102,nominal,M1_nominal_0102,B,M3,True,L,-0.927660115777229,100,0.0,100,0,-0.927660115777229,
M1,103,nominal,M1_nominal_0103,B,M1,True,R,-1.1841652870539432,100,0.0,100,0,-1.1841652870539432,
M1,103,nominal,M1_nominal_0103,B,M1,True,L,-1.508035663673571,100,0.0,100,0,-1.508035663673571,
M1,103,nominal,M1_nominal_0103,B,M2,True,R,-1.1800717720904577,100,0.0,100,0,-1.1800717720904577,
M1,103,nominal,M1_nominal_0103,B,M2,True,L,-1.5110204833229097,100,0.0,100,0,-1.5110204833229097,
M1,103,nominal,M1_nominal_0103,B,M3,True,R,-1.1897316753695197,100,0.0,100,0,-1.1897316753695197,
M1,103,nominal,M1_nominal_0103,B,M3,True,L,-1.5110153144892247,100,0.0,100,0,-1.5110153144892247,
M1,104,nominal,M1_nominal_0104,B,M1,True,R,-0.8498440779513381,100,0.0,100,0,-0.8498440779513381,
M1,104,nominal,M1_nominal_0104,B,M1,True,L,-1.2490741705772372,100,0.0,100,0,-1.2490741705772372,
M1,104,nominal,M1_nominal_0104,B,M2,True,R,-0.8500389663824334,100,0.0,100,0,-0.8500389663824334,
M1,104,nominal,M1_nominal_0104,B,M2,True,L,-1.2457207094467206,100,0.0,100,0,-1.2457207094467206,
M1,104,nominal,M1_nominal_0104,B,M3,True,R,-0.8518244915998728,100,0.0,100,0,-0.8518244915998728,
M1,104,nominal,M1_nominal_0104,B,M3,True,L,-1.2478609559735416,100,0.01,99,1,-1.2431310853921687,-1.716118143529464
M1,105,nominal,M1_nominal_0105,B,M1,True,R,-0.9422920305765894,100,0.0,100,0,-0.9422920305765894,
M1,105,nominal,M1_nominal_0105,B,M1,True,L,-0.997496152583305,100,0.01,99,1,-0.9975238769515659,-0.9947514401254676
M1,105,nominal,M1_nominal_0105,B,M2,True,R,-0.9385316300721631,100,0.0,100,0,-0.9385316300721631,
M1,105,nominal,M1_nominal_0105,B,M2,True,L,-1.0026538892904344,100,0.02,98,2,-1.0091581019353197,-0.6839474696910658
M1,105,nominal,M1_nominal_0105,B,M3,True,R,-0.944851983230694,100,0.0,100,0,-0.944851983230694,
M1,105,nominal,M1_nominal_0105,B,M3,True,L,-0.9971568128785729,100,0.0,100,0,-0.9971568128785729,
M1,106,nominal,M1_nominal_0106,B,M1,True,R,0.17395928740922173,100,0.0,100,0,0.17395928740922173,
M1,106,nominal,M1_nominal_0106,B,M1,True,L,0.2587509176207161,100,0.01,99,1,0.2628051707234839,-0.14262013955329733
M1,106,nominal,M1_nominal_0106,B,M2,True,R,0.18938540772349527,100,0.0,100,0,0.18938540772349527,
M1,106,nominal,M1_nominal_0106,B,M2,True,L,0.2592556407234471,100,0.01,99,1,0.2697556571555155,-0.7802459860513244
M1,106,nominal,M1_nominal_0106,B,M3,True,R,0.1816055102092383,100,0.0,100,0,0.1816055102092383,
M1,106,nominal,M1_nominal_0106,B,M3,True,L,0.25828798981253975,100,0.0,100,0,0.25828798981253975,
M1,107,nominal,M1_nominal_0107,B,M1,True,R,-57.55442547810216,100,0.55,45,55,-0.8603084579378004,-103.94052122187297
M1,107,nominal,M1_nominal_0107,B,M1,True,L,-1.0225785832988332,100,0.04,96,4,-1.056378866364204,-0.21137178972993523
M1,107,nominal,M1_nominal_0107,B,M2,True,R,-892342.6197036483,100,0.55,45,55,-0.8769259249618243,-1622440.4092490585
M1,107,nominal,M1_nominal_0107,B,M2,True,L,-1.084083610678556,100,0.08,92,8,-1.0788112021241292,-1.1447163090544645
M1,107,nominal,M1_nominal_0107,B,M3,True,R,-24.39503257845047,100,0.56,44,56,-0.8574955818203587,-42.888811647231265
M1,107,nominal,M1_nominal_0107,B,M3,True,L,-1.0865115873225069,100,0.0,100,0,-1.0865115873225069,
M1,108,nominal,M1_nominal_0108,B,M1,True,R,-1.1773212221629663,100,0.0,100,0,-1.1773212221629663,
M1,108,nominal,M1_nominal_0108,B,M1,True,L,-1.4150384009246735,100,0.0,100,0,-1.4150384009246735,
M1,108,nominal,M1_nominal_0108,B,M2,True,R,-1.1805287889117735,100,0.0,100,0,-1.1805287889117735,
M1,108,nominal,M1_nominal_0108,B,M2,True,L,-1.419933111571217,100,0.0,100,0,-1.419933111571217,
M1,108,nominal,M1_nominal_0108,B,M3,True,R,-1.1776233119947113,100,0.0,100,0,-1.1776233119947113,
M1,108,nominal,M1_nominal_0108,B,M3,True,L,-1.4156510512672669,100,0.0,100,0,-1.4156510512672669,
M1,109,nominal,M1_nominal_0109,B,M1,True,R,-1.1629020831628125,100,0.0,100,0,-1.1629020831628125,
M1,109,nominal,M1_nominal_0109,B,M1,True,L,-1.0880140290830513,100,0.0,100,0,-1.0880140290830513,
M1,109,nominal,M1_nominal_0109,B,M2,True,R,-1.1577503926444386,100,0.0,100,0,-1.1577503926444386,
M1,109,nominal,M1_nominal_0109,B,M2,True,L,-1.0899764458930048,100,0.0,100,0,-1.0899764458930048,
M1,109,nominal,M1_nominal_0109,B,M3,True,R,-1.1682380630068774,100,0.0,100,0,-1.1682380630068774,
M1,109,nominal,M1_nominal_0109,B,M3,True,L,-1.0908703060222125,100,0.0,100,0,-1.0908703060222125,
M1,110,nominal,M1_nominal_0110,B,M1,True,R,-0.8918381992828034,100,0.0,100,0,-0.8918381992828034,
M1,110,nominal,M1_nominal_0110,B,M1,True,L,-1.0640998991327708,100,0.01,99,1,-1.0572568235008932,-1.741564386688652
M1,110,nominal,M1_nominal_0110,B,M2,True,R,-0.8935721607955875,100,0.0,100,0,-0.8935721607955875,
M1,110,nominal,M1_nominal_0110,B,M2,True,L,-1.0641110243984058,100,0.1,90,10,-1.0310911253234731,-1.361290116072799
M1,110,nominal,M1_nominal_0110,B,M3,True,R,-0.8923382325317601,100,0.0,100,0,-0.8923382325317601,
M1,110,nominal,M1_nominal_0110,B,M3,True,L,-1.0622672929310848,100,0.0,100,0,-1.0622672929310848,
M1,111,nominal,M1_nominal_0111,B,M1,True,R,-1.4591064206730806,100,0.0,100,0,-1.4591064206730806,
M1,111,nominal,M1_nominal_0111,B,M1,True,L,-1.6073209494045764,100,0.0,100,0,-1.6073209494045764,
M1,111,nominal,M1_nominal_0111,B,M2,True,R,-1.4535852925808994,100,0.0,100,0,-1.4535852925808994,
M1,111,nominal,M1_nominal_0111,B,M2,True,L,-1.6094305945024876,100,0.01,99,1,-1.6118990684548289,-1.3650516732206865
M1,111,nominal,M1_nominal_0111,B,M3,True,R,-1.4552714834015765,100,0.0,100,0,-1.4552714834015765,
M1,111,nominal,M1_nominal_0111,B,M3,True,L,-1.606791798791428,100,0.0,100,0,-1.606791798791428,
M1,112,nominal,M1_nominal_0112,B,M1,True,R,-1.3178678434204494,100,0.02,98,2,-1.327118084683865,-0.8646060215130577
M1,112,nominal,M1_nominal_0112,B,M1,True,L,-1.4947879250817833,100,0.09,91,9,-1.5114845788941127,-1.325966203201566
M1,112,nominal,M1_nominal_0112,B,M2,True,R,-1.3172669841754845,100,0.05,95,5,-1.3028927412920654,-1.5903775989604463
M1,112,nominal,M1_nominal_0112,B,M2,True,L,-1.4897158316394319,100,0.02,98,2,-1.4992453103846903,-1.0227713731217563
M1,112,nominal,M1_nominal_0112,B,M3,True,R,-1.3142056670443012,100,0.0,100,0,-1.3142056670443012,
M1,112,nominal,M1_nominal_0112,B,M3,True,L,-1.497221447535853,100,0.0,100,0,-1.497221447535853,
M1,113,nominal,M1_nominal_0113,B,M1,True,R,-1.5998097174570682,100,0.0,100,0,-1.5998097174570682,
M1,113,nominal,M1_nominal_0113,B,M1,True,L,-1.5834563273251983,100,0.01,99,1,-1.5871297721115867,-1.2197852934727398
M1,113,nominal,M1_nominal_0113,B,M2,True,R,-1.6004576791584377,100,0.0,100,0,-1.6004576791584377,
M1,113,nominal,M1_nominal_0113,B,M2,True,L,-1.5841760737627248,100,0.04,96,4,-1.5865300487873768,-1.5276806731710657
M1,113,nominal,M1_nominal_0113,B,M3,True,R,-1.598927855688498,100,0.0,100,0,-1.598927855688498,
M1,113,nominal,M1_nominal_0113,B,M3,True,L,-1.582344584523357,100,0.0,100,0,-1.582344584523357,
M1,114,nominal,M1_nominal_0114,B,M1,True,R,-1.5666657711518956,100,0.0,100,0,-1.5666657711518956,
M1,114,nominal,M1_nominal_0114,B,M1,True,L,-1.5868621687377185,100,0.01,99,1,-1.5930852361971508,-0.9707784902539506
M1,114,nominal,M1_nominal_0114,B,M2,True,R,-1.5658491497746672,100,0.0,100,0,-1.5658491497746672,
M1,114,nominal,M1_nominal_0114,B,M2,True,L,-1.5984813260782067,100,0.0,100,0,-1.5984813260782067,
M1,114,nominal,M1_nominal_0114,B,M3,True,R,-1.565018647476218,100,0.0,100,0,-1.565018647476218,
M1,114,nominal,M1_nominal_0114,B,M3,True,L,-1.5847069510036733,100,0.0,100,0,-1.5847069510036733,
M1,115,nominal,M1_nominal_0115,B,M1,True,R,-1.703995690043389,100,0.0,100,0,-1.703995690043389,
M1,115,nominal,M1_nominal_0115,B,M1,True,L,-1.7238391689906893,100,0.02,98,2,-1.7304517819948622,-1.3998211317862128
M1,115,nominal,M1_nominal_0115,B,M2,True,R,-1.7063250392985,100,0.0,100,0,-1.7063250392985,
M1,115,nominal,M1_nominal_0115,B,M2,True,L,-1.7191677585025693,100,0.09,91,9,-1.6877755721599446,-2.0365776426335533
M1,115,nominal,M1_nominal_0115,B,M3,True,R,-1.7014097588603507,100,0.0,100,0,-1.7014097588603507,
M1,115,nominal,M1_nominal_0115,B,M3,True,L,-1.7260259778693625,100,0.0,100,0,-1.7260259778693625,
M1,116,nominal,M1_nominal_0116,B,M1,True,R,-1.2802836888566804,100,0.06,94,6,-1.3005942633579435,-0.9620846883368931
M1,116,nominal,M1_nominal_0116,B,M1,True,L,-1.585743438594786,100,0.21,79,21,-1.6118806466392972,-1.487417751189245
M1,116,nominal,M1_nominal_0116,B,M2,True,R,-1.2843676210742367,100,0.11,89,11,-1.3223403853565932,-0.9771334373351714
M1,116,nominal,M1_nominal_0116,B,M2,True,L,-1.5852120479395015,100,0.09,91,9,-1.6180446300630666,-1.253238162023454
M1,116,nominal,M1_nominal_0116,B,M3,True,R,-1.280838469490424,100,0.01,99,1,-1.270920832687056,-2.2626845130238533
M1,116,nominal,M1_nominal_0116,B,M3,True,L,-1.5803712059330746,100,0.02,98,2,-1.5888508802385048,-1.1648671649670002
M1,117,nominal,M1_nominal_0117,B,M1,True,R,-1.2081481261628846,100,0.03,97,3,-1.217201268282302,-0.9154298643017261
M1,117,nominal,M1_nominal_0117,B,M1,True,L,-1.5619847252468975,100,0.01,99,1,-1.558343010059621,-1.9225145287872816
M1,117,nominal,M1_nominal_0117,B,M2,True,R,-1.2080701419675557,100,0.05,95,5,-1.2197978926592445,-0.9852428788254637
M1,117,nominal,M1_nominal_0117,B,M2,True,L,-1.5535434296297421,100,0.01,99,1,-1.5507046153836936,-1.834586039988574
M1,117,nominal,M1_nominal_0117,B,M3,True,R,-1.209159954785479,100,0.0,100,0,-1.209159954785479,
M1,117,nominal,M1_nominal_0117,B,M3,True,L,-1.5487808478411922,100,0.0,100,0,-1.5487808478411922,
M1,118,nominal,M1_nominal_0118,B,M1,True,R,-1.6884616821105833,100,0.0,100,0,-1.6884616821105833,
M1,118,nominal,M1_nominal_0118,B,M1,True,L,-1.9158082539583499,100,0.01,99,1,-1.9231685102680856,-1.1871428792945193
M1,118,nominal,M1_nominal_0118,B,M2,True,R,-1.6928160591538375,100,0.0,100,0,-1.6928160591538375,
M1,118,nominal,M1_nominal_0118,B,M2,True,L,-1.9123871076195815,100,0.03,97,3,-1.9249182507761755,-1.5072134788897145
M1,118,nominal,M1_nominal_0118,B,M3,True,R,-1.6872492313772944,100,0.0,100,0,-1.6872492313772944,
M1,118,nominal,M1_nominal_0118,B,M3,True,L,-1.9214963662244668,100,0.0,100,0,-1.9214963662244668,
M1,119,nominal,M1_nominal_0119,B,M1,True,R,-0.9950480230925612,100,0.0,100,0,-0.9950480230925612,
M1,119,nominal,M1_nominal_0119,B,M1,True,L,-1.365489847857399,100,0.0,100,0,-1.365489847857399,
M1,119,nominal,M1_nominal_0119,B,M2,True,R,-0.9886876509300003,100,0.0,100,0,-0.9886876509300003,
M1,119,nominal,M1_nominal_0119,B,M2,True,L,-1.3658863990468553,100,0.0,100,0,-1.3658863990468553,
M1,119,nominal,M1_nominal_0119,B,M3,True,R,-1.0009253245397942,100,0.0,100,0,-1.0009253245397942,
M1,119,nominal,M1_nominal_0119,B,M3,True,L,-1.3657860644207869,100,0.0,100,0,-1.3657860644207869,
M1,120,nominal,M1_nominal_0120,B,M1,True,R,-1.9499381907967526,100,0.0,100,0,-1.9499381907967526,
M1,120,nominal,M1_nominal_0120,B,M1,True,L,-1.6430334370117428,100,0.0,100,0,-1.6430334370117428,
M1,120,nominal,M1_nominal_0120,B,M2,True,R,-1.9494559874463462,100,0.0,100,0,-1.9494559874463462,
M1,120,nominal,M1_nominal_0120,B,M2,True,L,-1.6459209355860358,100,0.0,100,0,-1.6459209355860358,
M1,120,nominal,M1_nominal_0120,B,M3,True,R,-1.9468865610913297,100,0.03,97,3,-1.967712910719224,-1.2735012564560728
M1,120,nominal,M1_nominal_0120,B,M3,True,L,-1.6429030320537057,100,0.0,100,0,-1.6429030320537057,
M1,121,nominal,M1_nominal_0121,B,M1,True,R,-1.868457432345184,100,0.0,100,0,-1.868457432345184,
M1,121,nominal,M1_nominal_0121,B,M1,True,L,-2.249386407366004,100,0.02,98,2,-2.236541849417154,-2.8787697468596494
M1,121,nominal,M1_nominal_0121,B,M2,True,R,-1.8702741418938444,100,0.0,100,0,-1.8702741418938444,
M1,121,nominal,M1_nominal_0121,B,M2,True,L,-2.2518052057677242,100,0.02,98,2,-2.2321999511795823,-3.2124626805867003
M1,121,nominal,M1_nominal_0121,B,M3,True,R,-1.8689741784061256,100,0.0,100,0,-1.8689741784061256,
M1,121,nominal,M1_nominal_0121,B,M3,True,L,-2.250734319377027,100,0.0,100,0,-2.250734319377027,
M1,122,nominal,M1_nominal_0122,B,M1,True,R,-0.7378589169230425,100,0.04,96,4,-0.7308300750249215,-0.9065511224779402
M1,122,nominal,M1_nominal_0122,B,M1,True,L,-1.6379949692516562,100,0.01,99,1,-1.6325839338674546,-2.1736874722876207
M1,122,nominal,M1_nominal_0122,B,M2,True,R,-0.7333024334510465,100,0.03,97,3,-0.740762099014693,-0.49210658022647563
M1,122,nominal,M1_nominal_0122,B,M2,True,L,-1.6407645632466683,100,0.01,99,1,-1.6094271207957942,-4.74317136588321
M1,122,nominal,M1_nominal_0122,B,M3,True,R,-0.7332640316299692,100,0.0,100,0,-0.7332640316299692,
M1,122,nominal,M1_nominal_0122,B,M3,True,L,-1.6415131144775272,100,0.0,100,0,-1.6415131144775272,
M1,123,nominal,M1_nominal_0123,B,M1,True,R,-1.3559263377998838,100,0.0,100,0,-1.3559263377998838,
M1,123,nominal,M1_nominal_0123,B,M1,True,L,-1.263047043513713,100,0.0,100,0,-1.263047043513713,
M1,123,nominal,M1_nominal_0123,B,M2,True,R,-1.3535855744498781,100,0.0,100,0,-1.3535855744498781,
M1,123,nominal,M1_nominal_0123,B,M2,True,L,-1.2623018759511526,100,0.0,100,0,-1.2623018759511526,
M1,123,nominal,M1_nominal_0123,B,M3,True,R,-1.3570572693477643,100,0.0,100,0,-1.3570572693477643,
M1,123,nominal,M1_nominal_0123,B,M3,True,L,-1.2647690028708898,100,0.0,100,0,-1.2647690028708898,
M1,124,nominal,M1_nominal_0124,B,M1,True,R,-1.3636959936593436,100,0.0,100,0,-1.3636959936593436,
M1,124,nominal,M1_nominal_0124,B,M1,True,L,-1.5176040834641915,100,0.0,100,0,-1.5176040834641915,
M1,124,nominal,M1_nominal_0124,B,M2,True,R,-1.3614700538229985,100,0.0,100,0,-1.3614700538229985,
M1,124,nominal,M1_nominal_0124,B,M2,True,L,-1.5185581877507845,100,0.0,100,0,-1.5185581877507845,
M1,124,nominal,M1_nominal_0124,B,M3,True,R,-1.3619717029696685,100,0.01,99,1,-1.3675547709718703,-0.8092479707516872
M1,124,nominal,M1_nominal_0124,B,M3,True,L,-1.5237442194366184,100,0.0,100,0,-1.5237442194366184,
M1,125,nominal,M1_nominal_0125,B,M1,True,R,-1.5071571979191132,100,0.06,94,6,-1.5203104337507358,-1.301089836557023
M1,125,nominal,M1_nominal_0125,B,M1,True,L,-1.8493765814714989,100,0.06,94,6,-1.8651851587563861,-1.601708870674934
M1,125,nominal,M1_nominal_0125,B,M2,True,R,-1.506017811746987,100,0.04,96,4,-1.5168740013269828,-1.245469261827064
M1,125,nominal,M1_nominal_0125,B,M2,True,L,-1.8535419740358978,100,0.02,98,2,-1.853165732583909,-1.871977805183352
M1,125,nominal,M1_nominal_0125,B,M3,True,R,-1.5134522119746467,100,0.0,100,0,-1.5134522119746467,
M1,125,nominal,M1_nominal_0125,B,M3,True,L,-1.8501432904969601,100,0.0,100,0,-1.8501432904969601,
M1,126,nominal,M1_nominal_0126,B,M1,True,R,-1.448457993605393,100,0.0,100,0,-1.448457993605393,
M1,126,nominal,M1_nominal_0126,B,M1,True,L,-1.8863227402557796,100,0.0,100,0,-1.8863227402557796,
M1,126,nominal,M1_nominal_0126,B,M2,True,R,-1.4520626073894756,100,0.0,100,0,-1.4520626073894756,
M1,126,nominal,M1_nominal_0126,B,M2,True,L,-1.8798048244661165,100,0.0,100,0,-1.8798048244661165,
M1,126,nominal,M1_nominal_0126,B,M3,True,R,-1.450141925698444,100,0.01,99,1,-1.4460537140054248,-1.8548748833073396
M1,126,nominal,M1_nominal_0126,B,M3,True,L,-1.8811283355771442,100,0.0,100,0,-1.8811283355771442,
M1,127,nominal,M1_nominal_0127,B,M1,True,R,-3.9010718039245393,100,0.49,51,49,-0.5870082443775267,-7.350403263861226
M1,127,nominal,M1_nominal_0127,B,M1,True,L,-0.7120908763326981,100,0.01,99,1,-0.7154511158717856,-0.37942716196303217
M1,127,nominal,M1_nominal_0127,B,M2,True,R,-871.6286804869933,100,0.52,48,52,-0.6653593815085451,-1675.594823045902
M1,127,nominal,M1_nominal_0127,B,M2,True,L,-0.7141646570462278,100,0.0,100,0,-0.7141646570462278,
M1,127,nominal,M1_nominal_0127,B,M3,True,R,-2.4343192327912413,100,0.49,51,49,-0.5544575967175464,-4.390909915235291
M1,127,nominal,M1_nominal_0127,B,M3,True,L,-0.708332132482814,100,0.0,100,0,-0.708332132482814,
M1,128,nominal,M1_nominal_0128,B,M1,True,R,-1.2595866896756758,100,0.02,98,2,-1.2553781244899818,-1.465806383774683
M1,128,nominal,M1_nominal_0128,B,M1,True,L,-1.3798024314375048,100,0.0,100,0,-1.3798024314375048,
M1,128,nominal,M1_nominal_0128,B,M2,True,R,-1.2558438474903761,100,0.0,100,0,-1.2558438474903761,
M1,128,nominal,M1_nominal_0128,B,M2,True,L,-1.3862580680257692,100,0.0,100,0,-1.3862580680257692,
M1,128,nominal,M1_nominal_0128,B,M3,True,R,-1.2529185229891986,100,0.0,100,0,-1.2529185229891986,
M1,128,nominal,M1_nominal_0128,B,M3,True,L,-1.3956759670983812,100,0.0,100,0,-1.3956759670983812,
M1,129,nominal,M1_nominal_0129,B,M1,True,R,-1.896262345110693,100,0.45,55,45,-1.0972079429439878,-2.8728843922033325
M1,129,nominal,M1_nominal_0129,B,M1,True,L,-1.4554468898780601,100,0.0,100,0,-1.4554468898780601,
M1,129,nominal,M1_nominal_0129,B,M2,True,R,-870.0868903648166,100,0.5,50,50,-1.1921792445049155,-1738.981601485128
M1,129,nominal,M1_nominal_0129,B,M2,True,L,-1.4618053524812584,100,0.01,99,1,-1.4574369433894803,-1.8942778525672734
M1,129,nominal,M1_nominal_0129,B,M3,True,R,-1.0423976066821643,100,0.45,55,45,-1.0756006361138994,-1.0018161262655991
M1,129,nominal,M1_nominal_0129,B,M3,True,L,-1.4585794171227868,100,0.0,100,0,-1.4585794171227868,
M1,130,nominal,M1_nominal_0130,B,M1,True,R,-2.047845374779152,100,0.69,31,69,-0.7586151075775689,-2.627064770188559
M1,130,nominal,M1_nominal_0130,B,M1,True,L,-0.9768552177643844,100,0.0,100,0,-0.9768552177643844,
M1,130,nominal,M1_nominal_0130,B,M2,True,R,-127.34237680999405,100,0.73,27,73,-0.6790515773983213,-174.19045600561165
M1,130,nominal,M1_nominal_0130,B,M2,True,L,-0.9783304948806556,100,0.0,100,0,-0.9783304948806556,
M1,130,nominal,M1_nominal_0130,B,M3,True,R,-1.2132129903331481,100,0.55,45,55,-0.7033274833718429,-1.6303920414833064
M1,130,nominal,M1_nominal_0130,B,M3,True,L,-0.9761788640765887,100,0.0,100,0,-0.9761788640765887,
M1,131,nominal,M1_nominal_0131,B,M1,True,R,-1.4125112351686502,100,0.0,100,0,-1.4125112351686502,
M1,131,nominal,M1_nominal_0131,B,M1,True,L,-1.5886360231741545,100,0.0,100,0,-1.5886360231741545,
M1,131,nominal,M1_nominal_0131,B,M2,True,R,-1.4876888139032474,100,0.0,100,0,-1.4876888139032474,
M1,131,nominal,M1_nominal_0131,B,M2,True,L,-1.5996111799188604,100,0.0,100,0,-1.5996111799188604,
M1,131,nominal,M1_nominal_0131,B,M3,True,R,-1.3528798106013666,100,0.03,97,3,-1.3407196301093869,-1.7460589798420554
M1,131,nominal,M1_nominal_0131,B,M3,True,L,-1.5846671349203152,100,0.0,100,0,-1.5846671349203152,
M1,132,nominal,M1_nominal_0132,B,M1,True,R,-1.4285492705149212,100,0.01,99,1,-1.416352699251225,-2.63600982562086
M1,132,nominal,M1_nominal_0132,B,M1,True,L,-1.3821321915268796,100,0.0,100,0,-1.3821321915268796,
M1,132,nominal,M1_nominal_0132,B,M2,True,R,-1.428882147160857,100,0.05,95,5,-1.4208823687235232,-1.5808779374701996
M1,132,nominal,M1_nominal_0132,B,M2,True,L,-1.3800127519390264,100,0.02,98,2,-1.3821625691137136,-1.2746717103793663
M1,132,nominal,M1_nominal_0132,B,M3,True,R,-1.4285749968052823,100,0.0,100,0,-1.4285749968052823,
M1,132,nominal,M1_nominal_0132,B,M3,True,L,-1.3825584554526626,100,0.0,100,0,-1.3825584554526626,
M1,133,nominal,M1_nominal_0133,B,M1,True,R,-0.9696959621035219,100,0.0,100,0,-0.9696959621035219,
M1,133,nominal,M1_nominal_0133,B,M1,True,L,-1.2521990688092515,100,0.0,100,0,-1.2521990688092515,
M1,133,nominal,M1_nominal_0133,B,M2,True,R,-0.9687097866039117,100,0.0,100,0,-0.9687097866039117,
M1,133,nominal,M1_nominal_0133,B,M2,True,L,-1.2535152262838956,100,0.0,100,0,-1.2535152262838956,
M1,133,nominal,M1_nominal_0133,B,M3,True,R,-0.9700125733867195,100,0.0,100,0,-0.9700125733867195,
M1,133,nominal,M1_nominal_0133,B,M3,True,L,-1.2510241151277683,100,0.0,100,0,-1.2510241151277683,
M1,134,nominal,M1_nominal_0134,B,M1,True,R,-1.4946768563237,100,0.0,100,0,-1.4946768563237,
M1,134,nominal,M1_nominal_0134,B,M1,True,L,-2.263289695539174,100,0.0,100,0,-2.263289695539174,
M1,134,nominal,M1_nominal_0134,B,M2,True,R,-1.4911355953929268,100,0.02,98,2,-1.4993417834609897,-1.089032380057833
M1,134,nominal,M1_nominal_0134,B,M2,True,L,-2.282551717550983,100,0.0,100,0,-2.282551717550983,
M1,134,nominal,M1_nominal_0134,B,M3,True,R,-1.4941530659737163,100,0.0,100,0,-1.4941530659737163,
M1,134,nominal,M1_nominal_0134,B,M3,True,L,-2.261987783532526,100,0.0,100,0,-2.261987783532526,
M1,135,nominal,M1_nominal_0135,B,M1,True,R,-0.8669037187076514,100,0.01,99,1,-0.8644316384554528,-1.1116396636752959
M1,135,nominal,M1_nominal_0135,B,M1,True,L,-0.9636057423319534,100,0.0,100,0,-0.9636057423319534,
M1,135,nominal,M1_nominal_0135,B,M2,True,R,-0.8605676578706667,100,0.01,99,1,-0.8575745104376755,-1.1568892537367967
M1,135,nominal,M1_nominal_0135,B,M2,True,L,-0.9605479183584148,100,0.0,100,0,-0.9605479183584148,
M1,135,nominal,M1_nominal_0135,B,M3,True,R,-0.8712264858409371,100,0.0,100,0,-0.8712264858409371,
M1,135,nominal,M1_nominal_0135,B,M3,True,L,-0.9653849565716096,100,0.02,98,2,-0.9638655985525526,-1.0398334995054226
M1,136,nominal,M1_nominal_0136,B,M1,True,R,-2.193790371697274,100,0.04,96,4,-2.1857968992637393,-2.3856337101021063
M1,136,nominal,M1_nominal_0136,B,M1,True,L,-2.4319367108977556,100,0.0,100,0,-2.4319367108977556,
M1,136,nominal,M1_nominal_0136,B,M2,True,R,-2.173526143205821,100,0.04,96,4,-2.170632459691118,-2.2429745475586866
M1,136,nominal,M1_nominal_0136,B,M2,True,L,-2.4292942945526823,100,0.01,99,1,-2.419758217767628,-3.3733658962731132
M1,136,nominal,M1_nominal_0136,B,M3,True,R,-2.173439342904396,100,0.02,98,2,-2.1963589875346483,-1.05037675602203
M1,136,nominal,M1_nominal_0136,B,M3,True,L,-2.4309282354906894,100,0.01,99,1,-2.445528147836906,-0.9855369132152085
M1,137,nominal,M1_nominal_0137,B,M1,True,R,-1.5586671756433705,100,0.01,99,1,-1.5617259510054906,-1.2558484147934752
M1,137,nominal,M1_nominal_0137,B,M1,True,L,-1.8873597508005404,100,0.02,98,2,-1.8863648026494046,-1.9361122102061952
M1,137,nominal,M1_nominal_0137,B,M2,True,R,-1.5625310697279864,100,0.02,98,2,-1.5718108081745492,-1.1078238858464096
M1,137,nominal,M1_nominal_0137,B,M2,True,L,-1.88765925676837,100,0.01,99,1,-1.884196024685556,-2.230519232967001
M1,137,nominal,M1_nominal_0137,B,M3,True,R,-1.5621790608434147,100,0.0,100,0,-1.5621790608434147,
M1,137,nominal,M1_nominal_0137,B,M3,True,L,-1.8875995464491893,100,0.0,100,0,-1.8875995464491893,
M1,138,nominal,M1_nominal_0138,B,M1,True,R,-1.260861170097129,100,0.0,100,0,-1.260861170097129,
M1,138,nominal,M1_nominal_0138,B,M1,True,L,-1.446056968681975,100,0.0,100,0,-1.446056968681975,
M1,138,nominal,M1_nominal_0138,B,M2,True,R,-1.2614824311603337,100,0.05,95,5,-1.2514430711022837,-1.4522302722632787
M1,138,nominal,M1_nominal_0138,B,M2,True,L,-1.447371844162326,100,0.0,100,0,-1.447371844162326,
M1,138,nominal,M1_nominal_0138,B,M3,True,R,-1.259282282896753,100,0.0,100,0,-1.259282282896753,
M1,138,nominal,M1_nominal_0138,B,M3,True,L,-1.444807827334591,100,0.0,100,0,-1.444807827334591,
M1,139,nominal,M1_nominal_0139,B,M1,True,R,-1.2476325474061918,100,0.0,100,0,-1.2476325474061918,
M1,139,nominal,M1_nominal_0139,B,M1,True,L,-1.104187681289605,100,0.26,74,26,-1.07863241156982,-1.1769219104920696
M1,139,nominal,M1_nominal_0139,B,M2,True,R,-1.2529396871267529,100,0.0,100,0,-1.2529396871267529,
M1,139,nominal,M1_nominal_0139,B,M2,True,L,-22.265531757156378,100,0.41,59,41,-1.1047713101785848,-52.71638215646586
M1,139,nominal,M1_nominal_0139,B,M3,True,R,-1.2233180282258065,100,0.0,100,0,-1.2233180282258065,
M1,139,nominal,M1_nominal_0139,B,M3,True,L,-1.1492861751864338,100,0.02,98,2,-1.1587266937581933,-0.6867007651702242
M1,140,nominal,M1_nominal_0140,B,M1,True,R,-1.5489935528757952,100,0.0,100,0,-1.5489935528757952,
M1,140,nominal,M1_nominal_0140,B,M1,True,L,-1.8185393772946308,100,0.15,85,15,-1.7553992262326477,-2.1763335666458667
M1,140,nominal,M1_nominal_0140,B,M2,True,R,-1.5492506646398811,100,0.0,100,0,-1.5492506646398811,
M1,140,nominal,M1_nominal_0140,B,M2,True,L,-1.8178382258759114,100,0.02,98,2,-1.818390209128501,-1.7907910464990273
M1,140,nominal,M1_nominal_0140,B,M3,True,R,-1.5466736314952303,100,0.0,100,0,-1.5466736314952303,
M1,140,nominal,M1_nominal_0140,B,M3,True,L,-1.8196083016607776,100,0.0,100,0,-1.8196083016607776,
M1,141,nominal,M1_nominal_0141,B,M1,True,R,-0.9159836151678447,100,0.05,95,5,-0.9234014290452749,-0.7750451514966744
M1,141,nominal,M1_nominal_0141,B,M1,True,L,-1.2615576138230475,100,0.02,98,2,-1.2719214681270155,-0.7537287529286263
M1,141,nominal,M1_nominal_0141,B,M2,True,R,-0.9103567889168771,100,0.03,97,3,-0.913010765705349,-0.824544872756289
M1,141,nominal,M1_nominal_0141,B,M2,True,L,-1.2679800542411486,100,0.07,93,7,-1.2842650376772657,-1.0516224171613044
M1,141,nominal,M1_nominal_0141,B,M3,True,R,-0.9175399926144074,100,0.0,100,0,-0.9175399926144074,
M1,141,nominal,M1_nominal_0141,B,M3,True,L,-1.2656370388658065,100,0.0,100,0,-1.2656370388658065,
M1,142,nominal,M1_nominal_0142,B,M1,True,R,-1.3548183511344123,100,0.48,52,48,-0.5413457571614319,-2.236080327938475
M1,142,nominal,M1_nominal_0142,B,M1,True,L,-0.872854851284369,100,0.02,98,2,-0.8709273517434865,-0.967302328787617
M1,142,nominal,M1_nominal_0142,B,M2,True,R,-269.8385878936946,100,0.52,48,52,-0.5953240503941675,-518.3708314413564
M1,142,nominal,M1_nominal_0142,B,M2,True,L,-0.8792915186824257,100,0.0,100,0,-0.8792915186824257,
M1,142,nominal,M1_nominal_0142,B,M3,True,R,-0.46450142681766876,100,0.45,55,45,-0.5119712004511399,-0.4064828145989819
M1,142,nominal,M1_nominal_0142,B,M3,True,L,-0.8752014853350084,100,0.0,100,0,-0.8752014853350084,
M1,143,nominal,M1_nominal_0143,B,M1,True,R,-1.595717905778768,100,0.04,96,4,-1.5680194163519838,-2.2604816520215985
M1,143,nominal,M1_nominal_0143,B,M1,True,L,-1.772489953987412,100,0.0,100,0,-1.772489953987412,
M1,143,nominal,M1_nominal_0143,B,M2,True,R,-1.5954733723988008,100,0.02,98,2,-1.5896892523990793,-1.8788952523851368
M1,143,nominal,M1_nominal_0143,B,M2,True,L,-1.774371774087739,100,0.0,100,0,-1.774371774087739,
M1,143,nominal,M1_nominal_0143,B,M3,True,R,-1.5961946654984698,100,0.0,100,0,-1.5961946654984698,
M1,143,nominal,M1_nominal_0143,B,M3,True,L,-1.7729551788134097,100,0.0,100,0,-1.7729551788134097,
M1,144,nominal,M1_nominal_0144,B,M1,True,R,-0.9822421372808922,100,0.0,100,0,-0.9822421372808922,
M1,144,nominal,M1_nominal_0144,B,M1,True,L,-1.1628070311736234,100,0.03,97,3,-1.1807089583486825,-0.5839780525133782
M1,144,nominal,M1_nominal_0144,B,M2,True,R,-0.976596949457458,100,0.0,100,0,-0.976596949457458,
M1,144,nominal,M1_nominal_0144,B,M2,True,L,-1.1708970063926398,100,0.0,100,0,-1.1708970063926398,
M1,144,nominal,M1_nominal_0144,B,M3,True,R,-0.9837489899702265,100,0.04,96,4,-1.0027499967633837,-0.5277248269344479
M1,144,nominal,M1_nominal_0144,B,M3,True,L,-1.16125583529696,100,0.01,99,1,-1.167542521686392,-0.5388738827432034
M1,145,nominal,M1_nominal_0145,B,M1,True,R,-1.1997030758051381,100,0.0,100,0,-1.1997030758051381,
M1,145,nominal,M1_nominal_0145,B,M1,True,L,-1.0256801240918598,100,0.22,78,22,-1.1586753600963628,-0.5541515600758941
M1,145,nominal,M1_nominal_0145,B,M2,True,R,-1.1943675104604556,100,0.0,100,0,-1.1943675104604556,
M1,145,nominal,M1_nominal_0145,B,M2,True,L,-2.810711084196976,100,0.21,79,21,-1.1951391227647894,-8.888338939108536
M1,145,nominal,M1_nominal_0145,B,M3,True,R,-1.2117632564903114,100,0.0,100,0,-1.2117632564903114,
M1,145,nominal,M1_nominal_0145,B,M3,True,L,-1.2235614054683335,100,0.02,98,2,-1.2253984195894339,-1.1335477135344059
M1,146,nominal,M1_nominal_0146,B,M1,True,R,-1.3355513638555276,100,0.0,100,0,-1.3355513638555276,
M1,146,nominal,M1_nominal_0146,B,M1,True,L,-1.3363685717379303,100,0.0,100,0,-1.3363685717379303,
M1,146,nominal,M1_nominal_0146,B,M2,True,R,-1.3352967203737907,100,0.0,100,0,-1.3352967203737907,
M1,146,nominal,M1_nominal_0146,B,M2,True,L,-1.3328616474271626,100,0.0,100,0,-1.3328616474271626,
M1,146,nominal,M1_nominal_0146,B,M3,True,R,-1.3412270115128866,100,0.0,100,0,-1.3412270115128866,
M1,146,nominal,M1_nominal_0146,B,M3,True,L,-1.334826886132123,100,0.0,100,0,-1.334826886132123,
M1,147,nominal,M1_nominal_0147,B,M1,True,R,-1.1585273494013402,100,0.0,100,0,-1.1585273494013402,
M1,147,nominal,M1_nominal_0147,B,M1,True,L,-1.1347347603677258,100,0.0,100,0,-1.1347347603677258,
M1,147,nominal,M1_nominal_0147,B,M2,True,R,-1.1593994916785013,100,0.0,100,0,-1.1593994916785013,
M1,147,nominal,M1_nominal_0147,B,M2,True,L,-1.1351861526193412,100,0.01,99,1,-1.1397287383568377,-0.6854701646071757
M1,147,nominal,M1_nominal_0147,B,M3,True,R,-1.161655056496077,100,0.01,99,1,-1.1665504314848405,-0.6770129326085134
M1,147,nominal,M1_nominal_0147,B,M3,True,L,-1.135068612418805,100,0.0,100,0,-1.135068612418805,
M1,148,nominal,M1_nominal_0148,B,M1,True,R,-1.567432310772374,100,0.0,100,0,-1.567432310772374,
M1,148,nominal,M1_nominal_0148,B,M1,True,L,-1.9397880524967415,100,0.05,95,5,-1.908674606454631,-2.5309435272968384
M1,148,nominal,M1_nominal_0148,B,M2,True,R,-1.5670582851267876,100,0.0,100,0,-1.5670582851267876,
M1,148,nominal,M1_nominal_0148,B,M2,True,L,-1.9379024490960544,100,0.02,98,2,-1.9355544902747226,-2.052952431341323
M1,148,nominal,M1_nominal_0148,B,M3,True,R,-1.5652103997959645,100,0.0,100,0,-1.5652103997959645,
M1,148,nominal,M1_nominal_0148,B,M3,True,L,-1.9361980037944249,100,0.0,100,0,-1.9361980037944249,
M1,149,nominal,M1_nominal_0149,B,M1,True,R,-0.58361962464252,100,0.09,91,9,-0.6062548796918249,-0.3547520458106594
M1,149,nominal,M1_nominal_0149,B,M1,True,L,-0.8725381626645198,100,0.0,100,0,-0.8725381626645198,
M1,149,nominal,M1_nominal_0149,B,M2,True,R,-0.5826561981188929,100,0.16,84,16,-0.5874950787494752,-0.557252074808336
M1,149,nominal,M1_nominal_0149,B,M2,True,L,-0.87498970073098,100,0.0,100,0,-0.87498970073098,
M1,149,nominal,M1_nominal_0149,B,M3,True,R,-0.5862034217890861,100,0.0,100,0,-0.5862034217890861,
M1,149,nominal,M1_nominal_0149,B,M3,True,L,-0.8744305203111036,100,0.0,100,0,-0.8744305203111036,
M1,150,nominal,M1_nominal_0150,B,M1,True,R,-1.3758576435676977,100,0.0,100,0,-1.3758576435676977,
M1,150,nominal,M1_nominal_0150,B,M1,True,L,-1.3231941567136802,100,0.22,78,22,-1.2260070266439604,-1.6677667087790515
M1,150,nominal,M1_nominal_0150,B,M2,True,R,-1.3825292085237744,100,0.05,95,5,-1.4037582848793222,-0.9791767577683661
M1,150,nominal,M1_nominal_0150,B,M2,True,L,-223.84718405242464,100,0.27,73,27,-1.2608157883666953,-825.6547723219148
M1,150,nominal,M1_nominal_0150,B,M3,True,R,-1.4168964889007347,100,0.0,100,0,-1.4168964889007347,
M1,150,nominal,M1_nominal_0150,B,M3,True,L,-1.351862834988845,100,0.19,81,19,-1.1889269646358263,-2.0464841770201367
M1,151,nominal,M1_nominal_0151,B,M1,True,R,-0.916112551607999,100,0.0,100,0,-0.916112551607999,
M1,151,nominal,M1_nominal_0151,B,M1,True,L,-0.9402447937495738,100,0.0,100,0,-0.9402447937495738,
M1,151,nominal,M1_nominal_0151,B,M2,True,R,-0.9125268358029168,100,0.0,100,0,-0.9125268358029168,
M1,151,nominal,M1_nominal_0151,B,M2,True,L,-0.9387628498238587,100,0.0,100,0,-0.9387628498238587,
M1,151,nominal,M1_nominal_0151,B,M3,True,R,-0.9133129182818703,100,0.01,99,1,-0.9137099250237596,-0.8740092508348133
M1,151,nominal,M1_nominal_0151,B,M3,True,L,-0.9486479628742217,100,0.0,100,0,-0.9486479628742217,
M1,152,nominal,M1_nominal_0152,B,M1,True,R,-1.3233592922321058,100,0.06,94,6,-1.3518827163615732,-0.8764923142037865
M1,152,nominal,M1_nominal_0152,B,M1,True,L,-1.3190076681047997,100,0.0,100,0,-1.3190076681047997,
M1,152,nominal,M1_nominal_0152,B,M2,True,R,-1.3245635278254562,100,0.04,96,4,-1.3388128705783242,-0.9825793017566151
M1,152,nominal,M1_nominal_0152,B,M2,True,L,-1.315358108137637,100,0.0,100,0,-1.315358108137637,
M1,152,nominal,M1_nominal_0152,B,M3,True,R,-1.3225840648950506,100,0.0,100,0,-1.3225840648950506,
M1,152,nominal,M1_nominal_0152,B,M3,True,L,-1.319181594421926,100,0.0,100,0,-1.319181594421926,
M1,153,nominal,M1_nominal_0153,B,M1,True,R,-0.8185426357747914,100,0.01,99,1,-0.8234586666037009,-0.3318555837127388
M1,153,nominal,M1_nominal_0153,B,M1,True,L,-1.231709809840334,100,0.04,96,4,-1.240548515441524,-1.0195808754117828
M1,153,nominal,M1_nominal_0153,B,M2,True,R,-0.8169368599768769,100,0.01,99,1,-0.8220261839370288,-0.3130937879218453
M1,153,nominal,M1_nominal_0153,B,M2,True,L,-1.2327577265382106,100,0.05,95,5,-1.2456765242567194,-0.9873005698865438
M1,153,nominal,M1_nominal_0153,B,M3,True,R,-0.8182180199689509,100,0.0,100,0,-0.8182180199689509,
M1,153,nominal,M1_nominal_0153,B,M3,True,L,-1.2335927676039429,100,0.01,99,1,-1.2399179539447875,-0.6073993198603287
M1,154,nominal,M1_nominal_0154,B,M1,True,R,-0.9282535862992216,100,0.01,99,1,-0.9282044570770694,-0.9331173792922804
M1,154,nominal,M1_nominal_0154,B,M1,True,L,-0.8740633114698793,100,0.0,100,0,-0.8740633114698793,
M1,154,nominal,M1_nominal_0154,B,M2,True,R,-0.925833874364578,100,0.01,99,1,-0.9255173489254432,-0.9571698928388983
M1,154,nominal,M1_nominal_0154,B,M2,True,L,-0.8672954134134521,100,0.0,100,0,-0.8672954134134521,
M1,154,nominal,M1_nominal_0154,B,M3,True,R,-0.9251925030268451,100,0.0,100,0,-0.9251925030268451,
M1,154,nominal,M1_nominal_0154,B,M3,True,L,-0.8719926986246804,100,0.0,100,0,-0.8719926986246804,
M1,155,nominal,M1_nominal_0155,B,M1,True,R,0.062004236250093846,100,0.0,100,0,0.062004236250093846,
M1,155,nominal,M1_nominal_0155,B,M1,True,L,0.43814855866855057,100,0.01,99,1,0.45146878320393186,-0.8805536703342032
M1,155,nominal,M1_nominal_0155,B,M2,True,R,0.06831269481544307,100,0.0,100,0,0.06831269481544307,
M1,155,nominal,M1_nominal_0155,B,M2,True,L,0.43837325954623796,100,0.0,100,0,0.43837325954623796,
M1,155,nominal,M1_nominal_0155,B,M3,True,R,0.06397921724855946,100,0.0,100,0,0.06397921724855946,
M1,155,nominal,M1_nominal_0155,B,M3,True,L,0.4379986085222118,100,0.0,100,0,0.4379986085222118,
M1,156,nominal,M1_nominal_0156,B,M1,True,R,-3.7725383563088197,100,0.48,52,48,-0.8642515206949859,-6.923182428223806
M1,156,nominal,M1_nominal_0156,B,M1,True,L,-0.9743167369218392,100,0.0,100,0,-0.9743167369218392,
M1,156,nominal,M1_nominal_0156,B,M2,True,R,-51519.05385204728,100,0.54,46,54,-0.9150202065810957,-95404.87581991155
M1,156,nominal,M1_nominal_0156,B,M2,True,L,-0.9815859512497391,100,0.0,100,0,-0.9815859512497391,
M1,156,nominal,M1_nominal_0156,B,M3,True,R,-0.38290770602265206,100,0.5,50,50,-0.8707244831720244,0.1049090711267204
M1,156,nominal,M1_nominal_0156,B,M3,True,L,-0.988836520034775,100,0.0,100,0,-0.988836520034775,
M1,157,nominal,M1_nominal_0157,B,M1,True,R,-1.118781263793463,100,0.0,100,0,-1.118781263793463,
M1,157,nominal,M1_nominal_0157,B,M1,True,L,-1.2747292564471064,100,0.0,100,0,-1.2747292564471064,
M1,157,nominal,M1_nominal_0157,B,M2,True,R,-1.1192623083911588,100,0.01,99,1,-1.1233023515902034,-0.7192980316857533
M1,157,nominal,M1_nominal_0157,B,M2,True,L,-1.2712597280279616,100,0.0,100,0,-1.2712597280279616,
M1,157,nominal,M1_nominal_0157,B,M3,True,R,-1.1191550120711433,100,0.0,100,0,-1.1191550120711433,
M1,157,nominal,M1_nominal_0157,B,M3,True,L,-1.2741724448308547,100,0.0,100,0,-1.2741724448308547,
M1,158,nominal,M1_nominal_0158,B,M1,True,R,-1.1750748597929037,100,0.01,99,1,-1.1698435324287535,-1.6929762688437808
M1,158,nominal,M1_nominal_0158,B,M1,True,L,-1.2768745038755493,100,0.0,100,0,-1.2768745038755493,
M1,158,nominal,M1_nominal_0158,B,M2,True,R,-1.170871794617489,100,0.06,94,6,-1.1432796037190587,-1.603149452026229
M1,158,nominal,M1_nominal_0158,B,M2,True,L,-1.304631934056991,100,0.01,99,1,-1.2906543534189214,-2.688412417225888
M1,158,nominal,M1_nominal_0158,B,M3,True,R,-1.1780837828703228,100,0.0,100,0,-1.1780837828703228,
M1,158,nominal,M1_nominal_0158,B,M3,True,L,-1.26930391601669,100,0.0,100,0,-1.26930391601669,
M1,159,nominal,M1_nominal_0159,B,M1,True,R,-1.0178394967732407,100,0.0,100,0,-1.0178394967732407,
M1,159,nominal,M1_nominal_0159,B,M1,True,L,-1.0998944140502418,100,0.0,100,0,-1.0998944140502418,
M1,159,nominal,M1_nominal_0159,B,M2,True,R,-1.015754422925553,100,0.0,100,0,-1.015754422925553,
M1,159,nominal,M1_nominal_0159,B,M2,True,L,-1.1004176939200172,100,0.0,100,0,-1.1004176939200172,
M1,159,nominal,M1_nominal_0159,B,M3,True,R,-1.0207174997148618,100,0.0,100,0,-1.0207174997148618,
M1,159,nominal,M1_nominal_0159,B,M3,True,L,-1.0982578740936872,100,0.0,100,0,-1.0982578740936872,
M1,160,nominal,M1_nominal_0160,B,M1,True,R,-1.4846880167387022,100,0.0,100,0,-1.4846880167387022,
M1,160,nominal,M1_nominal_0160,B,M1,True,L,-1.7716717820856278,100,0.01,99,1,-1.778640144013459,-1.081803951230366
M1,160,nominal,M1_nominal_0160,B,M2,True,R,-1.4814945852441328,100,0.0,100,0,-1.4814945852441328,
M1,160,nominal,M1_nominal_0160,B,M2,True,L,-1.776421627391465,100,0.02,98,2,-1.7867035213842815,-1.272608821743463
M1,160,nominal,M1_nominal_0160,B,M3,True,R,-1.4858444794156167,100,0.0,100,0,-1.4858444794156167,
M1,160,nominal,M1_nominal_0160,B,M3,True,L,-1.7773451147244654,100,0.0,100,0,-1.7773451147244654,
M1,161,nominal,M1_nominal_0161,B,M1,True,R,-1.3678855502473775,100,0.0,100,0,-1.3678855502473775,
M1,161,nominal,M1_nominal_0161,B,M1,True,L,-1.4673940411502846,100,0.0,100,0,-1.4673940411502846,
M1,161,nominal,M1_nominal_0161,B,M2,True,R,-1.3675701140029182,100,0.01,99,1,-1.3573089212542075,-2.3834281961252453
M1,161,nominal,M1_nominal_0161,B,M2,True,L,-1.4681817550325817,100,0.05,95,5,-1.4760024549212005,-1.3195884571488272
M1,161,nominal,M1_nominal_0161,B,M3,True,R,-1.3683601385025619,100,0.0,100,0,-1.3683601385025619,
M1,161,nominal,M1_nominal_0161,B,M3,True,L,-1.466914031993427,100,0.0,100,0,-1.466914031993427,
M1,162,nominal,M1_nominal_0162,B,M1,True,R,-1.6351743281171653,100,0.01,99,1,-1.637395583938236,-1.4152700018311606
M1,162,nominal,M1_nominal_0162,B,M1,True,L,-1.6036999367456841,100,0.01,99,1,-1.6041716258949537,-1.5570027109679951
M1,162,nominal,M1_nominal_0162,B,M2,True,R,-1.6383958195953645,100,0.04,96,4,-1.6403544879824838,-1.5913877783045085
M1,162,nominal,M1_nominal_0162,B,M2,True,L,-1.6094565978547986,100,0.02,98,2,-1.616911730035274,-1.244155121011492
M1,162,nominal,M1_nominal_0162,B,M3,True,R,-1.6361689248611204,100,0.0,100,0,-1.6361689248611204,
M1,162,nominal,M1_nominal_0162,B,M3,True,L,-1.604552706115948,100,0.0,100,0,-1.604552706115948,
M1,163,nominal,M1_nominal_0163,B,M1,True,R,-1.4998121866965508,100,0.0,100,0,-1.4998121866965508,
M1,163,nominal,M1_nominal_0163,B,M1,True,L,-1.6499196934632174,100,0.01,99,1,-1.65579403604213,-1.0683597781509033
M1,163,nominal,M1_nominal_0163,B,M2,True,R,-1.502257985718775,100,0.0,100,0,-1.502257985718775,
M1,163,nominal,M1_nominal_0163,B,M2,True,L,-1.6523567561327406,100,0.0,100,0,-1.6523567561327406,
M1,163,nominal,M1_nominal_0163,B,M3,True,R,-1.5018336257187141,100,0.0,100,0,-1.5018336257187141,
M1,163,nominal,M1_nominal_0163,B,M3,True,L,-1.6505597592755301,100,0.0,100,0,-1.6505597592755301,
M1,164,nominal,M1_nominal_0164,B,M1,True,R,-1.650578180659618,100,0.17,83,17,-1.702641122598467,-1.3963885229581787
M1,164,nominal,M1_nominal_0164,B,M1,True,L,-1.7072896657186942,100,0.02,98,2,-1.7173765511736583,-1.213032278425444
M1,164,nominal,M1_nominal_0164,B,M2,True,R,-1.6504932286187295,100,0.11,89,11,-1.6873893715640726,-1.351969890242767
M1,164,nominal,M1_nominal_0164,B,M2,True,L,-1.703866954889368,100,0.04,96,4,-1.7021769310868644,-1.7444275261494535
M1,164,nominal,M1_nominal_0164,B,M3,True,R,-1.6514472480951858,100,0.0,100,0,-1.6514472480951858,
M1,164,nominal,M1_nominal_0164,B,M3,True,L,-1.707140000412905,100,0.0,100,0,-1.707140000412905,
M1,165,nominal,M1_nominal_0165,B,M1,True,R,-1.258558082529695,100,0.06,94,6,-1.2512499233834113,-1.373052575821469
M1,165,nominal,M1_nominal_0165,B,M1,True,L,-1.540070152280485,100,0.07,93,7,-1.5465880510821155,-1.45347521105882
M1,165,nominal,M1_nominal_0165,B,M2,True,R,-1.2611802465915014,100,0.06,94,6,-1.2538675857295065,-1.375745266762757
M1,165,nominal,M1_nominal_0165,B,M2,True,L,-1.5416506947428812,100,0.05,95,5,-1.5520983062197562,-1.3431460766822572
M1,165,nominal,M1_nominal_0165,B,M3,True,R,-1.2617807583409832,100,0.01,99,1,-1.2673570637709053,-0.7097265207786755
M1,165,nominal,M1_nominal_0165,B,M3,True,L,-1.5334005499070542,100,0.02,98,2,-1.537173908423627,-1.3485059825950048
M1,166,nominal,M1_nominal_0166,B,M1,True,R,-1.188037349920898,100,0.01,99,1,-1.1885659226768364,-1.1357086470830215
M1,166,nominal,M1_nominal_0166,B,M1,True,L,-1.649464389390475,100,0.0,100,0,-1.649464389390475,
M1,166,nominal,M1_nominal_0166,B,M2,True,R,-1.199188583105396,100,0.0,100,0,-1.199188583105396,
M1,166,nominal,M1_nominal_0166,B,M2,True,L,-1.6522263877392362,100,0.0,100,0,-1.6522263877392362,
M1,166,nominal,M1_nominal_0166,B,M3,True,R,-1.197780608132067,100,0.0,100,0,-1.197780608132067,
M1,166,nominal,M1_nominal_0166,B,M3,True,L,-1.6492143542784765,100,0.0,100,0,-1.6492143542784765,
M1,167,nominal,M1_nominal_0167,B,M1,True,R,-1.7419634783110027,100,0.0,100,0,-1.7419634783110027,
M1,167,nominal,M1_nominal_0167,B,M1,True,L,-1.8677875769356276,100,0.0,100,0,-1.8677875769356276,
M1,167,nominal,M1_nominal_0167,B,M2,True,R,-1.7400213950778427,100,0.0,100,0,-1.7400213950778427,
M1,167,nominal,M1_nominal_0167,B,M2,True,L,-1.8669993697555867,100,0.02,98,2,-1.8733657542124158,-1.5550465313709876
M1,167,nominal,M1_nominal_0167,B,M3,True,R,-1.740415838068185,100,0.0,100,0,-1.740415838068185,
M1,167,nominal,M1_nominal_0167,B,M3,True,L,-1.8694043542514986,100,0.0,100,0,-1.8694043542514986,
M1,168,nominal,M1_nominal_0168,B,M1,True,R,-1.2178396735363792,100,0.0,100,0,-1.2178396735363792,
M1,168,nominal,M1_nominal_0168,B,M1,True,L,-1.28545689481259,100,0.01,99,1,-1.290235736987464,-0.8123515195000754
M1,168,nominal,M1_nominal_0168,B,M2,True,R,-1.2182864962819964,100,0.0,100,0,-1.2182864962819964,
M1,168,nominal,M1_nominal_0168,B,M2,True,L,-1.2877548815425677,100,0.0,100,0,-1.2877548815425677,
M1,168,nominal,M1_nominal_0168,B,M3,True,R,-1.2194919646246367,100,0.0,100,0,-1.2194919646246367,
M1,168,nominal,M1_nominal_0168,B,M3,True,L,-1.2887892874665363,100,0.0,100,0,-1.2887892874665363,
M1,169,nominal,M1_nominal_0169,B,M1,True,R,-1.909458380074873,100,0.0,100,0,-1.909458380074873,
M1,169,nominal,M1_nominal_0169,B,M1,True,L,-1.6196453865477691,100,0.0,100,0,-1.6196453865477691,
M1,169,nominal,M1_nominal_0169,B,M2,True,R,-1.9384386265338107,100,0.0,100,0,-1.9384386265338107,
M1,169,nominal,M1_nominal_0169,B,M2,True,L,-1.618654509565785,100,0.01,99,1,-1.619315217813781,-1.553244393014163
M1,169,nominal,M1_nominal_0169,B,M3,True,R,-1.9045990514872488,100,0.03,97,3,-1.8982988741337796,-2.1083047859160895
M1,169,nominal,M1_nominal_0169,B,M3,True,L,-1.619988263251629,100,0.0,100,0,-1.619988263251629,
M1,170,nominal,M1_nominal_0170,B,M1,True,R,-1.6057439823526964,100,0.0,100,0,-1.6057439823526964,
M1,170,nominal,M1_nominal_0170,B,M1,True,L,-2.171059712976228,100,0.02,98,2,-2.163974804201816,-2.51822024292243
M1,170,nominal,M1_nominal_0170,B,M2,True,R,-1.6057465823630865,100,0.01,99,1,-1.6060637940940403,-1.5743426209986737
M1,170,nominal,M1_nominal_0170,B,M2,True,L,-2.175616115798407,100,0.02,98,2,-2.1681947366089362,-2.53926369608247
M1,170,nominal,M1_nominal_0170,B,M3,True,R,-1.6057244215547923,100,0.0,100,0,-1.6057244215547923,
M1,170,nominal,M1_nominal_0170,B,M3,True,L,-2.17097471226995,100,0.0,100,0,-2.17097471226995,
M1,171,nominal,M1_nominal_0171,B,M1,True,R,-0.6577596705580615,100,0.0,100,0,-0.6577596705580615,
M1,171,nominal,M1_nominal_0171,B,M1,True,L,-1.7280827717756673,100,0.0,100,0,-1.7280827717756673,
M1,171,nominal,M1_nominal_0171,B,M2,True,R,-0.6596075029658063,100,0.0,100,0,-0.6596075029658063,
M1,171,nominal,M1_nominal_0171,B,M2,True,L,-1.7275556181198555,100,0.0,100,0,-1.7275556181198555,
M1,171,nominal,M1_nominal_0171,B,M3,True,R,-0.6590482552568792,100,0.0,100,0,-0.6590482552568792,
M1,171,nominal,M1_nominal_0171,B,M3,True,L,-1.7302768091589902,100,0.0,100,0,-1.7302768091589902,
M1,172,nominal,M1_nominal_0172,B,M1,True,R,-1.3543883830009964,100,0.01,99,1,-1.3443362748827632,-2.3495470867060817
M1,172,nominal,M1_nominal_0172,B,M1,True,L,-1.307748344602509,100,0.0,100,0,-1.307748344602509,
M1,172,nominal,M1_nominal_0172,B,M2,True,R,-1.3616125891937387,100,0.0,100,0,-1.3616125891937387,
M1,172,nominal,M1_nominal_0172,B,M2,True,L,-1.3084867640455606,100,0.0,100,0,-1.3084867640455606,
M1,172,nominal,M1_nominal_0172,B,M3,True,R,-1.349674872609511,100,0.0,100,0,-1.349674872609511,
M1,172,nominal,M1_nominal_0172,B,M3,True,L,-1.3107302619045336,100,0.0,100,0,-1.3107302619045336,
M1,173,nominal,M1_nominal_0173,B,M1,True,R,-1.2781903118992683,100,0.0,100,0,-1.2781903118992683,
M1,173,nominal,M1_nominal_0173,B,M1,True,L,-1.357506941286446,100,0.02,98,2,-1.3636526884930102,-1.0563653281647976
M1,173,nominal,M1_nominal_0173,B,M2,True,R,-1.2812491507725614,100,0.0,100,0,-1.2812491507725614,
M1,173,nominal,M1_nominal_0173,B,M2,True,L,-1.3487548848959554,100,0.08,92,8,-1.3514230183607883,-1.31807135005038
M1,173,nominal,M1_nominal_0173,B,M3,True,R,-1.2758268326168831,100,0.01,99,1,-1.26489503737608,-2.358074561456384
M1,173,nominal,M1_nominal_0173,B,M3,True,L,-1.3564490226525188,100,0.0,100,0,-1.3564490226525188,
M1,174,nominal,M1_nominal_0174,B,M1,True,R,-1.379797183109788,100,0.01,99,1,-1.3852842697105536,-0.8365756096340147
M1,174,nominal,M1_nominal_0174,B,M1,True,L,-1.7442217683625756,100,0.0,100,0,-1.7442217683625756,
M1,174,nominal,M1_nominal_0174,B,M2,True,R,-1.3813846062580217,100,0.0,100,0,-1.3813846062580217,
M1,174,nominal,M1_nominal_0174,B,M2,True,L,-1.7449255374544015,100,0.0,100,0,-1.7449255374544015,
M1,174,nominal,M1_nominal_0174,B,M3,True,R,-1.3798976313367184,100,0.0,100,0,-1.3798976313367184,
M1,174,nominal,M1_nominal_0174,B,M3,True,L,-1.742588464373134,100,0.0,100,0,-1.742588464373134,
M1,175,nominal,M1_nominal_0175,B,M1,True,R,-1.7264278042327987,100,0.0,100,0,-1.7264278042327987,
M1,175,nominal,M1_nominal_0175,B,M1,True,L,-1.7806704126042754,100,0.0,100,0,-1.7806704126042754,
M1,175,nominal,M1_nominal_0175,B,M2,True,R,-1.7273186027510496,100,0.0,100,0,-1.7273186027510496,
M1,175,nominal,M1_nominal_0175,B,M2,True,L,-1.7814061663613776,100,0.01,99,1,-1.7878815044135683,-1.1403476991945605
M1,175,nominal,M1_nominal_0175,B,M3,True,R,-1.7276541292107317,100,0.01,99,1,-1.7329496808632499,-1.2033945156114472
M1,175,nominal,M1_nominal_0175,B,M3,True,L,-1.781789812264291,100,0.0,100,0,-1.781789812264291,
M1,176,nominal,M1_nominal_0176,B,M1,True,R,-6.511801916389994,100,0.61,39,61,-0.5673876973117551,-10.312329040062966
M1,176,nominal,M1_nominal_0176,B,M1,True,L,-0.7610552826141607,100,0.0,100,0,-0.7610552826141607,
M1,176,nominal,M1_nominal_0176,B,M2,True,R,-7187.214279588228,100,0.67,33,67,-0.6024264017932905,-10726.888774441248
M1,176,nominal,M1_nominal_0176,B,M2,True,L,-0.7583418990375432,100,0.01,99,1,-0.7627477013625659,-0.32216746886030134
M1,176,nominal,M1_nominal_0176,B,M3,True,R,-0.5165799050310147,100,0.51,49,51,-0.4160712898814736,-0.6131470058609658
M1,176,nominal,M1_nominal_0176,B,M3,True,L,-0.7604907449126336,100,0.0,100,0,-0.7604907449126336,
M1,177,nominal,M1_nominal_0177,B,M1,True,R,-1.324048858628617,100,0.0,100,0,-1.324048858628617,
M1,177,nominal,M1_nominal_0177,B,M1,True,L,-1.6468477832213142,100,0.01,99,1,-1.6460376400151704,-1.7270519606295438
M1,177,nominal,M1_nominal_0177,B,M2,True,R,-1.3271146778723242,100,0.0,100,0,-1.3271146778723242,
M1,177,nominal,M1_nominal_0177,B,M2,True,L,-1.6482818761892002,100,0.0,100,0,-1.6482818761892002,
M1,177,nominal,M1_nominal_0177,B,M3,True,R,-1.3352399859186128,100,0.0,100,0,-1.3352399859186128,
M1,177,nominal,M1_nominal_0177,B,M3,True,L,-1.6369151848555274,100,0.0,100,0,-1.6369151848555274,
M1,178,nominal,M1_nominal_0178,B,M1,True,R,-3.741559155372855,100,0.53,47,53,-1.1340210558604435,-6.053904262487635
M1,178,nominal,M1_nominal_0178,B,M1,True,L,-1.518047288340933,100,0.01,99,1,-1.5227043673763834,-1.056996463831348
M1,178,nominal,M1_nominal_0178,B,M2,True,R,-1136.9355211402458,100,0.54,46,54,-1.1340702182257516,-2104.470090444189
M1,178,nominal,M1_nominal_0178,B,M2,True,L,-1.5149142832648193,100,0.0,100,0,-1.5149142832648193,
M1,178,nominal,M1_nominal_0178,B,M3,True,R,-2.222326865250458,100,0.51,49,51,-1.098649821417328,-3.3019381426587597
M1,178,nominal,M1_nominal_0178,B,M3,True,L,-1.5087380947049638,100,0.0,100,0,-1.5087380947049638,
M1,179,nominal,M1_nominal_0179,B,M1,True,R,-1.3274149907695396,100,0.8,20,80,-0.7688155963677186,-1.467064839369995
M1,179,nominal,M1_nominal_0179,B,M1,True,L,-0.89142175270973,100,0.0,100,0,-0.89142175270973,
M1,179,nominal,M1_nominal_0179,B,M2,True,R,-306.47074364948253,100,0.84,16,84,-0.8804234007970755,-364.67842369685116
M1,179,nominal,M1_nominal_0179,B,M2,True,L,-0.89361685010247,100,0.0,100,0,-0.89361685010247,
M1,179,nominal,M1_nominal_0179,B,M3,True,R,-1.1845213913186787,100,0.76,24,76,-0.6430112176619692,-1.3555246040523763
M1,179,nominal,M1_nominal_0179,B,M3,True,L,-0.8915484109306526,100,0.0,100,0,-0.8915484109306526,
M1,180,nominal,M1_nominal_0180,B,M1,True,R,-1.3904608382674277,100,0.0,100,0,-1.3904608382674277,
M1,180,nominal,M1_nominal_0180,B,M1,True,L,-1.623120123597196,100,0.0,100,0,-1.623120123597196,
M1,180,nominal,M1_nominal_0180,B,M2,True,R,-1.445193703948321,100,0.0,100,0,-1.445193703948321,
M1,180,nominal,M1_nominal_0180,B,M2,True,L,-1.6231526867371506,100,0.0,100,0,-1.6231526867371506,
M1,180,nominal,M1_nominal_0180,B,M3,True,R,-1.3876621865040013,100,0.03,97,3,-1.39736593541633,-1.0739076383387032
M1,180,nominal,M1_nominal_0180,B,M3,True,L,-1.6305360164954588,100,0.02,98,2,-1.6322440048046796,-1.5468445893436316
M1,181,nominal,M1_nominal_0181,B,M1,True,R,-1.2338590498568442,100,0.0,100,0,-1.2338590498568442,
M1,181,nominal,M1_nominal_0181,B,M1,True,L,-1.6280057029255335,100,0.0,100,0,-1.6280057029255335,
M1,181,nominal,M1_nominal_0181,B,M2,True,R,-1.2334623762179004,100,0.0,100,0,-1.2334623762179004,
M1,181,nominal,M1_nominal_0181,B,M2,True,L,-1.6230957709457612,100,0.03,97,3,-1.6428949875673542,-0.9829211001809263
M1,181,nominal,M1_nominal_0181,B,M3,True,R,-1.2340997995314134,100,0.0,100,0,-1.2340997995314134,
M1,181,nominal,M1_nominal_0181,B,M3,True,L,-1.6288497927180723,100,0.0,100,0,-1.6288497927180723,
M1,182,nominal,M1_nominal_0182,B,M1,True,R,-1.10069336490008,100,0.0,100,0,-1.10069336490008,
M1,182,nominal,M1_nominal_0182,B,M1,True,L,-1.2954366087954177,100,0.0,100,0,-1.2954366087954177,
M1,182,nominal,M1_nominal_0182,B,M2,True,R,-1.1071080589647684,100,0.0,100,0,-1.1071080589647684,
M1,182,nominal,M1_nominal_0182,B,M2,True,L,-1.2946547438817344,100,0.0,100,0,-1.2946547438817344,
M1,182,nominal,M1_nominal_0182,B,M3,True,R,-1.1036302826093372,100,0.0,100,0,-1.1036302826093372,
M1,182,nominal,M1_nominal_0182,B,M3,True,L,-1.2981736771627215,100,0.0,100,0,-1.2981736771627215,
M1,183,nominal,M1_nominal_0183,B,M1,True,R,-1.50531390551199,100,0.0,100,0,-1.50531390551199,
M1,183,nominal,M1_nominal_0183,B,M1,True,L,-2.1559957100480447,100,0.01,99,1,-2.163317577286235,-1.431130853467228
M1,183,nominal,M1_nominal_0183,B,M2,True,R,-1.5047296738962785,100,0.0,100,0,-1.5047296738962785,
M1,183,nominal,M1_nominal_0183,B,M2,True,L,-2.1742449236488985,100,0.0,100,0,-2.1742449236488985,
M1,183,nominal,M1_nominal_0183,B,M3,True,R,-1.5044174424086707,100,0.0,100,0,-1.5044174424086707,
M1,183,nominal,M1_nominal_0183,B,M3,True,L,-2.1538990797449493,100,0.0,100,0,-2.1538990797449493,
M1,184,nominal,M1_nominal_0184,B,M1,True,R,-1.0112360861471457,100,0.02,98,2,-1.0203377101788866,-0.5652565085918375
M1,184,nominal,M1_nominal_0184,B,M1,True,L,-1.131395636027573,100,0.0,100,0,-1.131395636027573,
M1,184,nominal,M1_nominal_0184,B,M2,True,R,-1.0041200791123728,100,0.01,99,1,-1.0096220853343476,-0.4594214631368693
M1,184,nominal,M1_nominal_0184,B,M2,True,L,-1.134305329033839,100,0.0,100,0,-1.134305329033839,
M1,184,nominal,M1_nominal_0184,B,M3,True,R,-1.0145629851670461,100,0.0,100,0,-1.0145629851670461,
M1,184,nominal,M1_nominal_0184,B,M3,True,L,-1.1331530627031787,100,0.02,98,2,-1.1389257819781595,-0.8502898182291283
M1,185,nominal,M1_nominal_0185,B,M1,True,R,-2.2276657319386426,100,0.0,100,0,-2.2276657319386426,
M1,185,nominal,M1_nominal_0185,B,M1,True,L,-2.2438418327590286,100,0.0,100,0,-2.2438418327590286,
M1,185,nominal,M1_nominal_0185,B,M2,True,R,-2.2258544505767968,100,0.0,100,0,-2.2258544505767968,
M1,185,nominal,M1_nominal_0185,B,M2,True,L,-2.2468312631216873,100,0.0,100,0,-2.2468312631216873,
M1,185,nominal,M1_nominal_0185,B,M3,True,R,-2.223975330206435,100,0.0,100,0,-2.223975330206435,
M1,185,nominal,M1_nominal_0185,B,M3,True,L,-2.2510731989432498,100,0.01,99,1,-2.251289768889071,-2.2296327743069315
M1,186,nominal,M1_nominal_0186,B,M1,True,R,-1.5949999243678463,100,0.02,98,2,-1.5883123761956415,-1.9226897848058875
M1,186,nominal,M1_nominal_0186,B,M1,True,L,-1.7481276508882386,100,0.0,100,0,-1.7481276508882386,
M1,186,nominal,M1_nominal_0186,B,M2,True,R,-1.5965772626451094,100,0.01,99,1,-1.603683739821116,-0.8930360222204311
M1,186,nominal,M1_nominal_0186,B,M2,True,L,-1.7500445120974908,100,0.0,100,0,-1.7500445120974908,
M1,186,nominal,M1_nominal_0186,B,M3,True,R,-1.5919948292962778,100,0.0,100,0,-1.5919948292962778,
M1,186,nominal,M1_nominal_0186,B,M3,True,L,-1.7476914254664822,100,0.0,100,0,-1.7476914254664822,
M1,187,nominal,M1_nominal_0187,B,M1,True,R,-1.2754122143192959,100,0.0,100,0,-1.2754122143192959,
M1,187,nominal,M1_nominal_0187,B,M1,True,L,-1.413279804081733,100,0.02,98,2,-1.4190829924648798,-1.1289235733075218
M1,187,nominal,M1_nominal_0187,B,M2,True,R,-1.272952779999421,100,0.0,100,0,-1.272952779999421,
M1,187,nominal,M1_nominal_0187,B,M2,True,L,-1.4182628341917578,100,0.01,99,1,-1.4227981925952278,-0.9692623522482116
M1,187,nominal,M1_nominal_0187,B,M3,True,R,-1.2710978253969045,100,0.0,100,0,-1.2710978253969045,
M1,187,nominal,M1_nominal_0187,B,M3,True,L,-1.418058453637266,100,0.0,100,0,-1.418058453637266,
M1,188,nominal,M1_nominal_0188,B,M1,True,R,-1.1223509037280777,100,0.0,100,0,-1.1223509037280777,
M1,188,nominal,M1_nominal_0188,B,M1,True,L,-1.0764226212500518,100,0.0,100,0,-1.0764226212500518,
M1,188,nominal,M1_nominal_0188,B,M2,True,R,-1.1146517865493097,100,0.0,100,0,-1.1146517865493097,
M1,188,nominal,M1_nominal_0188,B,M2,True,L,-1.0048947754035067,100,0.0,100,0,-1.0048947754035067,
M1,188,nominal,M1_nominal_0188,B,M3,True,R,-1.1267938917607985,100,0.0,100,0,-1.1267938917607985,
M1,188,nominal,M1_nominal_0188,B,M3,True,L,-1.197496628166992,100,0.02,98,2,-1.1991516824316033,-1.1163989692010556
M1,189,nominal,M1_nominal_0189,B,M1,True,R,-1.5843448166662661,100,0.01,99,1,-1.5906193800629091,-0.9631630403985998
M1,189,nominal,M1_nominal_0189,B,M1,True,L,-1.9122026724057535,100,0.0,100,0,-1.9122026724057535,
M1,189,nominal,M1_nominal_0189,B,M2,True,R,-1.5895915410353538,100,0.0,100,0,-1.5895915410353538,
M1,189,nominal,M1_nominal_0189,B,M2,True,L,-1.9121471835763812,100,0.0,100,0,-1.9121471835763812,
M1,189,nominal,M1_nominal_0189,B,M3,True,R,-1.587789825644565,100,0.0,100,0,-1.587789825644565,
M1,189,nominal,M1_nominal_0189,B,M3,True,L,-1.9026609577156086,100,0.0,100,0,-1.9026609577156086,
M1,190,nominal,M1_nominal_0190,B,M1,True,R,-0.9966405490059497,100,0.0,100,0,-0.9966405490059497,
M1,190,nominal,M1_nominal_0190,B,M1,True,L,-1.1737519585419283,100,0.01,99,1,-1.179619154744434,-0.5928995344938541
M1,190,nominal,M1_nominal_0190,B,M2,True,R,-1.0017482241488502,100,0.0,100,0,-1.0017482241488502,
M1,190,nominal,M1_nominal_0190,B,M2,True,L,-1.1831944872581819,100,0.0,100,0,-1.1831944872581819,
M1,190,nominal,M1_nominal_0190,B,M3,True,R,-0.9952549955995883,100,0.0,100,0,-0.9952549955995883,
M1,190,nominal,M1_nominal_0190,B,M3,True,L,-1.1788886512971155,100,0.0,100,0,-1.1788886512971155,
M1,191,nominal,M1_nominal_0191,B,M1,True,R,-1.2302450264263123,100,0.7,30,70,-0.7599305176980645,-1.431808387309847
M1,191,nominal,M1_nominal_0191,B,M1,True,L,-0.9193250243104142,100,0.0,100,0,-0.9193250243104142,
M1,191,nominal,M1_nominal_0191,B,M2,True,R,-1194.7504977827798,100,0.7,30,70,-0.7582150140201478,-1706.4614761122482
M1,191,nominal,M1_nominal_0191,B,M2,True,L,-0.9192461863802115,100,0.0,100,0,-0.9192461863802115,
M1,191,nominal,M1_nominal_0191,B,M3,True,R,-0.45811286291064207,100,0.66,34,66,-0.7453952367503486,-0.31011891275079306
M1,191,nominal,M1_nominal_0191,B,M3,True,L,-0.9190684129429969,100,0.01,99,1,-0.915850057021011,-1.2376856492196129
M1,192,nominal,M1_nominal_0192,B,M1,True,R,-1.7228425895652402,100,0.02,98,2,-1.7323990352123675,-1.254576752856004
M1,192,nominal,M1_nominal_0192,B,M1,True,L,-1.8238713353465805,100,0.05,95,5,-1.8230936010199188,-1.8386482875531502
M1,192,nominal,M1_nominal_0192,B,M2,True,R,-1.7243145993134288,100,0.0,100,0,-1.7243145993134288,
M1,192,nominal,M1_nominal_0192,B,M2,True,L,-1.8234247819139207,100,0.06,94,6,-1.825661535177781,-1.7883823141134394
M1,192,nominal,M1_nominal_0192,B,M3,True,R,-1.7256804525090144,100,0.0,100,0,-1.7256804525090144,
M1,192,nominal,M1_nominal_0192,B,M3,True,L,-1.8226857236455682,100,0.0,100,0,-1.8226857236455682,
M1,193,nominal,M1_nominal_0193,B,M1,True,R,-0.8908191756447498,100,0.0,100,0,-0.8908191756447498,
M1,193,nominal,M1_nominal_0193,B,M1,True,L,-1.0483012891628252,100,0.0,100,0,-1.0483012891628252,
M1,193,nominal,M1_nominal_0193,B,M2,True,R,-0.8905836685620074,100,0.0,100,0,-0.8905836685620074,
M1,193,nominal,M1_nominal_0193,B,M2,True,L,-1.0450934393527316,100,0.0,100,0,-1.0450934393527316,
M1,193,nominal,M1_nominal_0193,B,M3,True,R,-0.8911273225846814,100,0.02,98,2,-0.8992553119969088,-0.49285584138554145
M1,193,nominal,M1_nominal_0193,B,M3,True,L,-1.0501805541951599,100,0.0,100,0,-1.0501805541951599,
M1,194,nominal,M1_nominal_0194,B,M1,True,R,-1.2321215179768488,100,0.0,100,0,-1.2321215179768488,
M1,194,nominal,M1_nominal_0194,B,M1,True,L,-1.0060379688060186,100,0.21,79,21,-1.1578747030197933,-0.4348426353351515
M1,194,nominal,M1_nominal_0194,B,M2,True,R,-1.2265960510465748,100,0.0,100,0,-1.2265960510465748,
M1,194,nominal,M1_nominal_0194,B,M2,True,L,-2.2039223967710844,100,0.21,79,21,-1.1732238955332936,-6.081311996665633
M1,194,nominal,M1_nominal_0194,B,M3,True,R,-1.2222759194180035,100,0.0,100,0,-1.2222759194180035,
M1,194,nominal,M1_nominal_0194,B,M3,True,L,-1.182110970412473,100,0.04,96,4,-1.2017143517828082,-0.7116298175244342
M1,195,nominal,M1_nominal_0195,B,M1,True,R,-1.3577809737841557,100,0.0,100,0,-1.3577809737841557,
M1,195,nominal,M1_nominal_0195,B,M1,True,L,-1.4445262167201542,100,0.01,99,1,-1.45019487100977,-0.8833294420481907
M1,195,nominal,M1_nominal_0195,B,M2,True,R,-1.3624066197829032,100,0.0,100,0,-1.3624066197829032,
M1,195,nominal,M1_nominal_0195,B,M2,True,L,-1.4441005046601765,100,0.01,99,1,-1.4498468329707304,-0.8752140019153393
M1,195,nominal,M1_nominal_0195,B,M3,True,R,-1.371249249991543,100,0.0,100,0,-1.371249249991543,
M1,195,nominal,M1_nominal_0195,B,M3,True,L,-1.4397426906863464,100,0.0,100,0,-1.4397426906863464,
M1,196,nominal,M1_nominal_0196,B,M1,True,R,-1.2832854128505446,100,0.0,100,0,-1.2832854128505446,
M1,196,nominal,M1_nominal_0196,B,M1,True,L,-1.1439699958811738,100,0.04,96,4,-1.1455029733677078,-1.107178536204359
M1,196,nominal,M1_nominal_0196,B,M2,True,R,-1.283293640728372,100,0.01,99,1,-1.289663382075608,-0.6526892473520054
M1,196,nominal,M1_nominal_0196,B,M2,True,L,-1.1422893221890924,100,0.02,98,2,-1.1459584195654118,-0.9625035507494522
M1,196,nominal,M1_nominal_0196,B,M3,True,R,-1.288712196995304,100,0.01,99,1,-1.292761467306722,-0.8878344361649371
M1,196,nominal,M1_nominal_0196,B,M3,True,L,-1.1452722533048378,100,0.0,100,0,-1.1452722533048378,
M1,197,nominal,M1_nominal_0197,B,M1,True,R,-1.4866624748023276,100,0.0,100,0,-1.4866624748023276,
M1,197,nominal,M1_nominal_0197,B,M1,True,L,-2.183797656889214,100,0.0,100,0,-2.183797656889214,
M1,197,nominal,M1_nominal_0197,B,M2,True,R,-1.4881638902711023,100,0.0,100,0,-1.4881638902711023,
M1,197,nominal,M1_nominal_0197,B,M2,True,L,-2.188969467452534,100,0.01,99,1,-2.1975594062518544,-1.3385655263198544
M1,197,nominal,M1_nominal_0197,B,M3,True,R,-1.4904034173536247,100,0.0,100,0,-1.4904034173536247,
M1,197,nominal,M1_nominal_0197,B,M3,True,L,-2.184006972080323,100,0.0,100,0,-2.184006972080323,
M1,198,nominal,M1_nominal_0198,B,M1,True,R,-0.7651905977171239,100,0.0,100,0,-0.7651905977171239,
M1,198,nominal,M1_nominal_0198,B,M1,True,L,-0.8058020045108395,100,0.0,100,0,-0.8058020045108395,
M1,198,nominal,M1_nominal_0198,B,M2,True,R,-0.7663127845780096,100,0.0,100,0,-0.7663127845780096,
M1,198,nominal,M1_nominal_0198,B,M2,True,L,-0.7988147900698409,100,0.0,100,0,-0.7988147900698409,
M1,198,nominal,M1_nominal_0198,B,M3,True,R,-0.764605953856493,100,0.0,100,0,-0.764605953856493,
M1,198,nominal,M1_nominal_0198,B,M3,True,L,-0.8048783719237877,100,0.0,100,0,-0.8048783719237877,
M1,199,nominal,M1_nominal_0199,B,M1,True,R,-1.320218940596071,100,0.0,100,0,-1.320218940596071,
M1,199,nominal,M1_nominal_0199,B,M1,True,L,-0.9784143223374072,100,0.22,78,22,-1.2579931626614984,0.012819747902552303
M1,199,nominal,M1_nominal_0199,B,M2,True,R,-1.3213120866091628,100,0.01,99,1,-1.324879114654335,-0.9681763101371511
M1,199,nominal,M1_nominal_0199,B,M2,True,L,-46.83255526632677,100,0.21,79,21,-1.2531599967167566,-218.29789937581205
M1,199,nominal,M1_nominal_0199,B,M3,True,R,-1.3275335456532804,100,0.0,100,0,-1.3275335456532804,
M1,199,nominal,M1_nominal_0199,B,M3,True,L,-2.21136630961692,100,0.07,93,7,-1.572639615975228,-10.6973066679994
M1,0,stress,M1_stress_0000,B,M1,True,R,-2.2810862474948954,100,0.48,52,48,-0.8592648377139439,-3.8213927747575926
M1,0,stress,M1_stress_0000,B,M1,True,L,-1.0222718069811807,100,0.0,100,0,-1.0222718069811807,
M1,0,stress,M1_stress_0000,B,M2,True,R,-46674.72555723924,100,0.53,47,53,-0.9502394576566846,-88064.6772541399
M1,0,stress,M1_stress_0000,B,M2,True,L,-1.084996855484426,100,0.0,100,0,-1.084996855484426,
M1,0,stress,M1_stress_0000,B,M3,True,R,-1.6897505653869687,100,0.46,54,46,-0.835153135574891,-2.692973635166365
M1,0,stress,M1_stress_0000,B,M3,True,L,-1.0007546282471136,100,0.0,100,0,-1.0007546282471136,
M1,1,stress,M1_stress_0001,B,M1,True,R,-6.444673806139871,100,0.55,45,55,-1.1376326977557465,-10.786798349363245
M1,1,stress,M1_stress_0001,B,M1,True,L,-1.6269398954969927,100,0.0,100,0,-1.6269398954969927,
M1,1,stress,M1_stress_0001,B,M2,True,R,-3873.8404032545686,100,0.55,45,55,-1.11995330773902,-7042.429862301977
M1,1,stress,M1_stress_0001,B,M2,True,L,-1.6249123524538394,100,0.0,100,0,-1.6249123524538394,
M1,1,stress,M1_stress_0001,B,M3,True,R,-0.9933326012812362,100,0.51,49,51,-1.069230699246581,-0.9204108993145327
M1,1,stress,M1_stress_0001,B,M3,True,L,-1.6280208794233075,100,0.0,100,0,-1.6280208794233075,
M1,2,stress,M1_stress_0002,B,M1,True,R,-1.5302407737915906,100,0.59,41,59,-0.5434891082949864,-2.2159495582892306
M1,2,stress,M1_stress_0002,B,M1,True,L,-0.7996706130204909,100,0.04,96,4,-0.790896667811196,-1.0102452980435637
M1,2,stress,M1_stress_0002,B,M2,True,R,-3898.817293031718,100,0.62,38,62,-0.6648120110805459,-6288.00752333469
M1,2,stress,M1_stress_0002,B,M2,True,L,-0.8004536344784703,100,0.0,100,0,-0.8004536344784703,
M1,2,stress,M1_stress_0002,B,M3,True,R,-0.4003078898695698,100,0.53,47,53,-0.4956842708600942,-0.31572883502891586
M1,2,stress,M1_stress_0002,B,M3,True,L,-0.7994722898041602,100,0.0,100,0,-0.7994722898041602,
M1,3,stress,M1_stress_0003,B,M1,True,R,-4.174727235366962,100,0.67,33,67,-1.0969780474742783,-5.690633551791716
M1,3,stress,M1_stress_0003,B,M1,True,L,-0.9721062741023055,100,0.0,100,0,-0.9721062741023055,
M1,3,stress,M1_stress_0003,B,M2,True,R,-165.41198462244353,100,0.74,26,74,-1.1179001418560768,-223.13693322373095
M1,3,stress,M1_stress_0003,B,M2,True,L,-0.9640967935329097,100,0.0,100,0,-0.9640967935329097,
M1,3,stress,M1_stress_0003,B,M3,True,R,-1.8883910721035024,100,0.56,44,56,-0.9834028618003348,-2.5994532373417054
M1,3,stress,M1_stress_0003,B,M3,True,L,-0.9691252718383498,100,0.0,100,0,-0.9691252718383498,
M1,4,stress,M1_stress_0004,B,M1,True,R,0.09107833204333012,100,0.0,100,0,0.09107833204333012,
M1,4,stress,M1_stress_0004,B,M1,True,L,0.16094252930505515,100,0.04,96,4,0.1456086698019635,0.5289551573792544
M1,4,stress,M1_stress_0004,B,M2,True,R,0.11261542925035112,100,0.0,100,0,0.11261542925035112,
M1,4,stress,M1_stress_0004,B,M2,True,L,0.1707116468300027,100,0.0,100,0,0.1707116468300027,
M1,4,stress,M1_stress_0004,B,M3,True,R,0.0942468288056438,100,0.0,100,0,0.0942468288056438,
M1,4,stress,M1_stress_0004,B,M3,True,L,0.16161857491011816,100,0.0,100,0,0.16161857491011816,
M1,5,stress,M1_stress_0005,B,M1,True,R,-0.6006255434041076,100,0.44,56,44,-0.856749018528161,-0.2746502114280396
M1,5,stress,M1_stress_0005,B,M1,True,L,-0.929487318619977,100,0.01,99,1,-0.9336879523270418,-0.5136245816205516
M1,5,stress,M1_stress_0005,B,M2,True,R,-10.52937125730116,100,0.44,56,44,-0.8371453485476048,-22.86493150480569
M1,5,stress,M1_stress_0005,B,M2,True,L,-0.9258624499413993,100,0.01,99,1,-0.9304294873302705,-0.4737257484431224
M1,5,stress,M1_stress_0005,B,M3,True,R,-0.6110066753782228,100,0.24,76,24,-0.6668457023053972,-0.43418309010883754
M1,5,stress,M1_stress_0005,B,M3,True,L,-0.9321645706266409,100,0.0,100,0,-0.9321645706266409,
M1,6,stress,M1_stress_0006,B,M1,True,R,-14.862257819678598,100,0.5,50,50,-0.8418680229664837,-28.88264761639071
M1,6,stress,M1_stress_0006,B,M1,True,L,-0.9491910420004279,100,0.0,100,0,-0.9491910420004279,
M1,6,stress,M1_stress_0006,B,M2,True,R,-75126.8887213563,100,0.54,46,54,-0.7520077779876301,-139123.22740329336
M1,6,stress,M1_stress_0006,B,M2,True,L,-1.1596573861496844,100,0.07,93,7,-0.9996985274333221,-3.2848250805242096
M1,6,stress,M1_stress_0006,B,M3,True,R,0.34410729886491703,100,0.47,53,47,-0.7640874154596148,1.5937736788478998
M1,6,stress,M1_stress_0006,B,M3,True,L,-0.956199216278838,100,0.0,100,0,-0.956199216278838,
M1,7,stress,M1_stress_0007,B,M1,True,R,-33.72089985958417,100,0.55,45,55,-1.1520532370735421,-60.36813800527469
M1,7,stress,M1_stress_0007,B,M1,True,L,-1.5112598672486055,100,0.0,100,0,-1.5112598672486055,
M1,7,stress,M1_stress_0007,B,M2,True,R,-129887.6082673021,100,0.63,37,63,-1.1172446934180456,-206170.15061391352
M1,7,stress,M1_stress_0007,B,M2,True,L,-1.5021790489877023,100,0.0,100,0,-1.5021790489877023,
M1,7,stress,M1_stress_0007,B,M3,True,R,-12.618774838078572,100,0.56,44,56,-1.139423243172481,-21.63826537693336
M1,7,stress,M1_stress_0007,B,M3,True,L,-1.5080301100355349,100,0.0,100,0,-1.5080301100355349,
M1,8,stress,M1_stress_0008,B,M1,True,R,-0.3211299633543013,100,0.44,56,44,-0.4923479541413882,-0.10321615689800878
M1,8,stress,M1_stress_0008,B,M1,True,L,-0.741640305364333,100,0.01,99,1,-0.7342532313917551,-1.4729606286495434
M1,8,stress,M1_stress_0008,B,M2,True,R,-12.76946179596957,100,0.45,55,45,-0.4964437032820809,-27.769817242587614
M1,8,stress,M1_stress_0008,B,M2,True,L,-0.7448352303730199,100,0.0,100,0,-0.7448352303730199,
M1,8,stress,M1_stress_0008,B,M3,True,R,-0.4946743627685234,100,0.37,63,37,-0.5045493623130107,-0.47786017435493694
M1,8,stress,M1_stress_0008,B,M3,True,L,-0.7404630768171997,100,0.0,100,0,-0.7404630768171997,
M1,9,stress,M1_stress_0009,B,M1,True,R,-0.7602803306613876,100,0.44,56,44,-0.9148183052789493,-0.5635956356935814
M1,9,stress,M1_stress_0009,B,M1,True,L,-0.9554392970012279,100,0.0,100,0,-0.9554392970012279,
M1,9,stress,M1_stress_0009,B,M2,True,R,-5.849386165805507,100,0.48,52,48,-0.9702538570042366,-11.135112833673551
M1,9,stress,M1_stress_0009,B,M2,True,L,-0.9574763253625909,100,0.0,100,0,-0.9574763253625909,
M1,9,stress,M1_stress_0009,B,M3,True,R,-0.6948854849036923,100,0.29,71,29,-0.8104709723519572,-0.41190032597862924
M1,9,stress,M1_stress_0009,B,M3,True,L,-0.9573900233158245,100,0.0,100,0,-0.9573900233158245,
M1,10,stress,M1_stress_0010,B,M1,True,R,0.2534407324718406,100,0.0,100,0,0.2534407324718406,
M1,10,stress,M1_stress_0010,B,M1,True,L,0.20456314980793497,100,0.02,98,2,0.19288916954313062,0.7765881827833485
M1,10,stress,M1_stress_0010,B,M2,True,R,0.24515622171914925,100,0.0,100,0,0.24515622171914925,
M1,10,stress,M1_stress_0010,B,M2,True,L,0.20209473852891344,100,0.0,100,0,0.20209473852891344,
M1,10,stress,M1_stress_0010,B,M3,True,R,0.2529270902423412,100,0.0,100,0,0.2529270902423412,
M1,10,stress,M1_stress_0010,B,M3,True,L,0.20570010250220874,100,0.0,100,0,0.20570010250220874,
M1,11,stress,M1_stress_0011,B,M1,True,R,-1.2726372289854888,100,0.52,48,52,-0.5841223775426809,-1.9081893995480803
M1,11,stress,M1_stress_0011,B,M1,True,L,-0.8539889691230625,100,0.0,100,0,-0.8539889691230625,
M1,11,stress,M1_stress_0011,B,M2,True,R,-151.2454796643197,100,0.49,51,49,-0.5481596050132977,-308.0937107464549
M1,11,stress,M1_stress_0011,B,M2,True,L,-0.8621377588302478,100,0.0,100,0,-0.8621377588302478,
M1,11,stress,M1_stress_0011,B,M3,True,R,-0.23953097716069952,100,0.4,60,40,-0.5358280883810268,0.20491468966979154
M1,11,stress,M1_stress_0011,B,M3,True,L,-0.8741495881198783,100,0.0,100,0,-0.8741495881198783,
M1,12,stress,M1_stress_0012,B,M1,True,R,-61.782970461385574,100,0.52,48,52,-0.7366260174286943,-118.13344225580732
M1,12,stress,M1_stress_0012,B,M1,True,L,-1.0233045443438131,100,0.0,100,0,-1.0233045443438131,
M1,12,stress,M1_stress_0012,B,M2,True,R,-935602.8583665602,100,0.55,45,55,-0.7456449032705705,-1701095.4960479161
M1,12,stress,M1_stress_0012,B,M2,True,L,-1.025253807408668,100,0.0,100,0,-1.025253807408668,
M1,12,stress,M1_stress_0012,B,M3,True,R,-13.05853791357174,100,0.53,47,53,-0.6922805315710627,-24.024841629685547
M1,12,stress,M1_stress_0012,B,M3,True,L,-1.0264684594588254,100,0.0,100,0,-1.0264684594588254,
M1,13,stress,M1_stress_0013,B,M1,True,R,-86.21481256194792,100,0.58,42,58,-1.2506554227585467,-147.7405815248092
M1,13,stress,M1_stress_0013,B,M1,True,L,-1.720672642315148,100,0.0,100,0,-1.720672642315148,
M1,13,stress,M1_stress_0013,B,M2,True,R,-237887.1148541379,100,0.66,34,66,-1.351651373196314,-360434.3262010167
M1,13,stress,M1_stress_0013,B,M2,True,L,-1.7181909527493646,100,0.0,100,0,-1.7181909527493646,
M1,13,stress,M1_stress_0013,B,M3,True,R,-5.282424571109176,100,0.55,45,55,-1.2910428656463715,-8.548100511942378
M1,13,stress,M1_stress_0013,B,M3,True,L,-1.719813612562752,100,0.0,100,0,-1.719813612562752,
M1,14,stress,M1_stress_0014,B,M1,True,R,-0.9557469246816106,100,0.49,51,49,-0.6545266467597337,-1.269261907824788
M1,14,stress,M1_stress_0014,B,M1,True,L,-0.6545138141801341,100,0.0,100,0,-0.6545138141801341,
M1,14,stress,M1_stress_0014,B,M2,True,R,-489.8783917038526,100,0.5,50,50,-0.7551125938440363,-979.0016708138611
M1,14,stress,M1_stress_0014,B,M2,True,L,-0.6544713956547885,100,0.0,100,0,-0.6544713956547885,
M1,14,stress,M1_stress_0014,B,M3,True,R,-0.8733106902976132,100,0.49,51,49,-0.5970414519732613,-1.1608562240637756
M1,14,stress,M1_stress_0014,B,M3,True,L,-0.6622242699556046,100,0.0,100,0,-0.6622242699556046,
M1,15,stress,M1_stress_0015,B,M1,True,R,-1.5591974221643132,100,0.43,57,43,-0.9558644292154339,-2.358964412817479
M1,15,stress,M1_stress_0015,B,M1,True,L,-1.0673352541059997,100,0.0,100,0,-1.0673352541059997,
M1,15,stress,M1_stress_0015,B,M2,True,R,-13.78801857753357,100,0.5,50,50,-0.8255823746372282,-26.750454780429912
M1,15,stress,M1_stress_0015,B,M2,True,L,-1.0633282350655362,100,0.0,100,0,-1.0633282350655362,
M1,15,stress,M1_stress_0015,B,M3,True,R,-0.9665925305562167,100,0.28,72,28,-0.8924733765767991,-1.1571846407890052
M1,15,stress,M1_stress_0015,B,M3,True,L,-1.0680329527357328,100,0.0,100,0,-1.0680329527357328,
M1,16,stress,M1_stress_0016,B,M1,True,R,0.029585704152887384,100,0.0,100,0,0.029585704152887384,
M1,16,stress,M1_stress_0016,B,M1,True,L,0.25081780706128287,100,0.02,98,2,0.2408710158563441,0.7382105761032832
M1,16,stress,M1_stress_0016,B,M2,True,R,0.10194879640718096,100,0.0,100,0,0.10194879640718096,
M1,16,stress,M1_stress_0016,B,M2,True,L,0.2661707185973466,100,0.0,100,0,0.2661707185973466,
M1,16,stress,M1_stress_0016,B,M3,True,R,0.04425966255932943,100,0.0,100,0,0.04425966255932943,
M1,16,stress,M1_stress_0016,B,M3,True,L,0.24733822172158398,100,0.0,100,0,0.24733822172158398,
M1,17,stress,M1_stress_0017,B,M1,True,R,-1.3820027966769617,100,0.45,55,45,-0.4916537359668355,-2.4702072042115613
M1,17,stress,M1_stress_0017,B,M1,True,L,-0.927162276533419,100,0.0,100,0,-0.927162276533419,
M1,17,stress,M1_stress_0017,B,M2,True,R,-72.24354486245329,100,0.48,52,48,-0.48613659060888487,-149.9807371569514
M1,17,stress,M1_stress_0017,B,M2,True,L,-0.9336148851263275,100,0.0,100,0,-0.9336148851263275,
M1,17,stress,M1_stress_0017,B,M3,True,R,-0.18925121415354237,100,0.35,65,35,-0.3504751642909484,0.11016469324449728
M1,17,stress,M1_stress_0017,B,M3,True,L,-0.937481698519826,100,0.0,100,0,-0.937481698519826,
M1,18,stress,M1_stress_0018,B,M1,True,R,-50.429872409008134,100,0.49,51,49,-0.6707914618261221,-102.21993625199346
M1,18,stress,M1_stress_0018,B,M1,True,L,-0.9544886721912457,100,0.0,100,0,-0.9544886721912457,
M1,18,stress,M1_stress_0018,B,M2,True,R,-7048284.483417995,100,0.55,45,55,-0.795181190540151,-12815062.046520833
M1,18,stress,M1_stress_0018,B,M2,True,L,-1.219670111674139,100,0.04,96,4,-0.9873239271020666,-6.795978541403883
M1,18,stress,M1_stress_0018,B,M3,True,R,-1.5795159232676923,100,0.46,54,46,-0.7299205673411057,-2.5768669932684687
M1,18,stress,M1_stress_0018,B,M3,True,L,-0.9347294582107072,100,0.0,100,0,-0.9347294582107072,
M1,19,stress,M1_stress_0019,B,M1,True,R,-8.654084596644852,100,0.5,50,50,-1.234683193576373,-16.07348599971333
M1,19,stress,M1_stress_0019,B,M1,True,L,-1.4759101551757852,100,0.01,99,1,-1.4710750869271585,-1.9545819117898517
M1,19,stress,M1_stress_0019,B,M2,True,R,-1919.5422916843725,100,0.52,48,52,-1.3035575106216974,-3690.224200152451
M1,19,stress,M1_stress_0019,B,M2,True,L,-1.4687520514788068,100,0.01,99,1,-1.463339561643003,-2.0045885452233754
M1,19,stress,M1_stress_0019,B,M3,True,R,-1.1219017308352004,100,0.46,54,46,-1.2073828487266136,-1.021554331571368
M1,19,stress,M1_stress_0019,B,M3,True,L,-1.4753869720081565,100,0.0,100,0,-1.4753869720081565,
M1,20,stress,M1_stress_0020,B,M1,True,R,-0.8442078752117951,100,0.49,51,49,-0.764878450556731,-0.926775235567066
M1,20,stress,M1_stress_0020,B,M1,True,L,-0.8069117488408196,100,0.01,99,1,-0.8086271790378434,-0.6370841593354567
M1,20,stress,M1_stress_0020,B,M2,True,R,-630.0425428643853,100,0.58,42,58,-0.8222551557083506,-1085.6848201706684
M1,20,stress,M1_stress_0020,B,M2,True,L,-0.8046656578275688,100,0.0,100,0,-0.8046656578275688,
M1,20,stress,M1_stress_0020,B,M3,True,R,-1.4450945082499569,100,0.5,50,50,-0.8219799201282408,-2.0682090963716733
M1,20,stress,M1_stress_0020,B,M3,True,L,-0.8161142324817107,100,0.0,100,0,-0.8161142324817107,
M1,21,stress,M1_stress_0021,B,M1,True,R,-2.4147415343794605,100,0.53,47,53,-0.8718478435610155,-3.7829680149165714
M1,21,stress,M1_stress_0021,B,M1,True,L,-0.9621004904946553,100,0.0,100,0,-0.9621004904946553,
M1,21,stress,M1_stress_0021,B,M2,True,R,-99.86949354205784,100,0.57,43,57,-0.9980101928769712,-174.45675291073817
M1,21,stress,M1_stress_0021,B,M2,True,L,-0.9634932175870142,100,0.0,100,0,-0.9634932175870142,
M1,21,stress,M1_stress_0021,B,M3,True,R,-1.987551246008617,100,0.49,51,49,-0.7988794487608937,-3.2247402594705328
M1,21,stress,M1_stress_0021,B,M3,True,L,-0.9725940656112894,100,0.0,100,0,-0.9725940656112894,
M1,22,stress,M1_stress_0022,B,M1,True,R,-0.12455493629437696,100,0.0,100,0,-0.12455493629437696,
M1,22,stress,M1_stress_0022,B,M1,True,L,0.30885680094679396,100,0.0,100,0,0.30885680094679396,
M1,22,stress,M1_stress_0022,B,M2,True,R,-0.08941485455453094,100,0.0,100,0,-0.08941485455453094,
M1,22,stress,M1_stress_0022,B,M2,True,L,0.3090289799860428,100,0.0,100,0,0.3090289799860428,
M1,22,stress,M1_stress_0022,B,M3,True,R,-0.12101805984128941,100,0.0,100,0,-0.12101805984128941,
M1,22,stress,M1_stress_0022,B,M3,True,L,0.30766765350318326,100,0.0,100,0,0.30766765350318326,
M1,23,stress,M1_stress_0023,B,M1,True,R,-5.909238512360384,100,0.69,31,69,-0.6436958010057516,-8.274917121809565
M1,23,stress,M1_stress_0023,B,M1,True,L,-0.9578911814503058,100,0.0,100,0,-0.9578911814503058,
M1,23,stress,M1_stress_0023,B,M2,True,R,-2895.764406099022,100,0.7,30,70,-0.6594685499709019,-4136.523665048614
M1,23,stress,M1_stress_0023,B,M2,True,L,-0.9672363652770184,100,0.0,100,0,-0.9672363652770184,
M1,23,stress,M1_stress_0023,B,M3,True,R,-0.38302256349070907,100,0.57,43,57,-0.5794424185645345,-0.2348461815929108
M1,23,stress,M1_stress_0023,B,M3,True,L,-0.9660046805133287,100,0.0,100,0,-0.9660046805133287,
M1,24,stress,M1_stress_0024,B,M1,True,R,-40.21417913109564,100,0.54,46,54,-0.7892232825436115,-73.7984007798622
M1,24,stress,M1_stress_0024,B,M1,True,L,-0.8714594549928445,100,0.0,100,0,-0.8714594549928445,
M1,24,stress,M1_stress_0024,B,M2,True,R,-396730.1870264885,100,0.55,45,55,-0.810081590683071,-721326.9499814048
M1,24,stress,M1_stress_0024,B,M2,True,L,-0.8709586720736132,100,0.0,100,0,-0.8709586720736132,
M1,24,stress,M1_stress_0024,B,M3,True,R,-0.07339174771586089,100,0.53,47,53,-0.7708521428820531,0.5451108668654792
M1,24,stress,M1_stress_0024,B,M3,True,L,-0.884849605714275,100,0.0,100,0,-0.884849605714275,
M1,25,stress,M1_stress_0025,B,M1,True,R,-21.450088482341833,100,0.54,46,54,-1.2090785556735475,-38.69243027172593
M1,25,stress,M1_stress_0025,B,M1,True,L,-1.7476691523939096,100,0.0,100,0,-1.7476691523939096,
M1,25,stress,M1_stress_0025,B,M2,True,R,-40510.02558892989,100,0.55,45,55,-1.2023835908077183,-73653.60821148005
M1,25,stress,M1_stress_0025,B,M2,True,L,-1.7456163940860958,100,0.0,100,0,-1.7456163940860958,
M1,25,stress,M1_stress_0025,B,M3,True,R,-16.89498322302179,100,0.55,45,55,-1.2261442770605504,-29.714942360626438
M1,25,stress,M1_stress_0025,B,M3,True,L,-1.7555807358316964,100,0.0,100,0,-1.7555807358316964,
M1,26,stress,M1_stress_0026,B,M1,True,R,-0.3848984027920648,100,0.49,51,49,-0.6157361020232531,-0.14463875665348105
M1,26,stress,M1_stress_0026,B,M1,True,L,-0.7875223980028264,100,0.0,100,0,-0.7875223980028264,
M1,26,stress,M1_stress_0026,B,M2,True,R,-141.46550406760676,100,0.5,50,50,-0.6432168768549085,-282.28779125835865
M1,26,stress,M1_stress_0026,B,M2,True,L,-0.7886937823211934,100,0.0,100,0,-0.7886937823211934,
M1,26,stress,M1_stress_0026,B,M3,True,R,-0.23594655027231526,100,0.45,55,45,-0.5780539870196059,0.18218476130770675
M1,26,stress,M1_stress_0026,B,M3,True,L,-0.7812252903651163,100,0.0,100,0,-0.7812252903651163,
M1,27,stress,M1_stress_0027,B,M1,True,R,-1.3799910067738954,100,0.74,26,74,-0.6280648103904808,-1.6441812919896897
M1,27,stress,M1_stress_0027,B,M1,True,L,-0.8567166298240854,100,0.0,100,0,-0.8567166298240854,
M1,27,stress,M1_stress_0027,B,M2,True,R,-141.03669053699005,100,0.75,25,75,-0.6476775529508333,-187.83302819833648
M1,27,stress,M1_stress_0027,B,M2,True,L,-0.8547717886517888,100,0.0,100,0,-0.8547717886517888,
M1,27,stress,M1_stress_0027,B,M3,True,R,-0.7381178357234178,100,0.56,44,56,-0.5860831893235755,-0.8575736293232941
M1,27,stress,M1_stress_0027,B,M3,True,L,-0.8542747163805018,100,0.0,100,0,-0.8542747163805018,
M1,28,stress,M1_stress_0028,B,M1,True,R,-0.005662975851125799,100,0.0,100,0,-0.005662975851125799,
M1,28,stress,M1_stress_0028,B,M1,True,L,0.3045615709954118,100,0.0,100,0,0.3045615709954118,
M1,28,stress,M1_stress_0028,B,M2,True,R,0.01676518794231665,100,0.0,100,0,0.01676518794231665,
M1,28,stress,M1_stress_0028,B,M2,True,L,0.30726494779560537,100,0.0,100,0,0.30726494779560537,
M1,28,stress,M1_stress_0028,B,M3,True,R,-0.0037748998094824706,100,0.0,100,0,-0.0037748998094824706,
M1,28,stress,M1_stress_0028,B,M3,True,L,0.3043515861163013,100,0.0,100,0,0.3043515861163013,
M1,29,stress,M1_stress_0029,B,M1,True,R,-0.27043893139325975,100,0.42,58,42,-0.45598625710717144,-0.014206910169286475
M1,29,stress,M1_stress_0029,B,M1,True,L,-0.9867671411026068,100,0.01,99,1,-0.9929533546200564,-0.3743320028750861
M1,29,stress,M1_stress_0029,B,M2,True,R,-5.444503528312364,100,0.43,57,43,-0.45335592749559783,-12.060675929395053
M1,29,stress,M1_stress_0029,B,M2,True,L,-1.0007968066256625,100,0.0,100,0,-1.0007968066256625,
M1,29,stress,M1_stress_0029,B,M3,True,R,-0.6321215209798903,100,0.13,87,13,-0.5220295016634393,-1.3688911887130624
M1,29,stress,M1_stress_0029,B,M3,True,L,-0.9957101999225353,100,0.0,100,0,-0.9957101999225353,
M1,30,stress,M1_stress_0030,B,M1,True,R,-684.4958520652432,100,0.55,45,55,-0.7740196299877176,-1243.904624057725
M1,30,stress,M1_stress_0030,B,M1,True,L,-1.0626361827797997,100,0.0,100,0,-1.0626361827797997,
M1,30,stress,M1_stress_0030,B,M2,True,R,-19516355.30924244,100,0.56,44,56,-0.9046058666804921,-34850633.770028315
M1,30,stress,M1_stress_0030,B,M2,True,L,-2.0073533219547754,100,0.08,92,8,-1.0652737795527603,-12.841268059577946
M1,30,stress,M1_stress_0030,B,M3,True,R,-177.5222886113011,100,0.55,45,55,-0.9734350830474086,-321.9713505889632
M1,30,stress,M1_stress_0030,B,M3,True,L,-0.9839852141487608,100,0.0,100,0,-0.9839852141487608,
M1,31,stress,M1_stress_0031,B,M1,True,R,-33.718261572174185,100,0.55,45,55,-1.3887255453698195,-60.169700139559566
M1,31,stress,M1_stress_0031,B,M1,True,L,-1.606518282777732,100,0.0,100,0,-1.606518282777732,
M1,31,stress,M1_stress_0031,B,M2,True,R,-161170.36406109005,100,0.63,37,63,-1.4690334160362748,-255825.11193448582
M1,31,stress,M1_stress_0031,B,M2,True,L,-1.5998888489353176,100,0.0,100,0,-1.5998888489353176,
M1,31,stress,M1_stress_0031,B,M3,True,R,-2.2336554220843055,100,0.55,45,55,-1.3389227251873297,-2.965709446818195
M1,31,stress,M1_stress_0031,B,M3,True,L,-1.604340177914522,100,0.0,100,0,-1.604340177914522,
M1,32,stress,M1_stress_0032,B,M1,True,R,-6.572501371521479,100,0.5,50,50,-0.7294134170694417,-12.415589325973512
M1,32,stress,M1_stress_0032,B,M1,True,L,-0.7727015705863081,100,0.0,100,0,-0.7727015705863081,
M1,32,stress,M1_stress_0032,B,M2,True,R,-3171.622977685959,100,0.6,40,60,-0.8720926041819803,-5285.45690107381
M1,32,stress,M1_stress_0032,B,M2,True,L,-0.7767842715206307,100,0.0,100,0,-0.7767842715206307,
M1,32,stress,M1_stress_0032,B,M3,True,R,-4.141304676401146,100,0.5,50,50,-0.789499501493482,-7.493109851308809
M1,32,stress,M1_stress_0032,B,M3,True,L,-0.7725727670089958,100,0.0,100,0,-0.7725727670089958,
M1,33,stress,M1_stress_0033,B,M1,True,R,-4.340721288817977,100,0.56,44,56,-0.8714556709482622,-7.06657284571561
M1,33,stress,M1_stress_0033,B,M1,True,L,-1.0223135979882791,100,0.0,100,0,-1.0223135979882791,
M1,33,stress,M1_stress_0033,B,M2,True,R,-261.68644318763586,100,0.73,27,73,-0.9688062164492076,-358.1162541221843
M1,33,stress,M1_stress_0033,B,M2,True,L,-1.0266107046998896,100,0.0,100,0,-1.0266107046998896,
M1,33,stress,M1_stress_0033,B,M3,True,R,-1.740630450708438,100,0.49,51,49,-0.905022906422577,-2.610344425373314
M1,33,stress,M1_stress_0033,B,M3,True,L,-1.0195013204721712,100,0.0,100,0,-1.0195013204721712,
M1,34,stress,M1_stress_0034,B,M1,True,R,0.23090045914142163,100,0.0,100,0,0.23090045914142163,
M1,34,stress,M1_stress_0034,B,M1,True,L,0.24094214537167566,100,0.02,98,2,0.23276273919133567,0.6417330482083351
M1,34,stress,M1_stress_0034,B,M2,True,R,0.21331279185955473,100,0.0,100,0,0.21331279185955473,
M1,34,stress,M1_stress_0034,B,M2,True,L,0.23930022207833543,100,0.0,100,0,0.23930022207833543,
M1,34,stress,M1_stress_0034,B,M3,True,R,0.2310053031908051,100,0.0,100,0,0.2310053031908051,
M1,34,stress,M1_stress_0034,B,M3,True,L,0.24111619654458866,100,0.0,100,0,0.24111619654458866,
M1,35,stress,M1_stress_0035,B,M1,True,R,-3.273758698125762,100,0.69,31,69,-0.5302358570252893,-4.506355916591191
M1,35,stress,M1_stress_0035,B,M1,True,L,-0.8782026817490879,100,0.0,100,0,-0.8782026817490879,
M1,35,stress,M1_stress_0035,B,M2,True,R,-614.2498603864883,100,0.67,33,67,-0.682207177604633,-916.4548239072818
M1,35,stress,M1_stress_0035,B,M2,True,L,-0.8799444837392956,100,0.0,100,0,-0.8799444837392956,
M1,35,stress,M1_stress_0035,B,M3,True,R,-0.43121383116613043,100,0.48,52,48,-0.63830971387191,-0.20685995823486936
M1,35,stress,M1_stress_0035,B,M3,True,L,-0.8818255044824036,100,0.0,100,0,-0.8818255044824036,
M1,36,stress,M1_stress_0036,B,M1,True,R,-567.6388469254716,100,0.55,45,55,-1.2665910174034178,-1031.034329032073
M1,36,stress,M1_stress_0036,B,M1,True,L,-0.9818533224122052,100,0.0,100,0,-0.9818533224122052,
M1,36,stress,M1_stress_0036,B,M2,True,R,-15494176.931783171,100,0.55,45,55,-1.3658392585639023,-28171229.667555463
M1,36,stress,M1_stress_0036,B,M2,True,L,-1.3129355209571056,100,0.04,96,4,-0.9799199436636706,-9.30530937599954
M1,36,stress,M1_stress_0036,B,M3,True,R,-32.754002399914754,100,0.53,47,53,-1.2628565362695627,-60.68011288276994
M1,36,stress,M1_stress_0036,B,M3,True,L,-0.9799505014332704,100,0.0,100,0,-0.9799505014332704,
M1,37,stress,M1_stress_0037,B,M1,True,R,-11.663133360581558,100,0.55,45,55,-1.1273436754425012,-20.283324921149873
M1,37,stress,M1_stress_0037,B,M1,True,L,-1.7906576112890786,100,0.04,96,4,-1.793483872757174,-1.722827336054802
M1,37,stress,M1_stress_0037,B,M2,True,R,-75907.40180717647,100,0.63,37,63,-1.1529503310782108,-120487.26224691106
M1,37,stress,M1_stress_0037,B,M2,True,L,-1.7920546206691708,100,0.01,99,1,-1.7922145527957698,-1.7762213401358646
M1,37,stress,M1_stress_0037,B,M3,True,R,-3.190540772873788,100,0.55,45,55,-1.0999617090979539,-4.901014552326743
M1,37,stress,M1_stress_0037,B,M3,True,L,-1.7866739236945834,100,0.0,100,0,-1.7866739236945834,
M1,38,stress,M1_stress_0038,B,M1,True,R,-14.761673029062898,100,0.6,40,60,-0.861509269395334,-24.028448868841267
M1,38,stress,M1_stress_0038,B,M1,True,L,-0.7205102691127866,100,0.0,100,0,-0.7205102691127866,
M1,38,stress,M1_stress_0038,B,M2,True,R,-6228.051639478446,100,0.71,29,71,-0.7600338169658608,-8771.5932812275
M1,38,stress,M1_stress_0038,B,M2,True,L,-0.7298022902024157,100,0.0,100,0,-0.7298022902024157,
M1,38,stress,M1_stress_0038,B,M3,True,R,-4.0754429285219835,100,0.54,46,54,-0.826719208445054,-6.842874245624553
M1,38,stress,M1_stress_0038,B,M3,True,L,-0.7184301087653435,100,0.0,100,0,-0.7184301087653435,
M1,39,stress,M1_stress_0039,B,M1,True,R,-0.7319763635567107,100,0.14,86,14,-0.7120698121843742,-0.8542594648439212
M1,39,stress,M1_stress_0039,B,M1,True,L,-0.9405775221568217,100,0.0,100,0,-0.9405775221568217,
M1,39,stress,M1_stress_0039,B,M2,True,R,-1.1526848224339767,100,0.27,73,27,-0.7350030419658964,-2.2819725992550834
M1,39,stress,M1_stress_0039,B,M2,True,L,-0.9385344248513486,100,0.0,100,0,-0.9385344248513486,
M1,39,stress,M1_stress_0039,B,M3,True,R,-0.7191507825643078,100,0.09,91,9,-0.7021709338697484,-0.8908359193648523
M1,39,stress,M1_stress_0039,B,M3,True,L,-0.939340650142352,100,0.0,100,0,-0.939340650142352,
M1,40,stress,M1_stress_0040,B,M1,True,R,0.06461910673181234,100,0.0,100,0,0.06461910673181234,
M1,40,stress,M1_stress_0040,B,M1,True,L,0.19309640338459402,100,0.01,99,1,0.18705675376731787,0.7910217154949334
M1,40,stress,M1_stress_0040,B,M2,True,R,0.054918784385886,100,0.0,100,0,0.054918784385886,
M1,40,stress,M1_stress_0040,B,M2,True,L,0.19348987194677963,100,0.0,100,0,0.19348987194677963,
M1,40,stress,M1_stress_0040,B,M3,True,R,0.06396465681185232,100,0.0,100,0,0.06396465681185232,
M1,40,stress,M1_stress_0040,B,M3,True,L,0.19369223159972987,100,0.0,100,0,0.19369223159972987,
M1,41,stress,M1_stress_0041,B,M1,True,R,-0.31910258285351667,100,0.44,56,44,-0.5471050573516225,-0.028917615310472888
M1,41,stress,M1_stress_0041,B,M1,True,L,-1.0116229602959594,100,0.0,100,0,-1.0116229602959594,
M1,41,stress,M1_stress_0041,B,M2,True,R,-3.632943825005154,100,0.44,56,44,-0.567438760200979,-7.534495725665014
M1,41,stress,M1_stress_0041,B,M2,True,L,-1.012446229987595,100,0.0,100,0,-1.012446229987595,
M1,41,stress,M1_stress_0041,B,M3,True,R,-0.35784237361824844,100,0.42,58,42,-0.5067547877723149,-0.15220142073882323
M1,41,stress,M1_stress_0041,B,M3,True,L,-1.0096240922260966,100,0.0,100,0,-1.0096240922260966,
M1,42,stress,M1_stress_0042,B,M1,True,R,-899.6411069561916,100,0.54,46,54,-0.8716601299819493,-1665.2595246229625
M1,42,stress,M1_stress_0042,B,M1,True,L,-1.154607702535259,100,0.0,100,0,-1.154607702535259,
M1,42,stress,M1_stress_0042,B,M2,True,R,-24160604.546806645,100,0.56,44,56,-0.9698411670788822,-43143935.92870808
M1,42,stress,M1_stress_0042,B,M2,True,L,-1.167107072449772,100,0.0,100,0,-1.167107072449772,
M1,42,stress,M1_stress_0042,B,M3,True,R,-275.11733479793736,100,0.54,46,54,-0.7731284189217453,-508.81795504672834
M1,42,stress,M1_stress_0042,B,M3,True,L,-1.1203148731739119,100,0.0,100,0,-1.1203148731739119,
M1,43,stress,M1_stress_0043,B,M1,True,R,-2.1903822175445105,100,0.5,50,50,-1.0703249687874539,-3.3104394663015664
M1,43,stress,M1_stress_0043,B,M1,True,L,-1.652843083929142,100,0.01,99,1,-1.6582385613182755,-1.118690822404919
M1,43,stress,M1_stress_0043,B,M2,True,R,-1176.9133386465985,100,0.55,45,55,-1.030123552376866,-2138.9996055418706
M1,43,stress,M1_stress_0043,B,M2,True,L,-1.6461041091663697,100,0.0,100,0,-1.6461041091663697,
M1,43,stress,M1_stress_0043,B,M3,True,R,-0.8350163816060524,100,0.5,50,50,-1.1029141462028709,-0.5671186170092336
M1,43,stress,M1_stress_0043,B,M3,True,L,-1.6454898276257455,100,0.0,100,0,-1.6454898276257455,
M1,44,stress,M1_stress_0044,B,M1,True,R,-46.66893084312958,100,0.6,40,60,-0.8674882748228139,-77.20322588866745
M1,44,stress,M1_stress_0044,B,M1,True,L,-0.5712474423396088,100,0.0,100,0,-0.5712474423396088,
M1,44,stress,M1_stress_0044,B,M2,True,R,-34871.631567937184,100,0.67,33,67,-0.9046673096139667,-52046.7657130224
M1,44,stress,M1_stress_0044,B,M2,True,L,-0.558729849003508,100,0.0,100,0,-0.558729849003508,
M1,44,stress,M1_stress_0044,B,M3,True,R,-13.781117197494405,100,0.54,46,54,-0.8057073950137805,-24.834244066274202
M1,44,stress,M1_stress_0044,B,M3,True,L,-0.5844325680927969,100,0.0,100,0,-0.5844325680927969,
M1,45,stress,M1_stress_0045,B,M1,True,R,-2.853639679438737,100,0.59,41,59,-1.0722803227681026,-4.091533469667484
M1,45,stress,M1_stress_0045,B,M1,True,L,-0.9194803153160557,100,0.0,100,0,-0.9194803153160557,
M1,45,stress,M1_stress_0045,B,M2,True,R,-103.33794797348546,100,0.71,29,71,-1.023118953413972,-145.12851193943015
M1,45,stress,M1_stress_0045,B,M2,True,L,-0.9167616830555226,100,0.0,100,0,-0.9167616830555226,
M1,45,stress,M1_stress_0045,B,M3,True,R,-2.0843210719481355,100,0.55,45,55,-0.9607768047597841,-3.00358456328406
M1,45,stress,M1_stress_0045,B,M3,True,L,-0.9125377847862919,100,0.0,100,0,-0.9125377847862919,
M1,46,stress,M1_stress_0046,B,M1,True,R,0.11975589419165544,100,0.0,100,0,0.11975589419165544,
M1,46,stress,M1_stress_0046,B,M1,True,L,0.2100251939014718,100,0.02,98,2,0.19916120974226592,0.7423604177025585
M1,46,stress,M1_stress_0046,B,M2,True,R,0.14074166132997212,100,0.0,100,0,0.14074166132997212,
M1,46,stress,M1_stress_0046,B,M2,True,L,0.22607760025691825,100,0.0,100,0,0.22607760025691825,
M1,46,stress,M1_stress_0046,B,M3,True,R,0.12021257732550435,100,0.0,100,0,0.12021257732550435,
M1,46,stress,M1_stress_0046,B,M3,True,L,0.20637604164721998,100,0.0,100,0,0.20637604164721998,
M1,47,stress,M1_stress_0047,B,M1,True,R,-6.621398186306501,100,0.57,43,57,-0.7349203944719755,-11.0620744152343
M1,47,stress,M1_stress_0047,B,M1,True,L,-0.8001075554120171,100,0.0,100,0,-0.8001075554120171,
M1,47,stress,M1_stress_0047,B,M2,True,R,-300.0719897553102,100,0.53,47,53,-0.6540829066344752,-565.5935297909282
M1,47,stress,M1_stress_0047,B,M2,True,L,-0.7959891754836008,100,0.0,100,0,-0.7959891754836008,
M1,47,stress,M1_stress_0047,B,M3,True,R,-0.41680215984703073,100,0.35,65,35,-0.5209768393759708,-0.22333489786471342
M1,47,stress,M1_stress_0047,B,M3,True,L,-0.7997714098849079,100,0.0,100,0,-0.7997714098849079,
M1,48,stress,M1_stress_0048,B,M1,True,R,-612.4435779530727,100,0.55,45,55,-0.9573116416698781,-1112.7505231169475
M1,48,stress,M1_stress_0048,B,M1,True,L,-1.0259518145891924,100,0.04,96,4,-1.0339708007602508,-0.833496146483787
M1,48,stress,M1_stress_0048,B,M2,True,R,-3502942.9802035284,100,0.55,45,55,-0.9358805780394567,-6368986.471013215
M1,48,stress,M1_stress_0048,B,M2,True,L,-2.4745301513290743,100,0.08,92,8,-1.0028512822885878,-19.398837145294664
M1,48,stress,M1_stress_0048,B,M3,True,R,-64.9183430078374,100,0.55,45,55,-0.904816428465851,-117.29304657277778
M1,48,stress,M1_stress_0048,B,M3,True,L,-0.9303901147242428,100,0.0,100,0,-0.9303901147242428,
M1,49,stress,M1_stress_0049,B,M1,True,R,-30.243984205938013,100,0.55,45,55,-1.0951909854991524,-54.092996840842545
M1,49,stress,M1_stress_0049,B,M1,True,L,-1.6944329544124188,100,0.0,100,0,-1.6944329544124188,
M1,49,stress,M1_stress_0049,B,M2,True,R,-101252.86005428532,100,0.55,45,55,-1.1828972972180347,-184095.14136454836
M1,49,stress,M1_stress_0049,B,M2,True,L,-1.6928987360164214,100,0.0,100,0,-1.6928987360164214,
M1,49,stress,M1_stress_0049,B,M3,True,R,-9.297813566449241,100,0.55,45,55,-1.0902492586713484,-16.013093454631157
M1,49,stress,M1_stress_0049,B,M3,True,L,-1.6939425695572239,100,0.0,100,0,-1.6939425695572239,
M2,0,nominal,M2_nominal_0000,B,M1,True,R,-1.2109563330907671,100,0.0,100,0,-1.2109563330907671,
M2,0,nominal,M2_nominal_0000,B,M1,True,L,-1.216624212418328,100,0.0,100,0,-1.216624212418328,
M2,0,nominal,M2_nominal_0000,B,M2,True,R,-1.209985779236559,100,0.0,100,0,-1.209985779236559,
M2,0,nominal,M2_nominal_0000,B,M2,True,L,-1.215514926577243,100,0.1,90,10,-1.248189963648335,-0.9214395929374147
M2,0,nominal,M2_nominal_0000,B,M3,True,R,-1.2136272377300488,100,0.01,99,1,-1.2173152842342696,-0.8485106338121653
M2,0,nominal,M2_nominal_0000,B,M3,True,L,-1.2152456735179917,100,0.0,100,0,-1.2152456735179917,
M2,1,nominal,M2_nominal_0001,B,M1,True,R,-1.5163085827842875,100,0.0,100,0,-1.5163085827842875,
M2,1,nominal,M2_nominal_0001,B,M1,True,L,-2.0142293306511165,100,0.02,98,2,-2.013399011962959,-2.0549149463708356
M2,1,nominal,M2_nominal_0001,B,M2,True,R,-1.5162535256330592,100,0.02,98,2,-1.499371700847815,-2.343462940110044
M2,1,nominal,M2_nominal_0001,B,M2,True,L,-2.013033073382816,100,0.01,99,1,-2.0068714816768067,-2.623030652277665
M2,1,nominal,M2_nominal_0001,B,M3,True,R,-1.5154369206217853,100,0.0,100,0,-1.5154369206217853,
M2,1,nominal,M2_nominal_0001,B,M3,True,L,-2.015912948572991,100,0.0,100,0,-2.015912948572991,
M2,2,nominal,M2_nominal_0002,B,M1,True,R,-0.6061316495200091,100,0.05,95,5,-0.55819447951953,-1.5169378795291089
M2,2,nominal,M2_nominal_0002,B,M1,True,L,-0.7896613394827722,100,0.0,100,0,-0.7896613394827722,
M2,2,nominal,M2_nominal_0002,B,M2,True,R,-0.6088944081113826,100,0.01,99,1,-0.6015513533059821,-1.3358568338460397
M2,2,nominal,M2_nominal_0002,B,M2,True,L,-0.7874199804810226,100,0.0,100,0,-0.7874199804810226,
M2,2,nominal,M2_nominal_0002,B,M3,True,R,-0.6043706090931731,100,0.0,100,0,-0.6043706090931731,
M2,2,nominal,M2_nominal_0002,B,M3,True,L,-0.7903459161084773,100,0.03,97,3,-0.7934322451685396,-0.6905546098331291
M2,3,nominal,M2_nominal_0003,B,M1,True,R,-1.235762360183372,100,0.01,99,1,-1.2216796890155153,-2.629946805801194
M2,3,nominal,M2_nominal_0003,B,M1,True,L,-23.655779657572257,100,0.31,69,31,-1.3483926908840083,-73.30770548665257
M2,3,nominal,M2_nominal_0003,B,M2,True,R,-1.2351747421938508,100,0.02,98,2,-1.1990505249024153,-3.005261389474196
M2,3,nominal,M2_nominal_0003,B,M2,True,L,-14.010337810911293,100,0.32,68,32,-1.295045417723433,-41.03033414643549
M2,3,nominal,M2_nominal_0003,B,M3,True,R,-1.2335996757189518,100,0.0,100,0,-1.2335996757189518,
M2,3,nominal,M2_nominal_0003,B,M3,True,L,-31.444584232417455,100,0.19,81,19,-1.3096458173892536,-159.91458484385348
M2,4,nominal,M2_nominal_0004,B,M1,True,R,-0.9803439228195149,100,0.0,100,0,-0.9803439228195149,
M2,4,nominal,M2_nominal_0004,B,M1,True,L,-0.8336379267955343,100,0.0,100,0,-0.8336379267955343,
M2,4,nominal,M2_nominal_0004,B,M2,True,R,-0.9809186863941656,100,0.0,100,0,-0.9809186863941656,
M2,4,nominal,M2_nominal_0004,B,M2,True,L,-0.8319633638811313,100,0.0,100,0,-0.8319633638811313,
M2,4,nominal,M2_nominal_0004,B,M3,True,R,-0.980981010557454,100,0.01,99,1,-0.9826631437012889,-0.8144498293177805
M2,4,nominal,M2_nominal_0004,B,M3,True,L,-0.8340784320665523,100,0.0,100,0,-0.8340784320665523,
M2,5,nominal,M2_nominal_0005,B,M1,True,R,-1.2621738347632072,100,0.02,98,2,-1.2440840015823351,-2.1485756606259265
M2,5,nominal,M2_nominal_0005,B,M1,True,L,-1.351581318441095,100,0.0,100,0,-1.351581318441095,
M2,5,nominal,M2_nominal_0005,B,M2,True,R,-1.2601357795789645,100,0.05,95,5,-1.2507228462322046,-1.4389815131673962
M2,5,nominal,M2_nominal_0005,B,M2,True,L,-1.3486925185551595,100,0.02,98,2,-1.3559892978990242,-0.9911503307057967
M2,5,nominal,M2_nominal_0005,B,M3,True,R,-1.2605821752807336,100,0.0,100,0,-1.2605821752807336,
M2,5,nominal,M2_nominal_0005,B,M3,True,L,-1.3531911978962075,100,0.0,100,0,-1.3531911978962075,
M2,6,nominal,M2_nominal_0006,B,M1,True,R,-0.8597374559141909,100,0.05,95,5,-0.8476256128538144,-1.0898624740613403
M2,6,nominal,M2_nominal_0006,B,M1,True,L,-1.4773974162566392,100,0.01,99,1,-1.486751480271813,-0.5513450787544435
M2,6,nominal,M2_nominal_0006,B,M2,True,R,-0.8552664357575057,100,0.01,99,1,-0.8540727270376718,-0.9734435990210643
M2,6,nominal,M2_nominal_0006,B,M2,True,L,-1.4705166980904585,100,0.02,98,2,-1.4898753961676536,-0.5219404923079165
M2,6,nominal,M2_nominal_0006,B,M3,True,R,-0.8596080463715381,100,0.0,100,0,-0.8596080463715381,
M2,6,nominal,M2_nominal_0006,B,M3,True,L,-1.4753949156305308,100,0.01,99,1,-1.4675389478202239,-2.253135728850894
M2,7,nominal,M2_nominal_0007,B,M1,True,R,-0.9726129315445264,100,0.0,100,0,-0.9726129315445264,
M2,7,nominal,M2_nominal_0007,B,M1,True,L,-0.7774108773321075,100,0.0,100,0,-0.7774108773321075,
M2,7,nominal,M2_nominal_0007,B,M2,True,R,-0.9696057784576583,100,0.01,99,1,-0.9707857663713763,-0.8527869749995737
M2,7,nominal,M2_nominal_0007,B,M2,True,L,-0.7725604608203437,100,0.0,100,0,-0.7725604608203437,
M2,7,nominal,M2_nominal_0007,B,M3,True,R,-0.9709310946867591,100,0.0,100,0,-0.9709310946867591,
M2,7,nominal,M2_nominal_0007,B,M3,True,L,-0.779209269647374,100,0.0,100,0,-0.779209269647374,
M2,8,nominal,M2_nominal_0008,B,M1,True,R,-0.01605193247414031,100,0.0,100,0,-0.01605193247414031,
M2,8,nominal,M2_nominal_0008,B,M1,True,L,0.1623170776692944,100,0.0,100,0,0.1623170776692944,
M2,8,nominal,M2_nominal_0008,B,M2,True,R,0.05271298529036294,100,0.0,100,0,0.05271298529036294,
M2,8,nominal,M2_nominal_0008,B,M2,True,L,0.16774611151304922,100,0.0,100,0,0.16774611151304922,
M2,8,nominal,M2_nominal_0008,B,M3,True,R,-0.005120372854451425,100,0.0,100,0,-0.005120372854451425,
M2,8,nominal,M2_nominal_0008,B,M3,True,L,0.16127966455411136,100,0.0,100,0,0.16127966455411136,
M2,9,nominal,M2_nominal_0009,B,M1,True,R,-28567.87448959928,100,0.54,46,54,-0.8291389202124264,-52902.764973511075
M2,9,nominal,M2_nominal_0009,B,M1,True,L,-1.1557348904801743,100,0.0,100,0,-1.1557348904801743,
M2,9,nominal,M2_nominal_0009,B,M2,True,R,-75969.24368962519,100,0.55,45,55,-0.8444929035391037,-138125.2066687611
M2,9,nominal,M2_nominal_0009,B,M2,True,L,-1.1198733696778203,100,0.05,95,5,-1.1496874944769249,-0.5534049984948335
M2,9,nominal,M2_nominal_0009,B,M3,True,R,-29698.18176229806,100,0.55,45,55,-0.8351864116406722,-53996.01077893241
M2,9,nominal,M2_nominal_0009,B,M3,True,L,-1.1779964756222454,100,0.0,100,0,-1.1779964756222454,
M2,10,nominal,M2_nominal_0010,B,M1,True,R,-1.09747638267851,100,0.0,100,0,-1.09747638267851,
M2,10,nominal,M2_nominal_0010,B,M1,True,L,-1.4536586733675814,100,0.0,100,0,-1.4536586733675814,
M2,10,nominal,M2_nominal_0010,B,M2,True,R,-1.0930529225506627,100,0.0,100,0,-1.0930529225506627,
M2,10,nominal,M2_nominal_0010,B,M2,True,L,-1.4496726878798833,100,0.01,99,1,-1.4466106559920455,-1.752813844775871
M2,10,nominal,M2_nominal_0010,B,M3,True,R,-1.1016154054597516,100,0.0,100,0,-1.1016154054597516,
M2,10,nominal,M2_nominal_0010,B,M3,True,L,-1.4619643481657867,100,0.0,100,0,-1.4619643481657867,
M2,11,nominal,M2_nominal_0011,B,M1,True,R,-1.1289405045946526,100,0.0,100,0,-1.1289405045946526,
M2,11,nominal,M2_nominal_0011,B,M1,True,L,-1.0491276038841757,100,0.0,100,0,-1.0491276038841757,
M2,11,nominal,M2_nominal_0011,B,M2,True,R,-1.1227874337920565,100,0.01,99,1,-1.1244149920586062,-0.9616591654036447
M2,11,nominal,M2_nominal_0011,B,M2,True,L,-1.0383770556114176,100,0.0,100,0,-1.0383770556114176,
M2,11,nominal,M2_nominal_0011,B,M3,True,R,-1.128899803367304,100,0.0,100,0,-1.128899803367304,
M2,11,nominal,M2_nominal_0011,B,M3,True,L,-1.0521841447435845,100,0.0,100,0,-1.0521841447435845,
M2,12,nominal,M2_nominal_0012,B,M1,True,R,-0.9553326811445113,100,0.0,100,0,-0.9553326811445113,
M2,12,nominal,M2_nominal_0012,B,M1,True,L,-1.0731154344962515,100,0.0,100,0,-1.0731154344962515,
M2,12,nominal,M2_nominal_0012,B,M2,True,R,-0.9566797860211463,100,0.0,100,0,-0.9566797860211463,
M2,12,nominal,M2_nominal_0012,B,M2,True,L,-1.0742149259970417,100,0.0,100,0,-1.0742149259970417,
M2,12,nominal,M2_nominal_0012,B,M3,True,R,-0.9592388270846626,100,0.0,100,0,-0.9592388270846626,
M2,12,nominal,M2_nominal_0012,B,M3,True,L,-1.0740851607367283,100,0.0,100,0,-1.0740851607367283,
M2,13,nominal,M2_nominal_0013,B,M1,True,R,-1.331484177587957,100,0.03,97,3,-1.3368910282454642,-1.1566626729952207
M2,13,nominal,M2_nominal_0013,B,M1,True,L,-1.70447126727965,100,0.0,100,0,-1.70447126727965,
M2,13,nominal,M2_nominal_0013,B,M2,True,R,-1.3319066923574865,100,0.01,99,1,-1.3355322417095865,-0.9729773064995688
M2,13,nominal,M2_nominal_0013,B,M2,True,L,-1.7027636986335153,100,0.01,99,1,-1.7073039104692935,-1.2532827268914783
M2,13,nominal,M2_nominal_0013,B,M3,True,R,-1.333499458902081,100,0.0,100,0,-1.333499458902081,
M2,13,nominal,M2_nominal_0013,B,M3,True,L,-1.7037101260924772,100,0.0,100,0,-1.7037101260924772,
M2,14,nominal,M2_nominal_0014,B,M1,True,R,-1.3139716847507086,100,0.0,100,0,-1.3139716847507086,
M2,14,nominal,M2_nominal_0014,B,M1,True,L,-1.6011013652022585,100,0.0,100,0,-1.6011013652022585,
M2,14,nominal,M2_nominal_0014,B,M2,True,R,-1.313391699046469,100,0.0,100,0,-1.313391699046469,
M2,14,nominal,M2_nominal_0014,B,M2,True,L,-1.6101359806666105,100,0.0,100,0,-1.6101359806666105,
M2,14,nominal,M2_nominal_0014,B,M3,True,R,-1.3151320854790902,100,0.0,100,0,-1.3151320854790902,
M2,14,nominal,M2_nominal_0014,B,M3,True,L,-1.6020112625932055,100,0.0,100,0,-1.6020112625932055,
M2,15,nominal,M2_nominal_0015,B,M1,True,R,-1.6913118154095783,100,0.05,95,5,-1.6940472853032806,-1.639337887429236
M2,15,nominal,M2_nominal_0015,B,M1,True,L,-1.550511220122446,100,0.0,100,0,-1.550511220122446,
M2,15,nominal,M2_nominal_0015,B,M2,True,R,-1.693911601973936,100,0.09,91,9,-1.6959837181785928,-1.6729602047935173
M2,15,nominal,M2_nominal_0015,B,M2,True,L,-1.5425740243605452,100,0.01,99,1,-1.5455781370412753,-1.245166868968282
M2,15,nominal,M2_nominal_0015,B,M3,True,R,-1.690899208438989,100,0.0,100,0,-1.690899208438989,
M2,15,nominal,M2_nominal_0015,B,M3,True,L,-1.5475917078128587,100,0.0,100,0,-1.5475917078128587,
M2,16,nominal,M2_nominal_0016,B,M1,True,R,-1.3933330824608259,100,0.0,100,0,-1.3933330824608259,
M2,16,nominal,M2_nominal_0016,B,M1,True,L,-1.7394428106227777,100,0.03,97,3,-1.7518088397893135,-1.3396078675714735
M2,16,nominal,M2_nominal_0016,B,M2,True,R,-1.3950937048624454,100,0.0,100,0,-1.3950937048624454,
M2,16,nominal,M2_nominal_0016,B,M2,True,L,-1.7427464274911182,100,0.01,99,1,-1.7473953017754564,-1.2825078733416524
M2,16,nominal,M2_nominal_0016,B,M3,True,R,-1.391299701829127,100,0.0,100,0,-1.391299701829127,
M2,16,nominal,M2_nominal_0016,B,M3,True,L,-1.7370224672416017,100,0.0,100,0,-1.7370224672416017,
M2,17,nominal,M2_nominal_0017,B,M1,True,R,-1.7310522463839524,100,0.05,95,5,-1.7205453789566294,-1.930682727503094
M2,17,nominal,M2_nominal_0017,B,M1,True,L,-1.7847341024689662,100,0.0,100,0,-1.7847341024689662,
M2,17,nominal,M2_nominal_0017,B,M2,True,R,-1.7310397839416123,100,0.03,97,3,-1.7360740658385732,-1.5682646692732252
M2,17,nominal,M2_nominal_0017,B,M2,True,L,-1.775647436725308,100,0.0,100,0,-1.775647436725308,
M2,17,nominal,M2_nominal_0017,B,M3,True,R,-1.7339626819349265,100,0.0,100,0,-1.7339626819349265,
M2,17,nominal,M2_nominal_0017,B,M3,True,L,-1.7912459794800235,100,0.0,100,0,-1.7912459794800235,
M2,18,nominal,M2_nominal_0018,B,M1,True,R,-1.302235379798687,100,0.01,99,1,-1.30869095106875,-0.6631338240624287
M2,18,nominal,M2_nominal_0018,B,M1,True,L,-1.5155972122286265,100,0.02,98,2,-1.476613566220293,-3.425795866636984
M2,18,nominal,M2_nominal_0018,B,M2,True,R,-1.2949069302402558,100,0.03,97,3,-1.3126976964420805,-0.7196721563812586
M2,18,nominal,M2_nominal_0018,B,M2,True,L,-1.5907905715287298,100,0.03,97,3,-1.521829440607624,-3.820533804644487
M2,18,nominal,M2_nominal_0018,B,M3,True,R,-1.2964604249826115,100,0.01,99,1,-1.2996866246897714,-0.9770666539737641
M2,18,nominal,M2_nominal_0018,B,M3,True,L,-1.4422338723339316,100,0.02,98,2,-1.4503961956238909,-1.0422800311259353
M2,19,nominal,M2_nominal_0019,B,M1,True,R,-1.2835584222592624,100,0.0,100,0,-1.2835584222592624,
M2,19,nominal,M2_nominal_0019,B,M1,True,L,-1.4539561411703987,100,0.0,100,0,-1.4539561411703987,
M2,19,nominal,M2_nominal_0019,B,M2,True,R,-1.2818150083564692,100,0.0,100,0,-1.2818150083564692,
M2,19,nominal,M2_nominal_0019,B,M2,True,L,-1.4606351814565297,100,0.0,100,0,-1.4606351814565297,
M2,19,nominal,M2_nominal_0019,B,M3,True,R,-1.2775797268394167,100,0.0,100,0,-1.2775797268394167,
M2,19,nominal,M2_nominal_0019,B,M3,True,L,-1.4548814817146731,100,0.0,100,0,-1.4548814817146731,
M2,20,nominal,M2_nominal_0020,B,M1,True,R,-1.6293561476304868,100,0.01,99,1,-1.6328209746624633,-1.2863382714648215
M2,20,nominal,M2_nominal_0020,B,M1,True,L,-1.6987930019575717,100,0.01,99,1,-1.6982033015410352,-1.7571733431947214
M2,20,nominal,M2_nominal_0020,B,M2,True,R,-1.628412877335727,100,0.01,99,1,-1.6326074025781547,-1.213154878335427
M2,20,nominal,M2_nominal_0020,B,M2,True,L,-1.6976035917128638,100,0.01,99,1,-1.6970105700812863,-1.7563127332390698
M2,20,nominal,M2_nominal_0020,B,M3,True,R,-1.6316745674975124,100,0.0,100,0,-1.6316745674975124,
M2,20,nominal,M2_nominal_0020,B,M3,True,L,-1.7022895730524277,100,0.0,100,0,-1.7022895730524277,
M2,21,nominal,M2_nominal_0021,B,M1,True,R,-1.0011748898161645,100,0.0,100,0,-1.0011748898161645,
M2,21,nominal,M2_nominal_0021,B,M1,True,L,-1.3632160626285776,100,0.0,100,0,-1.3632160626285776,
M2,21,nominal,M2_nominal_0021,B,M2,True,R,-1.0006203189179375,100,0.01,99,1,-1.006030635806316,-0.4649989469684545
M2,21,nominal,M2_nominal_0021,B,M2,True,L,-1.3621867744343632,100,0.0,100,0,-1.3621867744343632,
M2,21,nominal,M2_nominal_0021,B,M3,True,R,-1.0004402304280966,100,0.0,100,0,-1.0004402304280966,
M2,21,nominal,M2_nominal_0021,B,M3,True,L,-1.3629478549387222,100,0.0,100,0,-1.3629478549387222,
M2,22,nominal,M2_nominal_0022,B,M1,True,R,-1.816887227492272,100,0.04,96,4,-1.8533089830367526,-0.9427650944247339
M2,22,nominal,M2_nominal_0022,B,M1,True,L,-1.671068799168812,100,0.04,96,4,-1.6807327983913767,-1.4391328178272569
M2,22,nominal,M2_nominal_0022,B,M2,True,R,-1.8902056429976606,100,0.04,96,4,-1.856705021799689,-2.6942205517489843
M2,22,nominal,M2_nominal_0022,B,M2,True,L,-1.6761687313045845,100,0.02,98,2,-1.6771132842230647,-1.6298856382990796
M2,22,nominal,M2_nominal_0022,B,M3,True,R,-1.7815664238030018,100,0.03,97,3,-1.7916896229083,-1.4542496527316908
M2,22,nominal,M2_nominal_0022,B,M3,True,L,-1.6713882214986808,100,0.0,100,0,-1.6713882214986808,
M2,23,nominal,M2_nominal_0023,B,M1,True,R,-1.8527833157456512,100,0.0,100,0,-1.8527833157456512,
M2,23,nominal,M2_nominal_0023,B,M1,True,L,-2.0759949262011936,100,0.0,100,0,-2.0759949262011936,
M2,23,nominal,M2_nominal_0023,B,M2,True,R,-1.8518977378047328,100,0.0,100,0,-1.8518977378047328,
M2,23,nominal,M2_nominal_0023,B,M2,True,L,-2.077208822750822,100,0.0,100,0,-2.077208822750822,
M2,23,nominal,M2_nominal_0023,B,M3,True,R,-1.8559184628123935,100,0.0,100,0,-1.8559184628123935,
M2,23,nominal,M2_nominal_0023,B,M3,True,L,-2.0819401118571617,100,0.0,100,0,-2.0819401118571617,
M2,24,nominal,M2_nominal_0024,B,M1,True,R,-0.6014868040148487,100,0.01,99,1,-0.5936067785048172,-1.3816093295079686
M2,24,nominal,M2_nominal_0024,B,M1,True,L,-1.4751582759685946,100,0.01,99,1,-1.4675934260348127,-2.2240784194129897
M2,24,nominal,M2_nominal_0024,B,M2,True,R,-0.5975414717907838,100,0.02,98,2,-0.5884467999032673,-1.0431803942790863
M2,24,nominal,M2_nominal_0024,B,M2,True,L,-1.4740403784435228,100,0.0,100,0,-1.4740403784435228,
M2,24,nominal,M2_nominal_0024,B,M3,True,R,-0.6048322065280312,100,0.0,100,0,-0.6048322065280312,
M2,24,nominal,M2_nominal_0024,B,M3,True,L,-1.481039886514717,100,0.0,100,0,-1.481039886514717,
M2,25,nominal,M2_nominal_0025,B,M1,True,R,-1.1911336545256348,100,0.01,99,1,-1.1919238419612206,-1.1129050984026465
M2,25,nominal,M2_nominal_0025,B,M1,True,L,-1.4216122064233254,100,0.0,100,0,-1.4216122064233254,
M2,25,nominal,M2_nominal_0025,B,M2,True,R,-1.1879405719104819,100,0.0,100,0,-1.1879405719104819,
M2,25,nominal,M2_nominal_0025,B,M2,True,L,-1.418946440516715,100,0.0,100,0,-1.418946440516715,
M2,25,nominal,M2_nominal_0025,B,M3,True,R,-1.1953762858812143,100,0.0,100,0,-1.1953762858812143,
M2,25,nominal,M2_nominal_0025,B,M3,True,L,-1.4245916524346705,100,0.0,100,0,-1.4245916524346705,
M2,26,nominal,M2_nominal_0026,B,M1,True,R,-1.3166232261508888,100,0.02,98,2,-1.3224509788514398,-1.0310633438238814
M2,26,nominal,M2_nominal_0026,B,M1,True,L,-1.503926862395338,100,0.06,94,6,-1.5331830703753868,-1.0455796040412328
M2,26,nominal,M2_nominal_0026,B,M2,True,R,-1.318399760099936,100,0.01,99,1,-1.3199461538421287,-1.165306779622865
M2,26,nominal,M2_nominal_0026,B,M2,True,L,-1.5065664369036347,100,0.02,98,2,-1.5153858573045111,-1.0744148372607016
M2,26,nominal,M2_nominal_0026,B,M3,True,R,-1.3185831355769742,100,0.01,99,1,-1.3244265369157788,-0.7400864030353376
M2,26,nominal,M2_nominal_0026,B,M3,True,L,-1.5018456077691338,100,0.0,100,0,-1.5018456077691338,
M2,27,nominal,M2_nominal_0027,B,M1,True,R,-1.321157303026125,100,0.06,94,6,-1.3436324122471066,-0.9690472585640784
M2,27,nominal,M2_nominal_0027,B,M1,True,L,-1.7369647810625723,100,0.0,100,0,-1.7369647810625723,
M2,27,nominal,M2_nominal_0027,B,M2,True,R,-1.31660287529282,100,0.02,98,2,-1.3240498017636309,-0.9517034782230984
M2,27,nominal,M2_nominal_0027,B,M2,True,L,-1.734453226903178,100,0.0,100,0,-1.734453226903178,
M2,27,nominal,M2_nominal_0027,B,M3,True,R,-1.3216720408852403,100,0.0,100,0,-1.3216720408852403,
M2,27,nominal,M2_nominal_0027,B,M3,True,L,-1.7400137808274954,100,0.0,100,0,-1.7400137808274954,
M2,28,nominal,M2_nominal_0028,B,M1,True,R,-1.6239527772734146,100,0.0,100,0,-1.6239527772734146,
M2,28,nominal,M2_nominal_0028,B,M1,True,L,-1.783789523187772,100,0.0,100,0,-1.783789523187772,
M2,28,nominal,M2_nominal_0028,B,M2,True,R,-1.6237770660833926,100,0.01,99,1,-1.6265528254880748,-1.3489768850198898
M2,28,nominal,M2_nominal_0028,B,M2,True,L,-1.7927974423249544,100,0.0,100,0,-1.7927974423249544,
M2,28,nominal,M2_nominal_0028,B,M3,True,R,-1.622398941409904,100,0.01,99,1,-1.6286041803737723,-1.0080802839869343
M2,28,nominal,M2_nominal_0028,B,M3,True,L,-1.791126493716481,100,0.0,100,0,-1.791126493716481,
M2,29,nominal,M2_nominal_0029,B,M1,True,R,-16.44440512084909,100,0.72,28,72,-0.5281238949462667,-22.63407004203352
M2,29,nominal,M2_nominal_0029,B,M1,True,L,-0.8396021568617772,100,0.0,100,0,-0.8396021568617772,
M2,29,nominal,M2_nominal_0029,B,M2,True,R,-16741.84617625447,100,0.73,27,73,-0.5490726785061907,-22933.83277620722
M2,29,nominal,M2_nominal_0029,B,M2,True,L,-0.8406219243691768,100,0.0,100,0,-0.8406219243691768,
M2,29,nominal,M2_nominal_0029,B,M3,True,R,-35.65436066772735,100,0.66,34,66,-0.49930100803456484,-53.76454291666
M2,29,nominal,M2_nominal_0029,B,M3,True,L,-0.8375477054727313,100,0.0,100,0,-0.8375477054727313,
M2,30,nominal,M2_nominal_0030,B,M1,True,R,-1.2239727464269747,100,0.0,100,0,-1.2239727464269747,
M2,30,nominal,M2_nominal_0030,B,M1,True,L,-1.4500410975707,100,0.0,100,0,-1.4500410975707,
M2,30,nominal,M2_nominal_0030,B,M2,True,R,-1.2257319257109298,100,0.0,100,0,-1.2257319257109298,
M2,30,nominal,M2_nominal_0030,B,M2,True,L,-1.4470447144580205,100,0.01,99,1,-1.4518863463187373,-0.9677231602470349
M2,30,nominal,M2_nominal_0030,B,M3,True,R,-1.2254765161945016,100,0.0,100,0,-1.2254765161945016,
M2,30,nominal,M2_nominal_0030,B,M3,True,L,-1.4478846316679899,100,0.0,100,0,-1.4478846316679899,
M2,31,nominal,M2_nominal_0031,B,M1,True,R,-69.3967254515392,100,0.55,45,55,-1.432776334898268,-125.00359291060904
M2,31,nominal,M2_nominal_0031,B,M1,True,L,-1.5724471725630713,100,0.0,100,0,-1.5724471725630713,
M2,31,nominal,M2_nominal_0031,B,M2,True,R,-16978.17069699316,100,0.55,45,55,-1.4298207350331422,-30868.23141393161
M2,31,nominal,M2_nominal_0031,B,M2,True,L,-1.567862969634556,100,0.0,100,0,-1.567862969634556,
M2,31,nominal,M2_nominal_0031,B,M3,True,R,-118.47364290642719,100,0.51,49,51,-1.4429692700829684,-230.914878360954
M2,31,nominal,M2_nominal_0031,B,M3,True,L,-1.5665136079495254,100,0.0,100,0,-1.5665136079495254,
M2,32,nominal,M2_nominal_0032,B,M1,True,R,-1.0666770998026094,100,0.43,57,43,-0.8325978922931595,-1.376968142315136
M2,32,nominal,M2_nominal_0032,B,M1,True,L,-0.859776343800509,100,0.0,100,0,-0.859776343800509,
M2,32,nominal,M2_nominal_0032,B,M2,True,R,-12.83507658826556,100,0.49,51,49,-0.835135360983481,-25.324811335028546
M2,32,nominal,M2_nominal_0032,B,M2,True,L,-0.8609034292486377,100,0.0,100,0,-0.8609034292486377,
M2,32,nominal,M2_nominal_0032,B,M3,True,R,-0.945121483684575,100,0.39,61,39,-0.8675347361754856,-1.06647511440392
M2,32,nominal,M2_nominal_0032,B,M3,True,L,-0.8558595858189364,100,0.0,100,0,-0.8558595858189364,
M2,33,nominal,M2_nominal_0033,B,M1,True,R,-1.6180990494965561,100,0.04,96,4,-1.6285613185011159,-1.3670045933871187
M2,33,nominal,M2_nominal_0033,B,M1,True,L,-1.6045923228431938,100,0.0,100,0,-1.6045923228431938,
M2,33,nominal,M2_nominal_0033,B,M2,True,R,-2.289817356789813,100,0.08,92,8,-1.623833054005631,-9.948636838807909
M2,33,nominal,M2_nominal_0033,B,M2,True,L,-1.600535969719932,100,0.0,100,0,-1.600535969719932,
M2,33,nominal,M2_nominal_0033,B,M3,True,R,-1.581490366142624,100,0.03,97,3,-1.5749457113641872,-1.7931008706454277
M2,33,nominal,M2_nominal_0033,B,M3,True,L,-1.598900018345624,100,0.0,100,0,-1.598900018345624,
M2,34,nominal,M2_nominal_0034,B,M1,True,R,-1.4289473177181717,100,0.0,100,0,-1.4289473177181717,
M2,34,nominal,M2_nominal_0034,B,M1,True,L,-1.4553796221263924,100,0.02,98,2,-1.4460078425145633,-1.9145968231060193
M2,34,nominal,M2_nominal_0034,B,M2,True,R,-1.427871231531366,100,0.0,100,0,-1.427871231531366,
M2,34,nominal,M2_nominal_0034,B,M2,True,L,-1.4586282129036672,100,0.01,99,1,-1.4637016940296412,-0.9563535814322136
M2,34,nominal,M2_nominal_0034,B,M3,True,R,-1.430869708265004,100,0.0,100,0,-1.430869708265004,
M2,34,nominal,M2_nominal_0034,B,M3,True,L,-1.4528483924918851,100,0.0,100,0,-1.4528483924918851,
M2,35,nominal,M2_nominal_0035,B,M1,True,R,-1.0616469371977215,100,0.01,99,1,-1.0630400458286664,-0.9237291827341731
M2,35,nominal,M2_nominal_0035,B,M1,True,L,-1.311155701680825,100,0.0,100,0,-1.311155701680825,
M2,35,nominal,M2_nominal_0035,B,M2,True,R,-1.066276219972835,100,0.01,99,1,-1.0675923168154446,-0.9359826325544738
M2,35,nominal,M2_nominal_0035,B,M2,True,L,-1.312939936509915,100,0.0,100,0,-1.312939936509915,
M2,35,nominal,M2_nominal_0035,B,M3,True,R,-1.0624166767936984,100,0.0,100,0,-1.0624166767936984,
M2,35,nominal,M2_nominal_0035,B,M3,True,L,-1.3097227754211809,100,0.0,100,0,-1.3097227754211809,
M2,36,nominal,M2_nominal_0036,B,M1,True,R,-1.488687350126692,100,0.0,100,0,-1.488687350126692,
M2,36,nominal,M2_nominal_0036,B,M1,True,L,-2.3141553303043274,100,0.0,100,0,-2.3141553303043274,
M2,36,nominal,M2_nominal_0036,B,M2,True,R,-1.4872095408354318,100,0.0,100,0,-1.4872095408354318,
M2,36,nominal,M2_nominal_0036,B,M2,True,L,-2.3142003134960465,100,0.01,99,1,-2.307387832576417,-2.988635924539377
M2,36,nominal,M2_nominal_0036,B,M3,True,R,-1.4879935050112498,100,0.0,100,0,-1.4879935050112498,
M2,36,nominal,M2_nominal_0036,B,M3,True,L,-2.3147520133127775,100,0.0,100,0,-2.3147520133127775,
M2,37,nominal,M2_nominal_0037,B,M1,True,R,-1.028404421709484,100,0.01,99,1,-1.0359511875045284,-0.2812746080001087
M2,37,nominal,M2_nominal_0037,B,M1,True,L,-0.8997177133179559,100,0.0,100,0,-0.8997177133179559,
M2,37,nominal,M2_nominal_0037,B,M2,True,R,-1.0313539811881531,100,0.01,99,1,-1.0392306534447673,-0.25156342778334395
M2,37,nominal,M2_nominal_0037,B,M2,True,L,-0.9031020212829789,100,0.0,100,0,-0.9031020212829789,
M2,37,nominal,M2_nominal_0037,B,M3,True,R,-1.0292590341408037,100,0.0,100,0,-1.0292590341408037,
M2,37,nominal,M2_nominal_0037,B,M3,True,L,-0.9027000481959676,100,0.02,98,2,-0.8760458099791062,-2.2087577208221925
M2,38,nominal,M2_nominal_0038,B,M1,True,R,-2.531055597922493,100,0.0,100,0,-2.531055597922493,
M2,38,nominal,M2_nominal_0038,B,M1,True,L,-2.3077167773112506,100,0.0,100,0,-2.3077167773112506,
M2,38,nominal,M2_nominal_0038,B,M2,True,R,-2.5267902578506294,100,0.0,100,0,-2.5267902578506294,
M2,38,nominal,M2_nominal_0038,B,M2,True,L,-2.3039452600389874,100,0.0,100,0,-2.3039452600389874,
M2,38,nominal,M2_nominal_0038,B,M3,True,R,-2.5287943824827694,100,0.02,98,2,-2.512841993265469,-3.310461454130488
M2,38,nominal,M2_nominal_0038,B,M3,True,L,-2.309565043974693,100,0.01,99,1,-2.317778608689975,-1.496422137161797
M2,39,nominal,M2_nominal_0039,B,M1,True,R,-1.4779075596461237,100,0.02,98,2,-1.4749341278178303,-1.6236057192324795
M2,39,nominal,M2_nominal_0039,B,M1,True,L,-1.8852585331641096,100,0.08,92,8,-1.8521953555705113,-2.2654850754904947
M2,39,nominal,M2_nominal_0039,B,M2,True,R,-1.4728131662060113,100,0.01,99,1,-1.4765759911681198,-1.100293494957238
M2,39,nominal,M2_nominal_0039,B,M2,True,L,-1.8953864854555613,100,0.1,90,10,-1.8680118394830159,-2.1417582992084685
M2,39,nominal,M2_nominal_0039,B,M3,True,R,-1.4822651791126185,100,0.0,100,0,-1.4822651791126185,
M2,39,nominal,M2_nominal_0039,B,M3,True,L,-1.886037067033803,100,0.0,100,0,-1.886037067033803,
M2,40,nominal,M2_nominal_0040,B,M1,True,R,-1.3605913799589575,100,0.0,100,0,-1.3605913799589575,
M2,40,nominal,M2_nominal_0040,B,M1,True,L,-1.5241818505336462,100,0.0,100,0,-1.5241818505336462,
M2,40,nominal,M2_nominal_0040,B,M2,True,R,-1.3628950767460521,100,0.0,100,0,-1.3628950767460521,
M2,40,nominal,M2_nominal_0040,B,M2,True,L,-1.5253262503270983,100,0.0,100,0,-1.5253262503270983,
M2,40,nominal,M2_nominal_0040,B,M3,True,R,-1.3599760896978907,100,0.0,100,0,-1.3599760896978907,
M2,40,nominal,M2_nominal_0040,B,M3,True,L,-1.525357547543362,100,0.0,100,0,-1.525357547543362,
M2,41,nominal,M2_nominal_0041,B,M1,True,R,-1.102217086210759,100,0.05,95,5,-1.103180999460013,-1.0839027344749321
M2,41,nominal,M2_nominal_0041,B,M1,True,L,-8.852331449286615,100,0.46,54,46,-1.4139140207195042,-17.584386691517576
M2,41,nominal,M2_nominal_0041,B,M2,True,R,-1.1169036700740513,100,0.02,98,2,-1.1172224862413878,-1.1012816778745662
M2,41,nominal,M2_nominal_0041,B,M2,True,L,-22.285557149041814,100,0.41,59,41,-1.402177822937111,-52.337249350021764
M2,41,nominal,M2_nominal_0041,B,M3,True,R,-1.11968100575707,100,0.01,99,1,-1.123292196776433,-0.7621730948401279
M2,41,nominal,M2_nominal_0041,B,M3,True,L,-15.61634062782689,100,0.3,70,30,-1.6520997728814404,-48.19956928936627
M2,42,nominal,M2_nominal_0042,B,M1,True,R,-1.446753368007314,100,0.0,100,0,-1.446753368007314,
M2,42,nominal,M2_nominal_0042,B,M1,True,L,-1.8865840404211158,100,0.02,98,2,-1.8961207321122107,-1.4192861475574814
M2,42,nominal,M2_nominal_0042,B,M2,True,R,-1.442708038177488,100,0.0,100,0,-1.442708038177488,
M2,42,nominal,M2_nominal_0042,B,M2,True,L,-1.8855058748310198,100,0.02,98,2,-1.8949966207198796,-1.4204593262768812
M2,42,nominal,M2_nominal_0042,B,M3,True,R,-1.4437498883591167,100,0.0,100,0,-1.4437498883591167,
M2,42,nominal,M2_nominal_0042,B,M3,True,L,-1.8836893788689906,100,0.0,100,0,-1.8836893788689906,
M2,43,nominal,M2_nominal_0043,B,M1,True,R,-1.0982441163241217,100,0.01,99,1,-1.0983856282062021,-1.08423443999814
M2,43,nominal,M2_nominal_0043,B,M1,True,L,-1.24536220899016,100,0.01,99,1,-1.2508757516507258,-0.6995214855941414
M2,43,nominal,M2_nominal_0043,B,M2,True,R,-1.092341628525359,100,0.01,99,1,-1.0928964727670005,-1.0374120486028486
M2,43,nominal,M2_nominal_0043,B,M2,True,L,-1.2431463976242254,100,0.03,97,3,-1.2191840489522199,-2.017929004685729
M2,43,nominal,M2_nominal_0043,B,M3,True,R,-1.1007332697489005,100,0.0,100,0,-1.1007332697489005,
M2,43,nominal,M2_nominal_0043,B,M3,True,L,-1.2452832739685722,100,0.0,100,0,-1.2452832739685722,
M2,44,nominal,M2_nominal_0044,B,M1,True,R,-8.642453505417073,100,0.29,71,29,-0.6276956471365643,-28.264791710172805
M2,44,nominal,M2_nominal_0044,B,M1,True,L,-0.9261713627449605,100,0.01,99,1,-0.9139420503325628,-2.136873291572335
M2,44,nominal,M2_nominal_0044,B,M2,True,R,-1.9217407758102465,100,0.35,65,35,-0.38036338074378534,-4.784298795219388
M2,44,nominal,M2_nominal_0044,B,M2,True,L,-0.931831814698619,100,0.01,99,1,-0.9188722291288788,-2.2148307861028815
M2,44,nominal,M2_nominal_0044,B,M3,True,R,-10.20191023081432,100,0.27,73,27,-0.8889401218563795,-35.3814220068858
M2,44,nominal,M2_nominal_0044,B,M3,True,L,-0.9372118593608765,100,0.0,100,0,-0.9372118593608765,
M2,45,nominal,M2_nominal_0045,B,M1,True,R,-1.752581716531057,100,0.02,98,2,-1.756251920625226,-1.5727417159167794
M2,45,nominal,M2_nominal_0045,B,M1,True,L,-1.8527223594451416,100,0.0,100,0,-1.8527223594451416,
M2,45,nominal,M2_nominal_0045,B,M2,True,R,-1.7663987498799585,100,0.02,98,2,-1.75324097006513,-2.4111299608065715
M2,45,nominal,M2_nominal_0045,B,M2,True,L,-1.8528304990523725,100,0.01,99,1,-1.8318319825280456,-3.931683634960728
M2,45,nominal,M2_nominal_0045,B,M3,True,R,-1.7562038684674102,100,0.0,100,0,-1.7562038684674102,
M2,45,nominal,M2_nominal_0045,B,M3,True,L,-1.8548267326375711,100,0.0,100,0,-1.8548267326375711,
M2,46,nominal,M2_nominal_0046,B,M1,True,R,-0.8705277239079549,100,0.0,100,0,-0.8705277239079549,
M2,46,nominal,M2_nominal_0046,B,M1,True,L,-1.008741540778939,100,0.0,100,0,-1.008741540778939,
M2,46,nominal,M2_nominal_0046,B,M2,True,R,-0.8691788727120615,100,0.0,100,0,-0.8691788727120615,
M2,46,nominal,M2_nominal_0046,B,M2,True,L,-1.0039012723473566,100,0.0,100,0,-1.0039012723473566,
M2,46,nominal,M2_nominal_0046,B,M3,True,R,-0.875984943967249,100,0.02,98,2,-0.8831649393817291,-0.5241651686577287
M2,46,nominal,M2_nominal_0046,B,M3,True,L,-1.0098727677057382,100,0.0,100,0,-1.0098727677057382,
M2,47,nominal,M2_nominal_0047,B,M1,True,R,-1.1333932363427415,100,0.0,100,0,-1.1333932363427415,
M2,47,nominal,M2_nominal_0047,B,M1,True,L,-2.3220168189244514,100,0.27,73,27,-1.2891519924831472,-5.114577275599089
M2,47,nominal,M2_nominal_0047,B,M2,True,R,-1.1332210236725424,100,0.02,98,2,-1.123567419622408,-1.6062476221291238
M2,47,nominal,M2_nominal_0047,B,M2,True,L,-1.8009144552996232,100,0.32,68,32,-1.3244827997106206,-2.8133317234262525
M2,47,nominal,M2_nominal_0047,B,M3,True,R,-1.1304994250191411,100,0.0,100,0,-1.1304994250191411,
M2,47,nominal,M2_nominal_0047,B,M3,True,L,-2.554440256726997,100,0.03,97,3,-2.417842614939141,-6.9710973412009904
M2,48,nominal,M2_nominal_0048,B,M1,True,R,-1.264255387965295,100,0.0,100,0,-1.264255387965295,
M2,48,nominal,M2_nominal_0048,B,M1,True,L,-1.3226599982951972,100,0.0,100,0,-1.3226599982951972,
M2,48,nominal,M2_nominal_0048,B,M2,True,R,-1.264254132762412,100,0.0,100,0,-1.264254132762412,
M2,48,nominal,M2_nominal_0048,B,M2,True,L,-1.3202051115277447,100,0.01,99,1,-1.3244752525503465,-0.8974611502901726
M2,48,nominal,M2_nominal_0048,B,M3,True,R,-1.26624753658346,100,0.0,100,0,-1.26624753658346,
M2,48,nominal,M2_nominal_0048,B,M3,True,L,-1.327409175064166,100,0.0,100,0,-1.327409175064166,
M2,49,nominal,M2_nominal_0049,B,M1,True,R,-1.2751332495194132,100,0.0,100,0,-1.2751332495194132,
M2,49,nominal,M2_nominal_0049,B,M1,True,L,-1.2163090854886944,100,0.0,100,0,-1.2163090854886944,
M2,49,nominal,M2_nominal_0049,B,M2,True,R,-1.2763782312010368,100,0.02,98,2,-1.2699196762832636,-1.5928474221719187
M2,49,nominal,M2_nominal_0049,B,M2,True,L,-1.2147946262947449,100,0.0,100,0,-1.2147946262947449,
M2,49,nominal,M2_nominal_0049,B,M3,True,R,-1.2731136865473163,100,0.01,99,1,-1.2782799273159446,-0.7616558504531011
M2,49,nominal,M2_nominal_0049,B,M3,True,L,-1.215689553498407,100,0.0,100,0,-1.215689553498407,
M2,50,nominal,M2_nominal_0050,B,M1,True,R,-1.6872400625426218,100,0.0,100,0,-1.6872400625426218,
M2,50,nominal,M2_nominal_0050,B,M1,True,L,-1.9281309727510003,100,0.02,98,2,-1.909033194774555,-2.863922093596835
M2,50,nominal,M2_nominal_0050,B,M2,True,R,-1.6851427559924508,100,0.0,100,0,-1.6851427559924508,
M2,50,nominal,M2_nominal_0050,B,M2,True,L,-1.9270180225987406,100,0.02,98,2,-1.904850960909382,-3.013204045377294
M2,50,nominal,M2_nominal_0050,B,M3,True,R,-1.6903843356138035,100,0.0,100,0,-1.6903843356138035,
M2,50,nominal,M2_nominal_0050,B,M3,True,L,-1.9287168670577315,100,0.0,100,0,-1.9287168670577315,
M2,51,nominal,M2_nominal_0051,B,M1,True,R,-0.6208358991109124,100,0.02,98,2,-0.6237602120455294,-0.47754456531467315
M2,51,nominal,M2_nominal_0051,B,M1,True,L,-0.775076411403907,100,0.0,100,0,-0.775076411403907,
M2,51,nominal,M2_nominal_0051,B,M2,True,R,-0.6231163628142289,100,0.0,100,0,-0.6231163628142289,
M2,51,nominal,M2_nominal_0051,B,M2,True,L,-0.7698958859349254,100,0.0,100,0,-0.7698958859349254,
M2,51,nominal,M2_nominal_0051,B,M3,True,R,-0.6236903655494253,100,0.0,100,0,-0.6236903655494253,
M2,51,nominal,M2_nominal_0051,B,M3,True,L,-0.7751153875636085,100,0.03,97,3,-0.774899315245697,-0.7821017258427388
M2,52,nominal,M2_nominal_0052,B,M1,True,R,-1.2374197245779093,100,0.1,90,10,-1.1891368627409113,-1.6719654811108895
M2,52,nominal,M2_nominal_0052,B,M1,True,L,-27.1121413437495,100,0.31,69,31,-1.4025413672255218,-84.33673483988352
M2,52,nominal,M2_nominal_0052,B,M2,True,R,-1.242127380702737,100,0.07,93,7,-1.1899920188672461,-1.9347829022314005
M2,52,nominal,M2_nominal_0052,B,M2,True,L,-19.399122598436037,100,0.3,70,30,-1.3922236446741478,-61.415220157213774
M2,52,nominal,M2_nominal_0052,B,M3,True,R,-1.250279120555281,100,0.0,100,0,-1.250279120555281,
M2,52,nominal,M2_nominal_0052,B,M3,True,L,-35.93000762937033,100,0.22,78,22,-1.3790675288652938,-158.42879525843364
M2,53,nominal,M2_nominal_0053,B,M1,True,R,-1.070258381260302,100,0.0,100,0,-1.070258381260302,
M2,53,nominal,M2_nominal_0053,B,M1,True,L,-0.8336427294270944,100,0.0,100,0,-0.8336427294270944,
M2,53,nominal,M2_nominal_0053,B,M2,True,R,-1.0614382874116948,100,0.0,100,0,-1.0614382874116948,
M2,53,nominal,M2_nominal_0053,B,M2,True,L,-0.8224888064134958,100,0.0,100,0,-0.8224888064134958,
M2,53,nominal,M2_nominal_0053,B,M3,True,R,-1.0629974957777926,100,0.01,99,1,-1.0643318456555042,-0.9308968578843576
M2,53,nominal,M2_nominal_0053,B,M3,True,L,-0.8371139923474996,100,0.0,100,0,-0.8371139923474996,
M2,54,nominal,M2_nominal_0054,B,M1,True,R,-1.1228814634906776,100,0.0,100,0,-1.1228814634906776,
M2,54,nominal,M2_nominal_0054,B,M1,True,L,-1.4720965991811101,100,0.0,100,0,-1.4720965991811101,
M2,54,nominal,M2_nominal_0054,B,M2,True,R,-1.1190562305565748,100,0.0,100,0,-1.1190562305565748,
M2,54,nominal,M2_nominal_0054,B,M2,True,L,-1.4703569842390847,100,0.01,99,1,-1.47438813736208,-1.071272825062561
M2,54,nominal,M2_nominal_0054,B,M3,True,R,-1.128175434498571,100,0.0,100,0,-1.128175434498571,
M2,54,nominal,M2_nominal_0054,B,M3,True,L,-1.4716105897373208,100,0.0,100,0,-1.4716105897373208,
M2,55,nominal,M2_nominal_0055,B,M1,True,R,-0.946317370683518,100,0.0,100,0,-0.946317370683518,
M2,55,nominal,M2_nominal_0055,B,M1,True,L,-1.3070872161323779,100,0.06,94,6,-1.3359953290630031,-0.8541934468859166
M2,55,nominal,M2_nominal_0055,B,M2,True,R,-0.9468270833149153,100,0.0,100,0,-0.9468270833149153,
M2,55,nominal,M2_nominal_0055,B,M2,True,L,-1.3060072939373486,100,0.02,98,2,-1.3178139828258246,-0.7274795384020316
M2,55,nominal,M2_nominal_0055,B,M3,True,R,-0.946092266157315,100,0.0,100,0,-0.946092266157315,
M2,55,nominal,M2_nominal_0055,B,M3,True,L,-1.3053731004659581,100,0.01,99,1,-1.3136222868130292,-0.4887036521058951
M2,56,nominal,M2_nominal_0056,B,M1,True,R,-0.9489042205031265,100,0.03,97,3,-0.9619543076556702,-0.5269514025708855
M2,56,nominal,M2_nominal_0056,B,M1,True,L,-0.8618261762715309,100,0.0,100,0,-0.8618261762715309,
M2,56,nominal,M2_nominal_0056,B,M2,True,R,-0.9487917355121879,100,0.04,96,4,-0.9658883184371039,-0.5384737453142084
M2,56,nominal,M2_nominal_0056,B,M2,True,L,-0.8602925326599119,100,0.0,100,0,-0.8602925326599119,
M2,56,nominal,M2_nominal_0056,B,M3,True,R,-0.9503527920407955,100,0.0,100,0,-0.9503527920407955,
M2,56,nominal,M2_nominal_0056,B,M3,True,L,-0.861665211063669,100,0.0,100,0,-0.861665211063669,
M2,57,nominal,M2_nominal_0057,B,M1,True,R,0.08088714236724241,100,0.0,100,0,0.08088714236724241,
M2,57,nominal,M2_nominal_0057,B,M1,True,L,0.369651568629357,100,0.0,100,0,0.369651568629357,
M2,57,nominal,M2_nominal_0057,B,M2,True,R,0.08285834657794913,100,0.0,100,0,0.08285834657794913,
M2,57,nominal,M2_nominal_0057,B,M2,True,L,0.3691555359523605,100,0.01,99,1,0.4123798574889248,-3.910052296167504
M2,57,nominal,M2_nominal_0057,B,M3,True,R,0.08223088573963043,100,0.0,100,0,0.08223088573963043,
M2,57,nominal,M2_nominal_0057,B,M3,True,L,0.36923037170948547,100,0.0,100,0,0.36923037170948547,
M2,58,nominal,M2_nominal_0058,B,M1,True,R,-25552.500020556512,100,0.55,45,55,-0.7504434493062226,-46458.4769472806
M2,58,nominal,M2_nominal_0058,B,M1,True,L,-0.8826043538612227,100,0.07,93,7,-0.9125762058538514,-0.4844068916734396
M2,58,nominal,M2_nominal_0058,B,M2,True,R,-18920134.3349899,100,0.59,41,59,-0.7492695229502527,-32068023.775914237
M2,58,nominal,M2_nominal_0058,B,M2,True,L,-1.0009357723179884,100,0.08,92,8,-0.9284357172382084,-1.83468640573546
M2,58,nominal,M2_nominal_0058,B,M3,True,R,-27397.098273093,100,0.58,42,58,-0.7600570938619893,-47235.82594674756
M2,58,nominal,M2_nominal_0058,B,M3,True,L,-0.9772754850407642,100,0.03,97,3,-0.9823119960473956,-0.8144282958263555
M2,59,nominal,M2_nominal_0059,B,M1,True,R,-1.0235668557043311,100,0.11,89,11,-1.0627162818795832,-0.7068124075591083
M2,59,nominal,M2_nominal_0059,B,M1,True,L,-1.5556999172463506,100,0.0,100,0,-1.5556999172463506,
M2,59,nominal,M2_nominal_0059,B,M2,True,R,-1.0225722380455424,100,0.11,89,11,-1.0624627551733996,-0.6998216903746995
M2,59,nominal,M2_nominal_0059,B,M2,True,L,-1.5522062515166815,100,0.0,100,0,-1.5522062515166815,
M2,59,nominal,M2_nominal_0059,B,M3,True,R,-1.024217113081241,100,0.0,100,0,-1.024217113081241,
M2,59,nominal,M2_nominal_0059,B,M3,True,L,-1.5518802520618888,100,0.0,100,0,-1.5518802520618888,
M2,60,nominal,M2_nominal_0060,B,M1,True,R,-1.1182123412310538,100,0.0,100,0,-1.1182123412310538,
M2,60,nominal,M2_nominal_0060,B,M1,True,L,-1.1053665175792522,100,0.01,99,1,-1.1096218302399505,-0.6840905641701145
M2,60,nominal,M2_nominal_0060,B,M2,True,R,-1.1135423403820466,100,0.0,100,0,-1.1135423403820466,
M2,60,nominal,M2_nominal_0060,B,M2,True,L,-1.086873037095377,100,0.02,98,2,-1.0783032837160733,-1.5067909526812684
M2,60,nominal,M2_nominal_0060,B,M3,True,R,-1.1180181500311042,100,0.0,100,0,-1.1180181500311042,
M2,60,nominal,M2_nominal_0060,B,M3,True,L,-1.1080114000176982,100,0.0,100,0,-1.1080114000176982,
M2,61,nominal,M2_nominal_0061,B,M1,True,R,-0.9692481182225058,100,0.0,100,0,-0.9692481182225058,
M2,61,nominal,M2_nominal_0061,B,M1,True,L,-1.1470368344241268,100,0.0,100,0,-1.1470368344241268,
M2,61,nominal,M2_nominal_0061,B,M2,True,R,-0.966560946916404,100,0.0,100,0,-0.966560946916404,
M2,61,nominal,M2_nominal_0061,B,M2,True,L,-1.1475883801837652,100,0.0,100,0,-1.1475883801837652,
M2,61,nominal,M2_nominal_0061,B,M3,True,R,-0.9697381824293391,100,0.0,100,0,-0.9697381824293391,
M2,61,nominal,M2_nominal_0061,B,M3,True,L,-1.1491951755870182,100,0.0,100,0,-1.1491951755870182,
M2,62,nominal,M2_nominal_0062,B,M1,True,R,-1.457833307523385,100,0.01,99,1,-1.4531352292461568,-1.9229430569689407
M2,62,nominal,M2_nominal_0062,B,M1,True,L,-1.7039835485375523,100,0.03,97,3,-1.715895495631868,-1.3188305924880075
M2,62,nominal,M2_nominal_0062,B,M2,True,R,-1.4661386116933302,100,0.01,99,1,-1.4609407411165132,-1.9807277987982306
M2,62,nominal,M2_nominal_0062,B,M2,True,L,-1.7014698914111372,100,0.0,100,0,-1.7014698914111372,
M2,62,nominal,M2_nominal_0062,B,M3,True,R,-1.4620548710626295,100,0.0,100,0,-1.4620548710626295,
M2,62,nominal,M2_nominal_0062,B,M3,True,L,-1.6996660442777272,100,0.0,100,0,-1.6996660442777272,
M2,63,nominal,M2_nominal_0063,B,M1,True,R,-1.2139491275106442,100,0.0,100,0,-1.2139491275106442,
M2,63,nominal,M2_nominal_0063,B,M1,True,L,-1.5485295869819138,100,0.0,100,0,-1.5485295869819138,
M2,63,nominal,M2_nominal_0063,B,M2,True,R,-1.2136180459652863,100,0.0,100,0,-1.2136180459652863,
M2,63,nominal,M2_nominal_0063,B,M2,True,L,-1.549261259926028,100,0.0,100,0,-1.549261259926028,
M2,63,nominal,M2_nominal_0063,B,M3,True,R,-1.2155478827106136,100,0.0,100,0,-1.2155478827106136,
M2,63,nominal,M2_nominal_0063,B,M3,True,L,-1.5476977437945894,100,0.0,100,0,-1.5476977437945894,
M2,64,nominal,M2_nominal_0064,B,M1,True,R,-1.4960946720091257,100,0.0,100,0,-1.4960946720091257,
M2,64,nominal,M2_nominal_0064,B,M1,True,L,-1.5254139721669122,100,0.01,99,1,-1.5298536982468445,-1.0858810902536626
M2,64,nominal,M2_nominal_0064,B,M2,True,R,-1.4951809717234985,100,0.0,100,0,-1.4951809717234985,
M2,64,nominal,M2_nominal_0064,B,M2,True,L,-1.5240804062593358,100,0.0,100,0,-1.5240804062593358,
M2,64,nominal,M2_nominal_0064,B,M3,True,R,-1.4971633275842695,100,0.0,100,0,-1.4971633275842695,
M2,64,nominal,M2_nominal_0064,B,M3,True,L,-1.5236405179277293,100,0.0,100,0,-1.5236405179277293,
M2,65,nominal,M2_nominal_0065,B,M1,True,R,-1.264592450467279,100,0.03,97,3,-1.2693028130612767,-1.1122907265946922
M2,65,nominal,M2_nominal_0065,B,M1,True,L,-1.624495065378557,100,0.0,100,0,-1.624495065378557,
M2,65,nominal,M2_nominal_0065,B,M2,True,R,-1.2634929184187158,100,0.01,99,1,-1.2659963199670787,-1.0156561651307756
M2,65,nominal,M2_nominal_0065,B,M2,True,L,-1.6285767851112767,100,0.0,100,0,-1.6285767851112767,
M2,65,nominal,M2_nominal_0065,B,M3,True,R,-1.2684928009089234,100,0.0,100,0,-1.2684928009089234,
M2,65,nominal,M2_nominal_0065,B,M3,True,L,-1.6259763394147826,100,0.0,100,0,-1.6259763394147826,
M2,66,nominal,M2_nominal_0066,B,M1,True,R,-1.5213491307277223,100,0.0,100,0,-1.5213491307277223,
M2,66,nominal,M2_nominal_0066,B,M1,True,L,-2.001248151486123,100,0.0,100,0,-2.001248151486123,
M2,66,nominal,M2_nominal_0066,B,M2,True,R,-1.5204669375511637,100,0.0,100,0,-1.5204669375511637,
M2,66,nominal,M2_nominal_0066,B,M2,True,L,-2.0008313746122375,100,0.01,99,1,-2.004189913161598,-1.668336058225509
M2,66,nominal,M2_nominal_0066,B,M3,True,R,-1.5203357232209669,100,0.0,100,0,-1.5203357232209669,
M2,66,nominal,M2_nominal_0066,B,M3,True,L,-2.0022962009582157,100,0.0,100,0,-2.0022962009582157,
M2,67,nominal,M2_nominal_0067,B,M1,True,R,-1.3918348790670192,100,0.07,93,7,-1.3919520525465974,-1.3902781456954847
M2,67,nominal,M2_nominal_0067,B,M1,True,L,-1.660717705801138,100,0.05,95,5,-1.6657906124187976,-1.5643324800655976
M2,67,nominal,M2_nominal_0067,B,M2,True,R,-1.3900895859982751,100,0.06,94,6,-1.397665174905122,-1.2714053597910053
M2,67,nominal,M2_nominal_0067,B,M2,True,L,-1.6534771386454532,100,0.05,95,5,-1.6585425271875858,-1.5572347563449351
M2,67,nominal,M2_nominal_0067,B,M3,True,R,-1.3872595578086786,100,0.01,99,1,-1.3921937635454362,-0.8987731898697139
M2,67,nominal,M2_nominal_0067,B,M3,True,L,-1.6512098803775908,100,0.02,98,2,-1.631716046898162,-2.6064077208696026
M2,68,nominal,M2_nominal_0068,B,M1,True,R,-1.0770689204834236,100,0.0,100,0,-1.0770689204834236,
M2,68,nominal,M2_nominal_0068,B,M1,True,L,-1.4804748470094546,100,0.0,100,0,-1.4804748470094546,
M2,68,nominal,M2_nominal_0068,B,M2,True,R,-1.0731947229806102,100,0.0,100,0,-1.0731947229806102,
M2,68,nominal,M2_nominal_0068,B,M2,True,L,-1.4772606242870132,100,0.0,100,0,-1.4772606242870132,
M2,68,nominal,M2_nominal_0068,B,M3,True,R,-1.0745440050148345,100,0.0,100,0,-1.0745440050148345,
M2,68,nominal,M2_nominal_0068,B,M3,True,L,-1.480262047656356,100,0.0,100,0,-1.480262047656356,
M2,69,nominal,M2_nominal_0069,B,M1,True,R,-1.5437397334203253,100,0.0,100,0,-1.5437397334203253,
M2,69,nominal,M2_nominal_0069,B,M1,True,L,-1.8109027709149697,100,0.0,100,0,-1.8109027709149697,
M2,69,nominal,M2_nominal_0069,B,M2,True,R,-1.5447736508818217,100,0.0,100,0,-1.5447736508818217,
M2,69,nominal,M2_nominal_0069,B,M2,True,L,-1.812943861757936,100,0.0,100,0,-1.812943861757936,
M2,69,nominal,M2_nominal_0069,B,M3,True,R,-1.5449944010378351,100,0.0,100,0,-1.5449944010378351,
M2,69,nominal,M2_nominal_0069,B,M3,True,L,-1.8139583890387658,100,0.0,100,0,-1.8139583890387658,
M2,70,nominal,M2_nominal_0070,B,M1,True,R,-1.017612545594234,100,0.0,100,0,-1.017612545594234,
M2,70,nominal,M2_nominal_0070,B,M1,True,L,-1.4539814031490474,100,0.0,100,0,-1.4539814031490474,
M2,70,nominal,M2_nominal_0070,B,M2,True,R,-1.0200191689540024,100,0.0,100,0,-1.0200191689540024,
M2,70,nominal,M2_nominal_0070,B,M2,True,L,-1.45587328633777,100,0.0,100,0,-1.45587328633777,
M2,70,nominal,M2_nominal_0070,B,M3,True,R,-1.023628649236679,100,0.0,100,0,-1.023628649236679,
M2,70,nominal,M2_nominal_0070,B,M3,True,L,-1.455680617978461,100,0.0,100,0,-1.455680617978461,
M2,71,nominal,M2_nominal_0071,B,M1,True,R,-1.8836911782322623,100,0.04,96,4,-1.7932036338669823,-4.05539224299897
M2,71,nominal,M2_nominal_0071,B,M1,True,L,-1.6113542844041617,100,0.02,98,2,-1.6085279711838987,-1.7498436321970599
M2,71,nominal,M2_nominal_0071,B,M2,True,R,-2.3729457723330314,100,0.04,96,4,-1.804704837987024,-16.01072819663719
M2,71,nominal,M2_nominal_0071,B,M2,True,L,-1.6034288187178927,100,0.0,100,0,-1.6034288187178927,
M2,71,nominal,M2_nominal_0071,B,M3,True,R,-1.839161647920345,100,0.03,97,3,-1.8324576470642777,-2.055924342266508
M2,71,nominal,M2_nominal_0071,B,M3,True,L,-1.606555831104513,100,0.0,100,0,-1.606555831104513,
M2,72,nominal,M2_nominal_0072,B,M1,True,R,-1.687658129710334,100,0.06,94,6,-1.688878487248469,-1.6685391949462136
M2,72,nominal,M2_nominal_0072,B,M1,True,L,-2.158609232569963,100,0.09,91,9,-2.1499795569323266,-2.245864841794952
M2,72,nominal,M2_nominal_0072,B,M2,True,R,-1.6874566900626773,100,0.03,97,3,-1.6842822473434402,-1.7900970046513363
M2,72,nominal,M2_nominal_0072,B,M2,True,L,-2.1573459873032017,100,0.02,98,2,-2.1609376367857904,-1.9813551626563504
M2,72,nominal,M2_nominal_0072,B,M3,True,R,-1.687766643782297,100,0.0,100,0,-1.687766643782297,
M2,72,nominal,M2_nominal_0072,B,M3,True,L,-2.154825353315874,100,0.0,100,0,-2.154825353315874,
M2,73,nominal,M2_nominal_0073,B,M1,True,R,-0.5859251409499305,100,0.0,100,0,-0.5859251409499305,
M2,73,nominal,M2_nominal_0073,B,M1,True,L,-1.7214835038387077,100,0.0,100,0,-1.7214835038387077,
M2,73,nominal,M2_nominal_0073,B,M2,True,R,-0.5880352799540631,100,0.0,100,0,-0.5880352799540631,
M2,73,nominal,M2_nominal_0073,B,M2,True,L,-1.720479813326107,100,0.0,100,0,-1.720479813326107,
M2,73,nominal,M2_nominal_0073,B,M3,True,R,-0.5830266579961644,100,0.0,100,0,-0.5830266579961644,
M2,73,nominal,M2_nominal_0073,B,M3,True,L,-1.7301581152431404,100,0.0,100,0,-1.7301581152431404,
M2,74,nominal,M2_nominal_0074,B,M1,True,R,-1.235009517664614,100,0.0,100,0,-1.235009517664614,
M2,74,nominal,M2_nominal_0074,B,M1,True,L,-1.4379094905627106,100,0.0,100,0,-1.4379094905627106,
M2,74,nominal,M2_nominal_0074,B,M2,True,R,-1.227609853678054,100,0.0,100,0,-1.227609853678054,
M2,74,nominal,M2_nominal_0074,B,M2,True,L,-1.4381752813982374,100,0.0,100,0,-1.4381752813982374,
M2,74,nominal,M2_nominal_0074,B,M3,True,R,-1.239325073250668,100,0.0,100,0,-1.239325073250668,
M2,74,nominal,M2_nominal_0074,B,M3,True,L,-1.4380927626183695,100,0.0,100,0,-1.4380927626183695,
M2,75,nominal,M2_nominal_0075,B,M1,True,R,-1.3202252686743552,100,0.05,95,5,-1.2646946491804507,-2.3753070390585456
M2,75,nominal,M2_nominal_0075,B,M1,True,L,-1.4806757397348442,100,0.17,83,17,-1.5123664506831624,-1.3259505039283517
M2,75,nominal,M2_nominal_0075,B,M2,True,R,-1.3240438449737602,100,0.04,96,4,-1.2742176094251498,-2.5198734981404
M2,75,nominal,M2_nominal_0075,B,M2,True,L,-1.4790073313208019,100,0.06,94,6,-1.5092975063198664,-1.0044612563354607
M2,75,nominal,M2_nominal_0075,B,M3,True,R,-1.3226619671740412,100,0.01,99,1,-1.3217286682536946,-1.415058560288343
M2,75,nominal,M2_nominal_0075,B,M3,True,L,-1.4775742067022914,100,0.0,100,0,-1.4775742067022914,
M2,76,nominal,M2_nominal_0076,B,M1,True,R,-1.3816785479773628,100,0.01,99,1,-1.3876055320250564,-0.7949071272557112
M2,76,nominal,M2_nominal_0076,B,M1,True,L,-1.858797169867951,100,0.0,100,0,-1.858797169867951,
M2,76,nominal,M2_nominal_0076,B,M2,True,R,-1.379675981691979,100,0.02,98,2,-1.391824117122447,-0.7844173455990369
M2,76,nominal,M2_nominal_0076,B,M2,True,L,-1.8564527927985892,100,0.0,100,0,-1.8564527927985892,
M2,76,nominal,M2_nominal_0076,B,M3,True,R,-1.3858963343129138,100,0.0,100,0,-1.3858963343129138,
M2,76,nominal,M2_nominal_0076,B,M3,True,L,-1.8514975438688472,100,0.0,100,0,-1.8514975438688472,
M2,77,nominal,M2_nominal_0077,B,M1,True,R,-1.6264747158729815,100,0.0,100,0,-1.6264747158729815,
M2,77,nominal,M2_nominal_0077,B,M1,True,L,-1.8641650840602426,100,0.01,99,1,-1.8615654494115328,-2.1215289142825533
M2,77,nominal,M2_nominal_0077,B,M2,True,R,-1.6281149518416091,100,0.0,100,0,-1.6281149518416091,
M2,77,nominal,M2_nominal_0077,B,M2,True,L,-1.8675931483187864,100,0.0,100,0,-1.8675931483187864,
M2,77,nominal,M2_nominal_0077,B,M3,True,R,-1.6260326394504083,100,0.01,99,1,-1.6319918690034871,-1.0360689136956192
M2,77,nominal,M2_nominal_0077,B,M3,True,L,-1.8622974242704187,100,0.0,100,0,-1.8622974242704187,
M2,78,nominal,M2_nominal_0078,B,M1,True,R,-22.934760662514073,100,0.5,50,50,-0.5585890865568786,-45.31093223847126
M2,78,nominal,M2_nominal_0078,B,M1,True,L,-0.6650120605148784,100,0.0,100,0,-0.6650120605148784,
M2,78,nominal,M2_nominal_0078,B,M2,True,R,-398.2310668123295,100,0.5,50,50,-0.578193422828357,-795.8839402018307
M2,78,nominal,M2_nominal_0078,B,M2,True,L,-0.6592177192335457,100,0.0,100,0,-0.6592177192335457,
M2,78,nominal,M2_nominal_0078,B,M3,True,R,-43.406080232107826,100,0.41,59,41,-0.58069449611363,-105.03285482780677
M2,78,nominal,M2_nominal_0078,B,M3,True,L,-0.6634466630091425,100,0.0,100,0,-0.6634466630091425,
M2,79,nominal,M2_nominal_0079,B,M1,True,R,-1.3266290962298806,100,0.0,100,0,-1.3266290962298806,
M2,79,nominal,M2_nominal_0079,B,M1,True,L,-1.3651060576555591,100,0.0,100,0,-1.3651060576555591,
M2,79,nominal,M2_nominal_0079,B,M2,True,R,-1.326106349266182,100,0.0,100,0,-1.326106349266182,
M2,79,nominal,M2_nominal_0079,B,M2,True,L,-1.3516327988945818,100,0.0,100,0,-1.3516327988945818,
M2,79,nominal,M2_nominal_0079,B,M3,True,R,-1.3240104280382863,100,0.0,100,0,-1.3240104280382863,
M2,79,nominal,M2_nominal_0079,B,M3,True,L,-1.3622350322367895,100,0.0,100,0,-1.3622350322367895,
M2,80,nominal,M2_nominal_0080,B,M1,True,R,-8.784981287087202,100,0.63,37,63,-1.387103094111969,-13.129766892485353
M2,80,nominal,M2_nominal_0080,B,M1,True,L,-1.4324385821640135,100,0.0,100,0,-1.4324385821640135,
M2,80,nominal,M2_nominal_0080,B,M2,True,R,-591228.2049360535,100,0.69,31,69,-1.4078322269286236,-856851.8384174828
M2,80,nominal,M2_nominal_0080,B,M2,True,L,-1.4333691477166526,100,0.0,100,0,-1.4333691477166526,
M2,80,nominal,M2_nominal_0080,B,M3,True,R,-36.60179997090475,100,0.56,44,56,-1.3996402643506132,-64.26063974034014
M2,80,nominal,M2_nominal_0080,B,M3,True,L,-1.447623824467694,100,0.0,100,0,-1.447623824467694,
M2,81,nominal,M2_nominal_0081,B,M1,True,R,-2.0125645062381414,100,0.81,19,81,-1.2593870114176655,-2.1892357704552903
M2,81,nominal,M2_nominal_0081,B,M1,True,L,-0.907675960559998,100,0.0,100,0,-0.907675960559998,
M2,81,nominal,M2_nominal_0081,B,M2,True,R,-267.4500057808264,100,0.84,16,84,-1.4134705710728683,-318.1236315350652
M2,81,nominal,M2_nominal_0081,B,M2,True,L,-0.9101533764258464,100,0.0,100,0,-0.9101533764258464,
M2,81,nominal,M2_nominal_0081,B,M3,True,R,-1.2817977064626584,100,0.72,28,72,-1.1681611852750424,-1.3259896869245094
M2,81,nominal,M2_nominal_0081,B,M3,True,L,-0.907792904831778,100,0.0,100,0,-0.907792904831778,
M2,82,nominal,M2_nominal_0082,B,M1,True,R,-1.5087538888402485,100,0.04,96,4,-1.4763167545016918,-2.2872451129656115
M2,82,nominal,M2_nominal_0082,B,M1,True,L,-1.4699485333850086,100,0.0,100,0,-1.4699485333850086,
M2,82,nominal,M2_nominal_0082,B,M2,True,R,-1.7768944068328987,100,0.04,96,4,-1.5108935816670972,-8.16091421081213
M2,82,nominal,M2_nominal_0082,B,M2,True,L,-1.460485340932008,100,0.0,100,0,-1.460485340932008,
M2,82,nominal,M2_nominal_0082,B,M3,True,R,-1.449939517143771,100,0.03,97,3,-1.4577294602934108,-1.1980646886387392
M2,82,nominal,M2_nominal_0082,B,M3,True,L,-1.465353883276002,100,0.02,98,2,-1.4595267464913348,-1.7508835857246885
M2,83,nominal,M2_nominal_0083,B,M1,True,R,-1.2486712869310053,100,0.0,100,0,-1.2486712869310053,
M2,83,nominal,M2_nominal_0083,B,M1,True,L,-1.449442423924003,100,0.01,99,1,-1.45172130865443,-1.2238328356117205
M2,83,nominal,M2_nominal_0083,B,M2,True,R,-1.2489845396137746,100,0.0,100,0,-1.2489845396137746,
M2,83,nominal,M2_nominal_0083,B,M2,True,L,-1.4473552132061895,100,0.03,97,3,-1.4563642358131939,-1.1560634822463631
M2,83,nominal,M2_nominal_0083,B,M3,True,R,-1.2482953436464772,100,0.0,100,0,-1.2482953436464772,
M2,83,nominal,M2_nominal_0083,B,M3,True,L,-1.4496231887820863,100,0.0,100,0,-1.4496231887820863,
M2,84,nominal,M2_nominal_0084,B,M1,True,R,-0.9878773407824777,100,0.01,99,1,-0.9822104397829521,-1.5489005397355116
M2,84,nominal,M2_nominal_0084,B,M1,True,L,-1.3069083094386356,100,0.01,99,1,-1.312066600754817,-0.7962374691366387
M2,84,nominal,M2_nominal_0084,B,M2,True,R,-0.9920411495583423,100,0.0,100,0,-0.9920411495583423,
M2,84,nominal,M2_nominal_0084,B,M2,True,L,-1.306441345864805,100,0.0,100,0,-1.306441345864805,
M2,84,nominal,M2_nominal_0084,B,M3,True,R,-0.9857478837191138,100,0.0,100,0,-0.9857478837191138,
M2,84,nominal,M2_nominal_0084,B,M3,True,L,-1.308284184863272,100,0.0,100,0,-1.308284184863272,
M2,85,nominal,M2_nominal_0085,B,M1,True,R,-1.5436889429126852,100,0.01,99,1,-1.5268288358563566,-3.2128395414892443
M2,85,nominal,M2_nominal_0085,B,M1,True,L,-2.1740957073040157,100,0.0,100,0,-2.1740957073040157,
M2,85,nominal,M2_nominal_0085,B,M2,True,R,-1.544355579092503,100,0.02,98,2,-1.5198718051226914,-2.7440605036132704
M2,85,nominal,M2_nominal_0085,B,M2,True,L,-2.1773040034536977,100,0.01,99,1,-2.1798642429851136,-1.9238402898435472
M2,85,nominal,M2_nominal_0085,B,M3,True,R,-1.5447832131235624,100,0.0,100,0,-1.5447832131235624,
M2,85,nominal,M2_nominal_0085,B,M3,True,L,-2.174405198446726,100,0.0,100,0,-2.174405198446726,
M2,86,nominal,M2_nominal_0086,B,M1,True,R,-0.992802271901218,100,0.02,98,2,-1.0037126235331209,-0.45819504193796323
M2,86,nominal,M2_nominal_0086,B,M1,True,L,-0.9283381847891141,100,0.0,100,0,-0.9283381847891141,
M2,86,nominal,M2_nominal_0086,B,M2,True,R,-0.9874926085509016,100,0.0,100,0,-0.9874926085509016,
M2,86,nominal,M2_nominal_0086,B,M2,True,L,-0.9217039112972901,100,0.0,100,0,-0.9217039112972901,
M2,86,nominal,M2_nominal_0086,B,M3,True,R,-0.995361242706124,100,0.0,100,0,-0.995361242706124,
M2,86,nominal,M2_nominal_0086,B,M3,True,L,-0.9292577044745811,100,0.02,98,2,-0.927131641122386,-1.0334348087321399
M2,87,nominal,M2_nominal_0087,B,M1,True,R,-2.1133056077547514,100,0.04,96,4,-2.0973399062696445,-2.4964824433973236
M2,87,nominal,M2_nominal_0087,B,M1,True,L,-2.6113231351759807,100,0.0,100,0,-2.6113231351759807,
M2,87,nominal,M2_nominal_0087,B,M2,True,R,-2.1933070253298563,100,0.04,96,4,-2.1089176107997836,-4.218652974051598
M2,87,nominal,M2_nominal_0087,B,M2,True,L,-2.5985995589922157,100,0.0,100,0,-2.5985995589922157,
M2,87,nominal,M2_nominal_0087,B,M3,True,R,-2.096867296616562,100,0.02,98,2,-2.0976403281158027,-2.058988753153778
M2,87,nominal,M2_nominal_0087,B,M3,True,L,-2.6052906126789104,100,0.01,99,1,-2.608274998494487,-2.309836416936856
M2,88,nominal,M2_nominal_0088,B,M1,True,R,-1.488290644361184,100,0.0,100,0,-1.488290644361184,
M2,88,nominal,M2_nominal_0088,B,M1,True,L,-1.6905723560687815,100,0.02,98,2,-1.6826184385165988,-2.08031431612574
M2,88,nominal,M2_nominal_0088,B,M2,True,R,-1.4877073731852162,100,0.0,100,0,-1.4877073731852162,
M2,88,nominal,M2_nominal_0088,B,M2,True,L,-1.6870699186941065,100,0.0,100,0,-1.6870699186941065,
M2,88,nominal,M2_nominal_0088,B,M3,True,R,-1.4856992479907678,100,0.0,100,0,-1.4856992479907678,
M2,88,nominal,M2_nominal_0088,B,M3,True,L,-1.6929578987532876,100,0.0,100,0,-1.6929578987532876,
M2,89,nominal,M2_nominal_0089,B,M1,True,R,-1.2114039903437754,100,0.0,100,0,-1.2114039903437754,
M2,89,nominal,M2_nominal_0089,B,M1,True,L,-1.40650754066002,100,0.0,100,0,-1.40650754066002,
M2,89,nominal,M2_nominal_0089,B,M2,True,R,-1.2112459354634306,100,0.0,100,0,-1.2112459354634306,
M2,89,nominal,M2_nominal_0089,B,M2,True,L,-1.407482086286837,100,0.0,100,0,-1.407482086286837,
M2,89,nominal,M2_nominal_0089,B,M3,True,R,-1.2104129937730261,100,0.0,100,0,-1.2104129937730261,
M2,89,nominal,M2_nominal_0089,B,M3,True,L,-1.4072615813717866,100,0.0,100,0,-1.4072615813717866,
M2,90,nominal,M2_nominal_0090,B,M1,True,R,-1.3188832300299986,100,0.0,100,0,-1.3188832300299986,
M2,90,nominal,M2_nominal_0090,B,M1,True,L,-8.326157657373088,100,0.36,64,36,-1.338052578001101,-20.749455576256622
M2,90,nominal,M2_nominal_0090,B,M2,True,R,-1.3068568001483678,100,0.0,100,0,-1.3068568001483678,
M2,90,nominal,M2_nominal_0090,B,M2,True,L,-43.05143384338621,100,0.4,60,40,-1.3441504767078765,-105.6123588934037
M2,90,nominal,M2_nominal_0090,B,M3,True,R,-1.3075026654880628,100,0.01,99,1,-1.2945883048571831,-2.586024367945159
M2,90,nominal,M2_nominal_0090,B,M3,True,L,-12.729236713393261,100,0.19,81,19,-4.909113381395235,-46.06765723401643
M2,91,nominal,M2_nominal_0091,B,M1,True,R,-1.4420335685945467,100,0.0,100,0,-1.4420335685945467,
M2,91,nominal,M2_nominal_0091,B,M1,True,L,-1.8010523123140016,100,0.06,94,6,-1.8080777290010333,-1.690987450883837
M2,91,nominal,M2_nominal_0091,B,M2,True,R,-1.440941398111478,100,0.01,99,1,-1.4453603736090228,-1.0034628238545245
M2,91,nominal,M2_nominal_0091,B,M2,True,L,-1.8014815106194857,100,0.02,98,2,-1.8129005586770015,-1.2419481558012233
M2,91,nominal,M2_nominal_0091,B,M3,True,R,-1.43964503801644,100,0.0,100,0,-1.43964503801644,
M2,91,nominal,M2_nominal_0091,B,M3,True,L,-1.8020590875221814,100,0.0,100,0,-1.8020590875221814,
M2,92,nominal,M2_nominal_0092,B,M1,True,R,-0.9754880998848801,100,0.0,100,0,-0.9754880998848801,
M2,92,nominal,M2_nominal_0092,B,M1,True,L,-1.4316269695967987,100,0.02,98,2,-1.4285761167319408,-1.5811187599748344
M2,92,nominal,M2_nominal_0092,B,M2,True,R,-0.9692494227131604,100,0.0,100,0,-0.9692494227131604,
M2,92,nominal,M2_nominal_0092,B,M2,True,L,-1.4191057672228116,100,0.0,100,0,-1.4191057672228116,
M2,92,nominal,M2_nominal_0092,B,M3,True,R,-0.9779726818989094,100,0.0,100,0,-0.9779726818989094,
M2,92,nominal,M2_nominal_0092,B,M3,True,L,-1.432319462660683,100,0.0,100,0,-1.432319462660683,
M2,93,nominal,M2_nominal_0093,B,M1,True,R,-5.979988386199291,100,0.3,70,30,-0.5469085893174714,-18.657174578923527
M2,93,nominal,M2_nominal_0093,B,M1,True,L,-1.1076967611026267,100,0.01,99,1,-1.0621832056692277,-5.613538749009126
M2,93,nominal,M2_nominal_0093,B,M2,True,R,0.38595310663099874,100,0.29,71,29,-0.5133407357703798,2.5876725138895456
M2,93,nominal,M2_nominal_0093,B,M2,True,L,-1.0895055407906227,100,0.01,99,1,-1.0400311618672864,-5.987469054200901
M2,93,nominal,M2_nominal_0093,B,M3,True,R,-8.938577438365526,100,0.23,77,23,-1.0587357107570916,-35.31891713514159
M2,93,nominal,M2_nominal_0093,B,M3,True,L,-1.0838084479251828,100,0.0,100,0,-1.0838084479251828,
M2,94,nominal,M2_nominal_0094,B,M1,True,R,-1.7581560656478978,100,0.01,99,1,-1.7541758264050802,-2.1521997506868638
M2,94,nominal,M2_nominal_0094,B,M1,True,L,-1.9218977446038474,100,0.0,100,0,-1.9218977446038474,
M2,94,nominal,M2_nominal_0094,B,M2,True,R,-1.7565194446733166,100,0.0,100,0,-1.7565194446733166,
M2,94,nominal,M2_nominal_0094,B,M2,True,L,-1.9223094030763037,100,0.0,100,0,-1.9223094030763037,
M2,94,nominal,M2_nominal_0094,B,M3,True,R,-1.7577315063373478,100,0.0,100,0,-1.7577315063373478,
M2,94,nominal,M2_nominal_0094,B,M3,True,L,-1.920230080902742,100,0.0,100,0,-1.920230080902742,
M2,95,nominal,M2_nominal_0095,B,M1,True,R,-0.856661582899508,100,0.01,99,1,-0.8592924785673689,-0.5962029117812646
M2,95,nominal,M2_nominal_0095,B,M1,True,L,-1.020948075576477,100,0.0,100,0,-1.020948075576477,
M2,95,nominal,M2_nominal_0095,B,M2,True,R,-0.8517837188101889,100,0.0,100,0,-0.8517837188101889,
M2,95,nominal,M2_nominal_0095,B,M2,True,L,-1.0157392261053195,100,0.0,100,0,-1.0157392261053195,
M2,95,nominal,M2_nominal_0095,B,M3,True,R,-0.8576454905529658,100,0.02,98,2,-0.844177524077888,-1.5175758478317838
M2,95,nominal,M2_nominal_0095,B,M3,True,L,-1.02568402388097,100,0.01,99,1,-1.0297247867315693,-0.625648501671632
M2,96,nominal,M2_nominal_0096,B,M1,True,R,-1.2808748590511145,100,0.0,100,0,-1.2808748590511145,
M2,96,nominal,M2_nominal_0096,B,M1,True,L,-1.7837441592220629,100,0.21,79,21,-1.282568848732599,-3.6691179463014754
M2,96,nominal,M2_nominal_0096,B,M2,True,R,-1.2838327219529544,100,0.0,100,0,-1.2838327219529544,
M2,96,nominal,M2_nominal_0096,B,M2,True,L,-0.9901742702060568,100,0.21,79,21,-1.2806155068945244,0.10243800114579812
M2,96,nominal,M2_nominal_0096,B,M3,True,R,-1.2903335206379147,100,0.0,100,0,-1.2903335206379147,
M2,96,nominal,M2_nominal_0096,B,M3,True,L,-2.159926299796697,100,0.02,98,2,-2.177901981272749,-1.2791179074701384
M2,97,nominal,M2_nominal_0097,B,M1,True,R,-1.1553018984038748,100,0.05,95,5,-1.159069408215953,-1.0837192119743886
M2,97,nominal,M2_nominal_0097,B,M1,True,L,-1.593476655415897,100,0.01,99,1,-1.5808912626589147,-2.8394305383571607
M2,97,nominal,M2_nominal_0097,B,M2,True,R,-1.1590292569084024,100,0.05,95,5,-1.1619546713856181,-1.1034463818413045
M2,97,nominal,M2_nominal_0097,B,M2,True,L,-1.5977050859198088,100,0.0,100,0,-1.5977050859198088,
M2,97,nominal,M2_nominal_0097,B,M3,True,R,-1.1603977724255141,100,0.0,100,0,-1.1603977724255141,
M2,97,nominal,M2_nominal_0097,B,M3,True,L,-1.5934416270909517,100,0.0,100,0,-1.5934416270909517,
M2,98,nominal,M2_nominal_0098,B,M1,True,R,-1.2852193259232192,100,0.0,100,0,-1.2852193259232192,
M2,98,nominal,M2_nominal_0098,B,M1,True,L,-1.4125518409998767,100,0.01,99,1,-1.4102594526266485,-1.6394982899494557
M2,98,nominal,M2_nominal_0098,B,M2,True,R,-1.29213962843004,100,0.01,99,1,-1.2969494658691916,-0.8159657219540021
M2,98,nominal,M2_nominal_0098,B,M2,True,L,-1.4189249952559149,100,0.02,98,2,-1.4240589660766765,-1.1673604250385747
M2,98,nominal,M2_nominal_0098,B,M3,True,R,-1.2817225176424878,100,0.01,99,1,-1.273740247136469,-2.071967297738349
M2,98,nominal,M2_nominal_0098,B,M3,True,L,-1.4175137187601983,100,0.0,100,0,-1.4175137187601983,
M2,99,nominal,M2_nominal_0099,B,M1,True,R,-1.5380861071083514,100,0.1,90,10,-1.575785904328522,-1.198787932126813
M2,99,nominal,M2_nominal_0099,B,M1,True,L,-1.8883586456295307,100,0.0,100,0,-1.8883586456295307,
M2,99,nominal,M2_nominal_0099,B,M2,True,R,-1.535823359836915,100,0.0,100,0,-1.535823359836915,
M2,99,nominal,M2_nominal_0099,B,M2,True,L,-1.8885623476233786,100,0.0,100,0,-1.8885623476233786,
M2,99,nominal,M2_nominal_0099,B,M3,True,R,-1.544273088154725,100,0.0,100,0,-1.544273088154725,
M2,99,nominal,M2_nominal_0099,B,M3,True,L,-1.884758109489413,100,0.0,100,0,-1.884758109489413,
M2,100,nominal,M2_nominal_0100,B,M1,True,R,-0.5723146882047463,100,0.0,100,0,-0.5723146882047463,
M2,100,nominal,M2_nominal_0100,B,M1,True,L,-0.7645755071561952,100,0.0,100,0,-0.7645755071561952,
M2,100,nominal,M2_nominal_0100,B,M2,True,R,-0.5719453254399959,100,0.0,100,0,-0.5719453254399959,
M2,100,nominal,M2_nominal_0100,B,M2,True,L,-0.764586460725111,100,0.0,100,0,-0.764586460725111,
M2,100,nominal,M2_nominal_0100,B,M3,True,R,-0.5710451584499975,100,0.0,100,0,-0.5710451584499975,
M2,100,nominal,M2_nominal_0100,B,M3,True,L,-0.7647955583099411,100,0.03,97,3,-0.765263975805573,-0.7496500592845124
M2,101,nominal,M2_nominal_0101,B,M1,True,R,-1.2991955227754761,100,0.0,100,0,-1.2991955227754761,
M2,101,nominal,M2_nominal_0101,B,M1,True,L,-16.929883370622175,100,0.22,78,22,-1.1666146599550906,-72.81783607207821
M2,101,nominal,M2_nominal_0101,B,M2,True,R,-1.2887278018142658,100,0.01,99,1,-1.2787764102336163,-2.273915568298582
M2,101,nominal,M2_nominal_0101,B,M2,True,L,-23.600639847117858,100,0.22,78,22,-1.1730594263252359,-103.11660679356443
M2,101,nominal,M2_nominal_0101,B,M3,True,R,-1.2806943912684678,100,0.0,100,0,-1.2806943912684678,
M2,101,nominal,M2_nominal_0101,B,M3,True,L,-24.87326169341112,100,0.16,84,16,-1.370145408460355,-148.26462218940262
M2,102,nominal,M2_nominal_0102,B,M1,True,R,-0.857648758134668,100,0.0,100,0,-0.857648758134668,
M2,102,nominal,M2_nominal_0102,B,M1,True,L,-0.8478707673323268,100,0.0,100,0,-0.8478707673323268,
M2,102,nominal,M2_nominal_0102,B,M2,True,R,-0.8527334113328721,100,0.0,100,0,-0.8527334113328721,
M2,102,nominal,M2_nominal_0102,B,M2,True,L,-0.8379707615530048,100,0.0,100,0,-0.8379707615530048,
M2,102,nominal,M2_nominal_0102,B,M3,True,R,-0.8551828614339994,100,0.01,99,1,-0.8563659607794288,-0.738056026236508
M2,102,nominal,M2_nominal_0102,B,M3,True,L,-0.847008690763153,100,0.0,100,0,-0.847008690763153,
M2,103,nominal,M2_nominal_0103,B,M1,True,R,-1.2431545098585142,100,0.0,100,0,-1.2431545098585142,
M2,103,nominal,M2_nominal_0103,B,M1,True,L,-1.4442445267187125,100,0.0,100,0,-1.4442445267187125,
M2,103,nominal,M2_nominal_0103,B,M2,True,R,-1.23968002914857,100,0.0,100,0,-1.23968002914857,
M2,103,nominal,M2_nominal_0103,B,M2,True,L,-1.4406430923776796,100,0.01,99,1,-1.4437103402938747,-1.13698554867438
M2,103,nominal,M2_nominal_0103,B,M3,True,R,-1.244535305712552,100,0.0,100,0,-1.244535305712552,
M2,103,nominal,M2_nominal_0103,B,M3,True,L,-1.4433549861229438,100,0.0,100,0,-1.4433549861229438,
M2,104,nominal,M2_nominal_0104,B,M1,True,R,-1.0199678629277633,100,0.0,100,0,-1.0199678629277633,
M2,104,nominal,M2_nominal_0104,B,M1,True,L,-1.0398235783071077,100,0.0,100,0,-1.0398235783071077,
M2,104,nominal,M2_nominal_0104,B,M2,True,R,-1.0209232325656865,100,0.0,100,0,-1.0209232325656865,
M2,104,nominal,M2_nominal_0104,B,M2,True,L,-1.0401310468294651,100,0.0,100,0,-1.0401310468294651,
M2,104,nominal,M2_nominal_0104,B,M3,True,R,-1.0241001366868425,100,0.0,100,0,-1.0241001366868425,
M2,104,nominal,M2_nominal_0104,B,M3,True,L,-1.044529087806271,100,0.01,99,1,-1.0478399769166122,-0.7167510658824807
M2,105,nominal,M2_nominal_0105,B,M1,True,R,-1.1014726735230869,100,0.0,100,0,-1.1014726735230869,
M2,105,nominal,M2_nominal_0105,B,M1,True,L,-0.8262930246682978,100,0.0,100,0,-0.8262930246682978,
M2,105,nominal,M2_nominal_0105,B,M2,True,R,-1.097676176308143,100,0.0,100,0,-1.097676176308143,
M2,105,nominal,M2_nominal_0105,B,M2,True,L,-0.8218362943869542,100,0.01,99,1,-0.8225914954582012,-0.7470713883335104
M2,105,nominal,M2_nominal_0105,B,M3,True,R,-1.1031293759776144,100,0.0,100,0,-1.1031293759776144,
M2,105,nominal,M2_nominal_0105,B,M3,True,L,-0.8317794861971909,100,0.0,100,0,-0.8317794861971909,
M2,106,nominal,M2_nominal_0106,B,M1,True,R,0.3229777376957939,100,0.0,100,0,0.3229777376957939,
M2,106,nominal,M2_nominal_0106,B,M1,True,L,0.3559396166460103,100,0.02,98,2,0.3487723885965278,0.7071337910706522
M2,106,nominal,M2_nominal_0106,B,M2,True,R,0.2935890083911027,100,0.0,100,0,0.2935890083911027,
M2,106,nominal,M2_nominal_0106,B,M2,True,L,0.3586059038742551,100,0.0,100,0,0.3586059038742551,
M2,106,nominal,M2_nominal_0106,B,M3,True,R,0.3213380669956995,100,0.0,100,0,0.3213380669956995,
M2,106,nominal,M2_nominal_0106,B,M3,True,L,0.35418147705023306,100,0.0,100,0,0.35418147705023306,
M2,107,nominal,M2_nominal_0107,B,M1,True,R,-18347.087964917744,100,0.57,43,57,-0.6331626699763551,-32187.39597363097
M2,107,nominal,M2_nominal_0107,B,M1,True,L,-0.9255993497122844,100,0.07,93,7,-0.9815601813079561,-0.18211972994122114
M2,107,nominal,M2_nominal_0107,B,M2,True,R,-88323909.00998202,100,0.59,41,59,-0.6748610359672863,-149701540.22591352
M2,107,nominal,M2_nominal_0107,B,M2,True,L,-2.420928462349637,100,0.12,88,12,-1.028432012818625,-12.632569092243722
M2,107,nominal,M2_nominal_0107,B,M3,True,R,-25621.99510597731,100,0.56,44,56,-0.6615992110066666,-45753.04286129371
M2,107,nominal,M2_nominal_0107,B,M3,True,L,-0.9596760995049739,100,0.0,100,0,-0.9596760995049739,
M2,108,nominal,M2_nominal_0108,B,M1,True,R,-1.124081616879844,100,0.05,95,5,-1.1117856115879425,-1.3577057174259708
M2,108,nominal,M2_nominal_0108,B,M1,True,L,-1.3770429412290988,100,0.0,100,0,-1.3770429412290988,
M2,108,nominal,M2_nominal_0108,B,M2,True,R,-1.124241629816065,100,0.05,95,5,-1.1109257541971123,-1.3772432665761591
M2,108,nominal,M2_nominal_0108,B,M2,True,L,-1.3747645632000711,100,0.0,100,0,-1.3747645632000711,
M2,108,nominal,M2_nominal_0108,B,M3,True,R,-1.1266865226084062,100,0.0,100,0,-1.1266865226084062,
M2,108,nominal,M2_nominal_0108,B,M3,True,L,-1.3812788258020297,100,0.0,100,0,-1.3812788258020297,
M2,109,nominal,M2_nominal_0109,B,M1,True,R,-1.329068448936557,100,0.01,99,1,-1.3281959962035437,-1.4154412695048495
M2,109,nominal,M2_nominal_0109,B,M1,True,L,-1.2199302682120794,100,0.0,100,0,-1.2199302682120794,
M2,109,nominal,M2_nominal_0109,B,M2,True,R,-1.3359313856190242,100,0.01,99,1,-1.3348029961608547,-1.4476419419778155
M2,109,nominal,M2_nominal_0109,B,M2,True,L,-1.2317400217124341,100,0.01,99,1,-1.2403752578628209,-0.3768516428241633
M2,109,nominal,M2_nominal_0109,B,M3,True,R,-1.3291481846084696,100,0.0,100,0,-1.3291481846084696,
M2,109,nominal,M2_nominal_0109,B,M3,True,L,-1.2159524951501997,100,0.0,100,0,-1.2159524951501997,
M2,110,nominal,M2_nominal_0110,B,M1,True,R,-1.006361350947697,100,0.0,100,0,-1.006361350947697,
M2,110,nominal,M2_nominal_0110,B,M1,True,L,-1.027948202378742,100,0.01,99,1,-1.0188237467780512,-1.9312693068471265
M2,110,nominal,M2_nominal_0110,B,M2,True,R,-1.000995234513962,100,0.0,100,0,-1.000995234513962,
M2,110,nominal,M2_nominal_0110,B,M2,True,L,-1.0233941522942909,100,0.0,100,0,-1.0233941522942909,
M2,110,nominal,M2_nominal_0110,B,M3,True,R,-1.007233575847193,100,0.0,100,0,-1.007233575847193,
M2,110,nominal,M2_nominal_0110,B,M3,True,L,-1.0273018030122,100,0.0,100,0,-1.0273018030122,
M2,111,nominal,M2_nominal_0111,B,M1,True,R,-1.4074553083322714,100,0.03,97,3,-1.40110273184918,-1.6128552812855617
M2,111,nominal,M2_nominal_0111,B,M1,True,L,-1.7870168859522138,100,0.01,99,1,-1.7877950594112382,-1.7099777135088168
M2,111,nominal,M2_nominal_0111,B,M2,True,R,-1.4023352696513869,100,0.11,89,11,-1.3598904287882019,-1.7457526184535177
M2,111,nominal,M2_nominal_0111,B,M2,True,L,-1.7866628394307456,100,0.0,100,0,-1.7866628394307456,
M2,111,nominal,M2_nominal_0111,B,M3,True,R,-1.4086465818257137,100,0.0,100,0,-1.4086465818257137,
M2,111,nominal,M2_nominal_0111,B,M3,True,L,-1.7812858585649645,100,0.0,100,0,-1.7812858585649645,
M2,112,nominal,M2_nominal_0112,B,M1,True,R,-1.1946907301519851,100,0.0,100,0,-1.1946907301519851,
M2,112,nominal,M2_nominal_0112,B,M1,True,L,-1.3801122449862269,100,0.0,100,0,-1.3801122449862269,
M2,112,nominal,M2_nominal_0112,B,M2,True,R,-1.1949935774612122,100,0.0,100,0,-1.1949935774612122,
M2,112,nominal,M2_nominal_0112,B,M2,True,L,-1.3775821730461606,100,0.0,100,0,-1.3775821730461606,
M2,112,nominal,M2_nominal_0112,B,M3,True,R,-1.1982308260547254,100,0.0,100,0,-1.1982308260547254,
M2,112,nominal,M2_nominal_0112,B,M3,True,L,-1.3822499363133829,100,0.0,100,0,-1.3822499363133829,
M2,113,nominal,M2_nominal_0113,B,M1,True,R,-1.565874389466176,100,0.0,100,0,-1.565874389466176,
M2,113,nominal,M2_nominal_0113,B,M1,True,L,-1.742264738929453,100,0.01,99,1,-1.7476311313441193,-1.2109918898775152
M2,113,nominal,M2_nominal_0113,B,M2,True,R,-1.5666171474272448,100,0.0,100,0,-1.5666171474272448,
M2,113,nominal,M2_nominal_0113,B,M2,True,L,-1.7373752097032715,100,0.0,100,0,-1.7373752097032715,
M2,113,nominal,M2_nominal_0113,B,M3,True,R,-1.568104781850503,100,0.0,100,0,-1.568104781850503,
M2,113,nominal,M2_nominal_0113,B,M3,True,L,-1.7434936952507873,100,0.0,100,0,-1.7434936952507873,
M2,114,nominal,M2_nominal_0114,B,M1,True,R,-1.4866110626412326,100,0.0,100,0,-1.4866110626412326,
M2,114,nominal,M2_nominal_0114,B,M1,True,L,-1.7435102240947211,100,0.0,100,0,-1.7435102240947211,
M2,114,nominal,M2_nominal_0114,B,M2,True,R,-1.487359261360253,100,0.0,100,0,-1.487359261360253,
M2,114,nominal,M2_nominal_0114,B,M2,True,L,-1.7466047760747083,100,0.0,100,0,-1.7466047760747083,
M2,114,nominal,M2_nominal_0114,B,M3,True,R,-1.4850824413118984,100,0.0,100,0,-1.4850824413118984,
M2,114,nominal,M2_nominal_0114,B,M3,True,L,-1.7414430202566884,100,0.0,100,0,-1.7414430202566884,
M2,115,nominal,M2_nominal_0115,B,M1,True,R,-1.6923302235869897,100,0.0,100,0,-1.6923302235869897,
M2,115,nominal,M2_nominal_0115,B,M1,True,L,-1.7097221188847869,100,0.02,98,2,-1.7183449067342784,-1.2872055142597163
M2,115,nominal,M2_nominal_0115,B,M2,True,R,-1.6979264150398532,100,0.0,100,0,-1.6979264150398532,
M2,115,nominal,M2_nominal_0115,B,M2,True,L,-1.7143522537099287,100,0.02,98,2,-1.7237749049763216,-1.2526423416566783
M2,115,nominal,M2_nominal_0115,B,M3,True,R,-1.6888804333676293,100,0.0,100,0,-1.6888804333676293,
M2,115,nominal,M2_nominal_0115,B,M3,True,L,-1.7066958959955456,100,0.0,100,0,-1.7066958959955456,
M2,116,nominal,M2_nominal_0116,B,M1,True,R,-1.3241803877449467,100,0.0,100,0,-1.3241803877449467,
M2,116,nominal,M2_nominal_0116,B,M1,True,L,-1.7088867220731156,100,0.14,86,14,-1.6799604904300056,-1.8865764307379338
M2,116,nominal,M2_nominal_0116,B,M2,True,R,-1.3244750917045578,100,0.0,100,0,-1.3244750917045578,
M2,116,nominal,M2_nominal_0116,B,M2,True,L,-1.7081727672695666,100,0.17,83,17,-1.6978991879261882,-1.758332007593119
M2,116,nominal,M2_nominal_0116,B,M3,True,R,-1.3198450540516584,100,0.01,99,1,-1.3246236580911521,-0.8467632541417585
M2,116,nominal,M2_nominal_0116,B,M3,True,L,-1.7176838490926203,100,0.02,98,2,-1.7322370385967258,-1.0045775633914547
M2,117,nominal,M2_nominal_0117,B,M1,True,R,-1.1625126484849262,100,0.01,99,1,-1.16512491858237,-0.9038979088379976
M2,117,nominal,M2_nominal_0117,B,M1,True,L,-1.5326163171771259,100,0.0,100,0,-1.5326163171771259,
M2,117,nominal,M2_nominal_0117,B,M2,True,R,-1.1565958952796178,100,0.0,100,0,-1.1565958952796178,
M2,117,nominal,M2_nominal_0117,B,M2,True,L,-1.5271478781464751,100,0.0,100,0,-1.5271478781464751,
M2,117,nominal,M2_nominal_0117,B,M3,True,R,-1.1524555069123403,100,0.0,100,0,-1.1524555069123403,
M2,117,nominal,M2_nominal_0117,B,M3,True,L,-1.5329609934273565,100,0.0,100,0,-1.5329609934273565,
M2,118,nominal,M2_nominal_0118,B,M1,True,R,-1.7146254729871435,100,0.0,100,0,-1.7146254729871435,
M2,118,nominal,M2_nominal_0118,B,M1,True,L,-1.8172837344288644,100,0.0,100,0,-1.8172837344288644,
M2,118,nominal,M2_nominal_0118,B,M2,True,R,-1.7169706922286667,100,0.0,100,0,-1.7169706922286667,
M2,118,nominal,M2_nominal_0118,B,M2,True,L,-1.819321398186045,100,0.15,85,15,-1.7881856727625862,-1.995757175585643
M2,118,nominal,M2_nominal_0118,B,M3,True,R,-1.7170343272612203,100,0.0,100,0,-1.7170343272612203,
M2,118,nominal,M2_nominal_0118,B,M3,True,L,-1.8133046281095657,100,0.0,100,0,-1.8133046281095657,
M2,119,nominal,M2_nominal_0119,B,M1,True,R,-1.0759599683337684,100,0.0,100,0,-1.0759599683337684,
M2,119,nominal,M2_nominal_0119,B,M1,True,L,-1.6393106418180685,100,0.0,100,0,-1.6393106418180685,
M2,119,nominal,M2_nominal_0119,B,M2,True,R,-1.0792362053307203,100,0.01,99,1,-1.0774511269759366,-1.2559589624543162
M2,119,nominal,M2_nominal_0119,B,M2,True,L,-1.6438051432267202,100,0.0,100,0,-1.6438051432267202,
M2,119,nominal,M2_nominal_0119,B,M3,True,R,-1.0758259238958097,100,0.0,100,0,-1.0758259238958097,
M2,119,nominal,M2_nominal_0119,B,M3,True,L,-1.6388923460274025,100,0.0,100,0,-1.6388923460274025,
M2,120,nominal,M2_nominal_0120,B,M1,True,R,-1.9335533577237785,100,0.0,100,0,-1.9335533577237785,
M2,120,nominal,M2_nominal_0120,B,M1,True,L,-1.690177054737593,100,0.0,100,0,-1.690177054737593,
M2,120,nominal,M2_nominal_0120,B,M2,True,R,-1.9295263463244305,100,0.0,100,0,-1.9295263463244305,
M2,120,nominal,M2_nominal_0120,B,M2,True,L,-1.686224867173543,100,0.03,97,3,-1.6940025707054425,-1.4347457863087894
M2,120,nominal,M2_nominal_0120,B,M3,True,R,-1.9273759752519177,100,0.03,97,3,-1.9363589646317048,-1.63692598530546
M2,120,nominal,M2_nominal_0120,B,M3,True,L,-1.6912299416744991,100,0.0,100,0,-1.6912299416744991,
M2,121,nominal,M2_nominal_0121,B,M1,True,R,-1.598489729534673,100,0.0,100,0,-1.598489729534673,
M2,121,nominal,M2_nominal_0121,B,M1,True,L,-2.022152169547922,100,0.06,94,6,-2.034185919158374,-1.8336234256508341
M2,121,nominal,M2_nominal_0121,B,M2,True,R,-1.5952226387129838,100,0.0,100,0,-1.5952226387129838,
M2,121,nominal,M2_nominal_0121,B,M2,True,L,-2.0187244947403817,100,0.17,83,17,-2.0380210903396097,-1.924511704461798
M2,121,nominal,M2_nominal_0121,B,M3,True,R,-1.5953819978509713,100,0.0,100,0,-1.5953819978509713,
M2,121,nominal,M2_nominal_0121,B,M3,True,L,-2.0272216290039524,100,0.0,100,0,-2.0272216290039524,
M2,122,nominal,M2_nominal_0122,B,M1,True,R,-0.5833831093351506,100,0.01,99,1,-0.5827437403683445,-0.6466806370489591
M2,122,nominal,M2_nominal_0122,B,M1,True,L,-1.5192099071732001,100,0.0,100,0,-1.5192099071732001,
M2,122,nominal,M2_nominal_0122,B,M2,True,R,-0.5814235560633753,100,0.01,99,1,-0.5810936072825261,-0.6140884853674324
M2,122,nominal,M2_nominal_0122,B,M2,True,L,-1.5184892598101118,100,0.0,100,0,-1.5184892598101118,
M2,122,nominal,M2_nominal_0122,B,M3,True,R,-0.5815526709017128,100,0.0,100,0,-0.5815526709017128,
M2,122,nominal,M2_nominal_0122,B,M3,True,L,-1.5212677744991052,100,0.0,100,0,-1.5212677744991052,
M2,123,nominal,M2_nominal_0123,B,M1,True,R,-1.2941411603821822,100,0.01,99,1,-1.2890533336894683,-1.7978360029608413
M2,123,nominal,M2_nominal_0123,B,M1,True,L,-1.4049234408379991,100,0.0,100,0,-1.4049234408379991,
M2,123,nominal,M2_nominal_0123,B,M2,True,R,-1.2945918873119004,100,0.0,100,0,-1.2945918873119004,
M2,123,nominal,M2_nominal_0123,B,M2,True,L,-1.4086685082799317,100,0.0,100,0,-1.4086685082799317,
M2,123,nominal,M2_nominal_0123,B,M3,True,R,-1.294947679064145,100,0.0,100,0,-1.294947679064145,
M2,123,nominal,M2_nominal_0123,B,M3,True,L,-1.4059941773478744,100,0.0,100,0,-1.4059941773478744,
M2,124,nominal,M2_nominal_0124,B,M1,True,R,-1.4991279796337937,100,0.06,94,6,-1.5169646267554249,-1.219687174728242
M2,124,nominal,M2_nominal_0124,B,M1,True,L,-1.5371538467034376,100,0.01,99,1,-1.5395167364060673,-1.3032277661431206
M2,124,nominal,M2_nominal_0124,B,M2,True,R,-1.5130082245778869,100,0.02,98,2,-1.510457868446765,-1.6379756750028474
M2,124,nominal,M2_nominal_0124,B,M2,True,L,-1.53373712408624,100,0.02,98,2,-1.5412988537425283,-1.1632123709281055
M2,124,nominal,M2_nominal_0124,B,M3,True,R,-1.4998832065924892,100,0.01,99,1,-1.5065373935188942,-0.8411187008784015
M2,124,nominal,M2_nominal_0124,B,M3,True,L,-1.5412672647270673,100,0.0,100,0,-1.5412672647270673,
M2,125,nominal,M2_nominal_0125,B,M1,True,R,-1.3329476191333436,100,0.0,100,0,-1.3329476191333436,
M2,125,nominal,M2_nominal_0125,B,M1,True,L,-1.7425169377759013,100,0.0,100,0,-1.7425169377759013,
M2,125,nominal,M2_nominal_0125,B,M2,True,R,-1.3285654116564003,100,0.0,100,0,-1.3285654116564003,
M2,125,nominal,M2_nominal_0125,B,M2,True,L,-1.7492163613431106,100,0.0,100,0,-1.7492163613431106,
M2,125,nominal,M2_nominal_0125,B,M3,True,R,-1.3263086930626968,100,0.0,100,0,-1.3263086930626968,
M2,125,nominal,M2_nominal_0125,B,M3,True,L,-1.754413849392896,100,0.0,100,0,-1.754413849392896,
M2,126,nominal,M2_nominal_0126,B,M1,True,R,-1.4894010888039844,100,0.02,98,2,-1.4914911200405865,-1.3869895582104999
M2,126,nominal,M2_nominal_0126,B,M1,True,L,-1.80920057914446,100,0.01,99,1,-1.7995196824262754,-2.7676093542447626
M2,126,nominal,M2_nominal_0126,B,M2,True,R,-1.4894412452712555,100,0.0,100,0,-1.4894412452712555,
M2,126,nominal,M2_nominal_0126,B,M2,True,L,-1.8100837503393443,100,0.02,98,2,-1.8022448942140339,-2.1941877004795716
M2,126,nominal,M2_nominal_0126,B,M3,True,R,-1.490623274454874,100,0.01,99,1,-1.4951675103492235,-1.0407439209143057
M2,126,nominal,M2_nominal_0126,B,M3,True,L,-1.8061895787128048,100,0.0,100,0,-1.8061895787128048,
M2,127,nominal,M2_nominal_0127,B,M1,True,R,-5.210308700730593,100,0.65,35,65,-0.9769120588870497,-7.4898299694155765
M2,127,nominal,M2_nominal_0127,B,M1,True,L,-0.7818718615674172,100,0.0,100,0,-0.7818718615674172,
M2,127,nominal,M2_nominal_0127,B,M2,True,R,-24466.393909462477,100,0.72,28,72,-0.9764241333414023,-33980.7229315349
M2,127,nominal,M2_nominal_0127,B,M2,True,L,-0.7795575780268106,100,0.0,100,0,-0.7795575780268106,
M2,127,nominal,M2_nominal_0127,B,M3,True,R,-15.099239437688354,100,0.6,40,60,-0.9245479792699399,-24.54903374330063
M2,127,nominal,M2_nominal_0127,B,M3,True,L,-0.7793888729017321,100,0.0,100,0,-0.7793888729017321,
M2,128,nominal,M2_nominal_0128,B,M1,True,R,-1.351932573945762,100,0.0,100,0,-1.351932573945762,
M2,128,nominal,M2_nominal_0128,B,M1,True,L,-1.560818811233792,100,0.02,98,2,-1.54883379847463,-2.1480844364326983
M2,128,nominal,M2_nominal_0128,B,M2,True,R,-1.3539386960608188,100,0.0,100,0,-1.3539386960608188,
M2,128,nominal,M2_nominal_0128,B,M2,True,L,-1.5654515850211406,100,0.02,98,2,-1.5523715619757372,-2.206372714245908
M2,128,nominal,M2_nominal_0128,B,M3,True,R,-1.3540419833236619,100,0.0,100,0,-1.3540419833236619,
M2,128,nominal,M2_nominal_0128,B,M3,True,L,-1.5640840581255189,100,0.0,100,0,-1.5640840581255189,
M2,129,nominal,M2_nominal_0129,B,M1,True,R,-11.925128364007557,100,0.58,42,58,-1.3028319527464634,-19.617136110093178
M2,129,nominal,M2_nominal_0129,B,M1,True,L,-1.5201910888641073,100,0.01,99,1,-1.5248325638895872,-1.060685061341606
M2,129,nominal,M2_nominal_0129,B,M2,True,R,-324629.9714062577,100,0.6,40,60,-1.437770590690699,-541048.9938300357
M2,129,nominal,M2_nominal_0129,B,M2,True,L,-1.5370231203651121,100,0.01,99,1,-1.5421242217084332,-1.0320140873763388
M2,129,nominal,M2_nominal_0129,B,M3,True,R,-39.08091927764991,100,0.55,45,55,-1.2725996735839544,-70.01499895370387
M2,129,nominal,M2_nominal_0129,B,M3,True,L,-1.5337574076536453,100,0.0,100,0,-1.5337574076536453,
M2,130,nominal,M2_nominal_0130,B,M1,True,R,-1.432341933762228,100,0.66,34,66,-0.7900269990793111,-1.763231445568579
M2,130,nominal,M2_nominal_0130,B,M1,True,L,-0.7189992809085918,100,0.0,100,0,-0.7189992809085918,
M2,130,nominal,M2_nominal_0130,B,M2,True,R,-121.44017021573237,100,0.73,27,73,-0.8557709802415242,-166.03987952200976
M2,130,nominal,M2_nominal_0130,B,M2,True,L,-0.71652397483669,100,0.0,100,0,-0.71652397483669,
M2,130,nominal,M2_nominal_0130,B,M3,True,R,-1.0462759702810527,100,0.56,44,56,-0.6536055344422982,-1.354802741297217
M2,130,nominal,M2_nominal_0130,B,M3,True,L,-0.7214216041578267,100,0.0,100,0,-0.7214216041578267,
M2,131,nominal,M2_nominal_0131,B,M1,True,R,-1.3772327031425908,100,0.0,100,0,-1.3772327031425908,
M2,131,nominal,M2_nominal_0131,B,M1,True,L,-1.4128979009037927,100,0.0,100,0,-1.4128979009037927,
M2,131,nominal,M2_nominal_0131,B,M2,True,R,-1.3827425781118234,100,0.0,100,0,-1.3827425781118234,
M2,131,nominal,M2_nominal_0131,B,M2,True,L,-1.4042109792970325,100,0.0,100,0,-1.4042109792970325,
M2,131,nominal,M2_nominal_0131,B,M3,True,R,-1.3699139726070118,100,0.03,97,3,-1.3824196323455895,-0.9655643077263222
M2,131,nominal,M2_nominal_0131,B,M3,True,L,-1.413747616152354,100,0.02,98,2,-1.4185332883889863,-1.179249676557367
M2,132,nominal,M2_nominal_0132,B,M1,True,R,-1.316456477388112,100,0.0,100,0,-1.316456477388112,
M2,132,nominal,M2_nominal_0132,B,M1,True,L,-1.5072238142100647,100,0.0,100,0,-1.5072238142100647,
M2,132,nominal,M2_nominal_0132,B,M2,True,R,-1.3154048523623896,100,0.0,100,0,-1.3154048523623896,
M2,132,nominal,M2_nominal_0132,B,M2,True,L,-1.5075785744912742,100,0.04,96,4,-1.51979925571743,-1.2142822250635394
M2,132,nominal,M2_nominal_0132,B,M3,True,R,-1.3166116924088742,100,0.0,100,0,-1.3166116924088742,
M2,132,nominal,M2_nominal_0132,B,M3,True,L,-1.5071617129529558,100,0.0,100,0,-1.5071617129529558,
M2,133,nominal,M2_nominal_0133,B,M1,True,R,-0.9035077745693261,100,0.0,100,0,-0.9035077745693261,
M2,133,nominal,M2_nominal_0133,B,M1,True,L,-1.2761327838817549,100,0.0,100,0,-1.2761327838817549,
M2,133,nominal,M2_nominal_0133,B,M2,True,R,-0.9088377451527054,100,0.0,100,0,-0.9088377451527054,
M2,133,nominal,M2_nominal_0133,B,M2,True,L,-1.2741563791169002,100,0.0,100,0,-1.2741563791169002,
M2,133,nominal,M2_nominal_0133,B,M3,True,R,-0.9013373366208001,100,0.0,100,0,-0.9013373366208001,
M2,133,nominal,M2_nominal_0133,B,M3,True,L,-1.2752237410536762,100,0.0,100,0,-1.2752237410536762,
M2,134,nominal,M2_nominal_0134,B,M1,True,R,-1.5651256994690326,100,0.0,100,0,-1.5651256994690326,
M2,134,nominal,M2_nominal_0134,B,M1,True,L,-2.2036146614276255,100,0.0,100,0,-2.2036146614276255,
M2,134,nominal,M2_nominal_0134,B,M2,True,R,-1.5648360051756207,100,0.0,100,0,-1.5648360051756207,
M2,134,nominal,M2_nominal_0134,B,M2,True,L,-2.2027278000802584,100,0.0,100,0,-2.2027278000802584,
M2,134,nominal,M2_nominal_0134,B,M3,True,R,-1.5648689803087443,100,0.0,100,0,-1.5648689803087443,
M2,134,nominal,M2_nominal_0134,B,M3,True,L,-2.203830588605816,100,0.0,100,0,-2.203830588605816,
M2,135,nominal,M2_nominal_0135,B,M1,True,R,-1.0015515263968233,100,0.02,98,2,-1.006937401658788,-0.7376436385605489
M2,135,nominal,M2_nominal_0135,B,M1,True,L,-1.1700629930061628,100,0.0,100,0,-1.1700629930061628,
M2,135,nominal,M2_nominal_0135,B,M2,True,R,-1.0041571748881302,100,0.01,99,1,-1.0105316548674217,-0.37308365693827744
M2,135,nominal,M2_nominal_0135,B,M2,True,L,-1.1564236845992444,100,0.0,100,0,-1.1564236845992444,
M2,135,nominal,M2_nominal_0135,B,M3,True,R,-1.0024701292840463,100,0.0,100,0,-1.0024701292840463,
M2,135,nominal,M2_nominal_0135,B,M3,True,L,-1.1589805556115877,100,0.02,98,2,-1.1710516360571932,-0.5674976137769157
M2,136,nominal,M2_nominal_0136,B,M1,True,R,-2.297808227868426,100,0.0,100,0,-2.297808227868426,
M2,136,nominal,M2_nominal_0136,B,M1,True,L,-2.5633671867702414,100,0.0,100,0,-2.5633671867702414,
M2,136,nominal,M2_nominal_0136,B,M2,True,R,-2.289272558706065,100,0.04,96,4,-2.3684266369896227,-0.3895746799006641
M2,136,nominal,M2_nominal_0136,B,M2,True,L,-2.558481644533013,100,0.05,95,5,-2.5701960352109454,-2.335908221652301
M2,136,nominal,M2_nominal_0136,B,M3,True,R,-2.306257269716776,100,0.0,100,0,-2.306257269716776,
M2,136,nominal,M2_nominal_0136,B,M3,True,L,-2.557102909796096,100,0.01,99,1,-2.5309904267361985,-5.14223873272596
M2,137,nominal,M2_nominal_0137,B,M1,True,R,-1.5289342193433557,100,0.02,98,2,-1.5280942437300884,-1.570093024393447
M2,137,nominal,M2_nominal_0137,B,M1,True,L,-1.8667036883583463,100,0.0,100,0,-1.8667036883583463,
M2,137,nominal,M2_nominal_0137,B,M2,True,R,-1.5138976103724033,100,0.01,99,1,-1.5099595048919006,-1.9037700529422046
M2,137,nominal,M2_nominal_0137,B,M2,True,L,-1.8753253766455296,100,0.0,100,0,-1.8753253766455296,
M2,137,nominal,M2_nominal_0137,B,M3,True,R,-1.529418771198315,100,0.0,100,0,-1.529418771198315,
M2,137,nominal,M2_nominal_0137,B,M3,True,L,-1.8634815205147326,100,0.0,100,0,-1.8634815205147326,
M2,138,nominal,M2_nominal_0138,B,M1,True,R,-1.2136962915655511,100,0.2,80,20,-1.2029802072462954,-1.256560628842573
M2,138,nominal,M2_nominal_0138,B,M1,True,L,-1.4631080785725097,100,0.0,100,0,-1.4631080785725097,
M2,138,nominal,M2_nominal_0138,B,M2,True,R,-1.2135104432515922,100,0.05,95,5,-1.2040967521443298,-1.392370574289577
M2,138,nominal,M2_nominal_0138,B,M2,True,L,-1.463417345086668,100,0.0,100,0,-1.463417345086668,
M2,138,nominal,M2_nominal_0138,B,M3,True,R,-1.2125379008877406,100,0.0,100,0,-1.2125379008877406,
M2,138,nominal,M2_nominal_0138,B,M3,True,L,-1.4713284616822946,100,0.0,100,0,-1.4713284616822946,
M2,139,nominal,M2_nominal_0139,B,M1,True,R,-1.2742346289953355,100,0.0,100,0,-1.2742346289953355,
M2,139,nominal,M2_nominal_0139,B,M1,True,L,-14.449600870781818,100,0.01,99,1,-14.581826663896681,-1.3592473524104682
M2,139,nominal,M2_nominal_0139,B,M2,True,R,-1.2311729167134322,100,0.0,100,0,-1.2311729167134322,
M2,139,nominal,M2_nominal_0139,B,M2,True,L,-11.047519996837522,100,0.0,100,0,-11.047519996837522,
M2,139,nominal,M2_nominal_0139,B,M3,True,R,-1.2457594824770644,100,0.0,100,0,-1.2457594824770644,
M2,139,nominal,M2_nominal_0139,B,M3,True,L,-15.682492623522325,100,0.02,98,2,-15.985734056910744,-0.8236623874897419
M2,140,nominal,M2_nominal_0140,B,M1,True,R,-1.6303447146682655,100,0.0,100,0,-1.6303447146682655,
M2,140,nominal,M2_nominal_0140,B,M1,True,L,-1.9119487078105084,100,0.0,100,0,-1.9119487078105084,
M2,140,nominal,M2_nominal_0140,B,M2,True,R,-1.6519232323567985,100,0.0,100,0,-1.6519232323567985,
M2,140,nominal,M2_nominal_0140,B,M2,True,L,-1.9058800101014335,100,0.0,100,0,-1.9058800101014335,
M2,140,nominal,M2_nominal_0140,B,M3,True,R,-1.6490690724446129,100,0.0,100,0,-1.6490690724446129,
M2,140,nominal,M2_nominal_0140,B,M3,True,L,-1.9000911226826143,100,0.0,100,0,-1.9000911226826143,
M2,141,nominal,M2_nominal_0141,B,M1,True,R,-1.0360033238283892,100,0.03,97,3,-1.0252320471614855,-1.3842746027249373
M2,141,nominal,M2_nominal_0141,B,M1,True,L,-1.0510370370844948,100,0.03,97,3,-1.0574490651000183,-0.8437147979158975
M2,141,nominal,M2_nominal_0141,B,M2,True,R,-1.0321829351772316,100,0.02,98,2,-1.0253385539219784,-1.3675576166846435
M2,141,nominal,M2_nominal_0141,B,M2,True,L,-1.0472745638097418,100,0.08,92,8,-0.9821702201038365,-1.7959745164276515
M2,141,nominal,M2_nominal_0141,B,M3,True,R,-1.033920858420531,100,0.0,100,0,-1.033920858420531,
M2,141,nominal,M2_nominal_0141,B,M3,True,L,-1.0481722729929537,100,0.0,100,0,-1.0481722729929537,
M2,142,nominal,M2_nominal_0142,B,M1,True,R,-6.033635052425891,100,0.57,43,57,-0.7717796611287596,-10.003104909018461
M2,142,nominal,M2_nominal_0142,B,M1,True,L,-0.8930619117330231,100,0.0,100,0,-0.8930619117330231,
M2,142,nominal,M2_nominal_0142,B,M2,True,R,-122.07087477839922,100,0.6,40,60,-0.7544147344488726,-202.9485148076994
M2,142,nominal,M2_nominal_0142,B,M2,True,L,-0.8991380388926038,100,0.0,100,0,-0.8991380388926038,
M2,142,nominal,M2_nominal_0142,B,M3,True,R,-10.132614988890312,100,0.52,48,52,-0.8001501189918102,-18.747197945719694
M2,142,nominal,M2_nominal_0142,B,M3,True,L,-0.8964553717737878,100,0.0,100,0,-0.8964553717737878,
M2,143,nominal,M2_nominal_0143,B,M1,True,R,-1.692063400071699,100,0.0,100,0,-1.692063400071699,
M2,143,nominal,M2_nominal_0143,B,M1,True,L,-1.8358396785607942,100,0.0,100,0,-1.8358396785607942,
M2,143,nominal,M2_nominal_0143,B,M2,True,R,-1.6919720157819258,100,0.0,100,0,-1.6919720157819258,
M2,143,nominal,M2_nominal_0143,B,M2,True,L,-1.8362314528146442,100,0.0,100,0,-1.8362314528146442,
M2,143,nominal,M2_nominal_0143,B,M3,True,R,-1.6920399207948182,100,0.0,100,0,-1.6920399207948182,
M2,143,nominal,M2_nominal_0143,B,M3,True,L,-1.8361603309017895,100,0.0,100,0,-1.8361603309017895,
M2,144,nominal,M2_nominal_0144,B,M1,True,R,-1.0481543668239095,100,0.0,100,0,-1.0481543668239095,
M2,144,nominal,M2_nominal_0144,B,M1,True,L,-1.0871716458700642,100,0.0,100,0,-1.0871716458700642,
M2,144,nominal,M2_nominal_0144,B,M2,True,R,-1.052444763095354,100,0.0,100,0,-1.052444763095354,
M2,144,nominal,M2_nominal_0144,B,M2,True,L,-1.087045786787643,100,0.0,100,0,-1.087045786787643,
M2,144,nominal,M2_nominal_0144,B,M3,True,R,-1.0465427504583154,100,0.02,98,2,-1.0494382335499504,-0.904664078968195
M2,144,nominal,M2_nominal_0144,B,M3,True,L,-1.0900253350322648,100,0.0,100,0,-1.0900253350322648,
M2,145,nominal,M2_nominal_0145,B,M1,True,R,-1.1400319613312295,100,0.0,100,0,-1.1400319613312295,
M2,145,nominal,M2_nominal_0145,B,M1,True,L,-1.2907447836803863,100,0.2,80,20,-1.1083438857611583,-2.0203483753572966
M2,145,nominal,M2_nominal_0145,B,M2,True,R,-1.1330020044799014,100,0.0,100,0,-1.1330020044799014,
M2,145,nominal,M2_nominal_0145,B,M2,True,L,-1.0166144354261188,100,0.2,80,20,-1.110023284159008,-0.6429790404945612
M2,145,nominal,M2_nominal_0145,B,M3,True,R,-1.1405992000680996,100,0.0,100,0,-1.1405992000680996,
M2,145,nominal,M2_nominal_0145,B,M3,True,L,-1.781939027721431,100,0.04,96,4,-1.8143214658123472,-1.0047605135394384
M2,146,nominal,M2_nominal_0146,B,M1,True,R,-1.0878280344015017,100,0.0,100,0,-1.0878280344015017,
M2,146,nominal,M2_nominal_0146,B,M1,True,L,-1.5927373259051993,100,0.02,98,2,-1.6090596728642317,-0.7929423249126223
M2,146,nominal,M2_nominal_0146,B,M2,True,R,-1.0878503901529202,100,0.0,100,0,-1.0878503901529202,
M2,146,nominal,M2_nominal_0146,B,M2,True,L,-1.5900385284241296,100,0.01,99,1,-1.5980977916088772,-0.7921714731341397
M2,146,nominal,M2_nominal_0146,B,M3,True,R,-1.089383077989602,100,0.0,100,0,-1.089383077989602,
M2,146,nominal,M2_nominal_0146,B,M3,True,L,-1.5930139199058448,100,0.0,100,0,-1.5930139199058448,
M2,147,nominal,M2_nominal_0147,B,M1,True,R,-1.2892465216313074,100,0.01,99,1,-1.2763584226142066,-2.5651683243243006
M2,147,nominal,M2_nominal_0147,B,M1,True,L,-1.2276039224706854,100,0.02,98,2,-1.2263259441449033,-1.2902248604340123
M2,147,nominal,M2_nominal_0147,B,M2,True,R,-1.289649040854326,100,0.01,99,1,-1.2758633644792627,-2.6544310019855883
M2,147,nominal,M2_nominal_0147,B,M2,True,L,-1.2237390446664862,100,0.03,97,3,-1.2010687015762125,-1.9567468045853287
M2,147,nominal,M2_nominal_0147,B,M3,True,R,-1.286495149584345,100,0.01,99,1,-1.2917162943340033,-0.769601819368189
M2,147,nominal,M2_nominal_0147,B,M3,True,L,-1.229201982173655,100,0.0,100,0,-1.229201982173655,
M2,148,nominal,M2_nominal_0148,B,M1,True,R,-1.6082718011306105,100,0.0,100,0,-1.6082718011306105,
M2,148,nominal,M2_nominal_0148,B,M1,True,L,-1.9778582150063222,100,0.01,99,1,-1.9821058522479962,-1.5573421280805713
M2,148,nominal,M2_nominal_0148,B,M2,True,R,-1.607330751265883,100,0.0,100,0,-1.607330751265883,
M2,148,nominal,M2_nominal_0148,B,M2,True,L,-1.9751394370333681,100,0.02,98,2,-1.9865408627811303,-1.4164695753930365
M2,148,nominal,M2_nominal_0148,B,M3,True,R,-1.6066988589875293,100,0.0,100,0,-1.6066988589875293,
M2,148,nominal,M2_nominal_0148,B,M3,True,L,-1.9752408252094107,100,0.0,100,0,-1.9752408252094107,
M2,149,nominal,M2_nominal_0149,B,M1,True,R,-0.6602664120517526,100,0.02,98,2,-0.6673855099256704,-0.3114306162297872
M2,149,nominal,M2_nominal_0149,B,M1,True,L,-0.8153758368767084,100,0.0,100,0,-0.8153758368767084,
M2,149,nominal,M2_nominal_0149,B,M2,True,R,-0.662874444263604,100,0.09,91,9,-0.7035851566875486,-0.251243907532609
M2,149,nominal,M2_nominal_0149,B,M2,True,L,-0.810331346118541,100,0.0,100,0,-0.810331346118541,
M2,149,nominal,M2_nominal_0149,B,M3,True,R,-0.656470054182184,100,0.0,100,0,-0.656470054182184,
M2,149,nominal,M2_nominal_0149,B,M3,True,L,-0.815105783974533,100,0.03,97,3,-0.8282958079342694,-0.3886283426097263
M2,150,nominal,M2_nominal_0150,B,M1,True,R,-1.175188718417749,100,0.0,100,0,-1.175188718417749,
M2,150,nominal,M2_nominal_0150,B,M1,True,L,-22.5221212242797,100,0.22,78,22,-1.3065940728517198,-97.74080839752436
M2,150,nominal,M2_nominal_0150,B,M2,True,R,-1.1811227622807068,100,0.0,100,0,-1.1811227622807068,
M2,150,nominal,M2_nominal_0150,B,M2,True,L,-0.21311441228051772,100,0.24,76,24,-1.3204584541443347,3.29347505362157
M2,150,nominal,M2_nominal_0150,B,M3,True,R,-1.1762119767056196,100,0.0,100,0,-1.1762119767056196,
M2,150,nominal,M2_nominal_0150,B,M3,True,L,-26.8965696422225,100,0.14,86,14,-1.3764321106238253,-183.66312876490005
M2,151,nominal,M2_nominal_0151,B,M1,True,R,-0.8466887882388151,100,0.0,100,0,-0.8466887882388151,
M2,151,nominal,M2_nominal_0151,B,M1,True,L,-0.890913107135443,100,0.0,100,0,-0.890913107135443,
M2,151,nominal,M2_nominal_0151,B,M2,True,R,-0.847020911852041,100,0.0,100,0,-0.847020911852041,
M2,151,nominal,M2_nominal_0151,B,M2,True,L,-0.8913424193899614,100,0.0,100,0,-0.8913424193899614,
M2,151,nominal,M2_nominal_0151,B,M3,True,R,-0.8477182464842242,100,0.01,99,1,-0.8506596453757937,-0.5565197562188565
M2,151,nominal,M2_nominal_0151,B,M3,True,L,-0.8905142626382073,100,0.0,100,0,-0.8905142626382073,
M2,152,nominal,M2_nominal_0152,B,M1,True,R,-1.081343844243589,100,0.0,100,0,-1.081343844243589,
M2,152,nominal,M2_nominal_0152,B,M1,True,L,-1.6793648481597707,100,0.0,100,0,-1.6793648481597707,
M2,152,nominal,M2_nominal_0152,B,M2,True,R,-1.079273853582673,100,0.0,100,0,-1.079273853582673,
M2,152,nominal,M2_nominal_0152,B,M2,True,L,-1.6811157423915872,100,0.0,100,0,-1.6811157423915872,
M2,152,nominal,M2_nominal_0152,B,M3,True,R,-1.080781125432518,100,0.0,100,0,-1.080781125432518,
M2,152,nominal,M2_nominal_0152,B,M3,True,L,-1.675617382631073,100,0.0,100,0,-1.675617382631073,
M2,153,nominal,M2_nominal_0153,B,M1,True,R,-0.8651860324678242,100,0.0,100,0,-0.8651860324678242,
M2,153,nominal,M2_nominal_0153,B,M1,True,L,-1.2358480742207734,100,0.0,100,0,-1.2358480742207734,
M2,153,nominal,M2_nominal_0153,B,M2,True,R,-0.865571489264527,100,0.0,100,0,-0.865571489264527,
M2,153,nominal,M2_nominal_0153,B,M2,True,L,-1.230809295617636,100,0.01,99,1,-1.237927155626506,-0.5261411547394974
M2,153,nominal,M2_nominal_0153,B,M3,True,R,-0.8667694078561571,100,0.0,100,0,-0.8667694078561571,
M2,153,nominal,M2_nominal_0153,B,M3,True,L,-1.2290994277116105,100,0.01,99,1,-1.2318712438237505,-0.9546896326097479
M2,154,nominal,M2_nominal_0154,B,M1,True,R,-0.9785008230242056,100,0.02,98,2,-0.9765731598647168,-1.0729563178391568
M2,154,nominal,M2_nominal_0154,B,M1,True,L,-0.8413068730988554,100,0.0,100,0,-0.8413068730988554,
M2,154,nominal,M2_nominal_0154,B,M2,True,R,-0.9760882356459618,100,0.0,100,0,-0.9760882356459618,
M2,154,nominal,M2_nominal_0154,B,M2,True,L,-0.8400427241953176,100,0.0,100,0,-0.8400427241953176,
M2,154,nominal,M2_nominal_0154,B,M3,True,R,-0.9826289780125806,100,0.0,100,0,-0.9826289780125806,
M2,154,nominal,M2_nominal_0154,B,M3,True,L,-0.8406526171317682,100,0.0,100,0,-0.8406526171317682,
M2,155,nominal,M2_nominal_0155,B,M1,True,R,-0.12932550596752013,100,0.0,100,0,-0.12932550596752013,
M2,155,nominal,M2_nominal_0155,B,M1,True,L,0.1825781561011699,100,0.0,100,0,0.1825781561011699,
M2,155,nominal,M2_nominal_0155,B,M2,True,R,-0.030547710537893354,100,0.0,100,0,-0.030547710537893354,
M2,155,nominal,M2_nominal_0155,B,M2,True,L,0.18500475540639869,100,0.0,100,0,0.18500475540639869,
M2,155,nominal,M2_nominal_0155,B,M3,True,R,-0.11402379426124142,100,0.0,100,0,-0.11402379426124142,
M2,155,nominal,M2_nominal_0155,B,M3,True,L,0.18075546660486871,100,0.0,100,0,0.18075546660486871,
M2,156,nominal,M2_nominal_0156,B,M1,True,R,-21620.262553847708,100,0.55,45,55,-0.7597883482132312,-39308.94663471093
M2,156,nominal,M2_nominal_0156,B,M1,True,L,-0.9558511576707415,100,0.09,91,9,-0.9792740521455576,-0.7190196690920456
M2,156,nominal,M2_nominal_0156,B,M2,True,R,-282965.8554215785,100,0.55,45,55,-0.770571114021002,-514482.74302650406
M2,156,nominal,M2_nominal_0156,B,M2,True,L,-1.2254909063607726,100,0.08,92,8,-0.9623743809601136,-4.25133094846835
M2,156,nominal,M2_nominal_0156,B,M3,True,R,-27252.00376754581,100,0.51,49,51,-0.8946013963709697,-53434.44198600311
M2,156,nominal,M2_nominal_0156,B,M3,True,L,-0.9097679670260118,100,0.0,100,0,-0.9097679670260118,
M2,157,nominal,M2_nominal_0157,B,M1,True,R,-1.2112788370536476,100,0.0,100,0,-1.2112788370536476,
M2,157,nominal,M2_nominal_0157,B,M1,True,L,-1.4398027140285705,100,0.01,99,1,-1.4409648462126476,-1.3247516278049687
M2,157,nominal,M2_nominal_0157,B,M2,True,R,-1.2065024939209767,100,0.01,99,1,-1.2093172632119082,-0.9278403341187569
M2,157,nominal,M2_nominal_0157,B,M2,True,L,-1.437749776911594,100,0.0,100,0,-1.437749776911594,
M2,157,nominal,M2_nominal_0157,B,M3,True,R,-1.210635131873122,100,0.0,100,0,-1.210635131873122,
M2,157,nominal,M2_nominal_0157,B,M3,True,L,-1.4379104215346492,100,0.0,100,0,-1.4379104215346492,
M2,158,nominal,M2_nominal_0158,B,M1,True,R,-1.1125258971120981,100,0.03,97,3,-1.1179037418755489,-0.9386422497605312
M2,158,nominal,M2_nominal_0158,B,M1,True,L,-1.0095843600866532,100,0.02,98,2,-1.0123654671008164,-0.8733101163926587
M2,158,nominal,M2_nominal_0158,B,M2,True,R,-1.1083066060878588,100,0.05,95,5,-1.1166178561253421,-0.9503928553756783
M2,158,nominal,M2_nominal_0158,B,M2,True,L,-0.9958731187907293,100,0.0,100,0,-0.9958731187907293,
M2,158,nominal,M2_nominal_0158,B,M3,True,R,-1.1127139166943305,100,0.0,100,0,-1.1127139166943305,
M2,158,nominal,M2_nominal_0158,B,M3,True,L,-1.0128075928665192,100,0.0,100,0,-1.0128075928665192,
M2,159,nominal,M2_nominal_0159,B,M1,True,R,-0.9826979486312948,100,0.0,100,0,-0.9826979486312948,
M2,159,nominal,M2_nominal_0159,B,M1,True,L,-1.0818633765735153,100,0.0,100,0,-1.0818633765735153,
M2,159,nominal,M2_nominal_0159,B,M2,True,R,-0.9818883215125775,100,0.0,100,0,-0.9818883215125775,
M2,159,nominal,M2_nominal_0159,B,M2,True,L,-1.0823884859889255,100,0.0,100,0,-1.0823884859889255,
M2,159,nominal,M2_nominal_0159,B,M3,True,R,-0.9834386517392788,100,0.0,100,0,-0.9834386517392788,
M2,159,nominal,M2_nominal_0159,B,M3,True,L,-1.0806016457555603,100,0.0,100,0,-1.0806016457555603,
M2,160,nominal,M2_nominal_0160,B,M1,True,R,-1.4919033250832225,100,0.0,100,0,-1.4919033250832225,
M2,160,nominal,M2_nominal_0160,B,M1,True,L,-1.6361142246517384,100,0.0,100,0,-1.6361142246517384,
M2,160,nominal,M2_nominal_0160,B,M2,True,R,-1.490987581670818,100,0.0,100,0,-1.490987581670818,
M2,160,nominal,M2_nominal_0160,B,M2,True,L,-1.6347267198286404,100,0.0,100,0,-1.6347267198286404,
M2,160,nominal,M2_nominal_0160,B,M3,True,R,-1.485403092686733,100,0.0,100,0,-1.485403092686733,
M2,160,nominal,M2_nominal_0160,B,M3,True,L,-1.6350264979608773,100,0.0,100,0,-1.6350264979608773,
M2,161,nominal,M2_nominal_0161,B,M1,True,R,-1.4072727439932484,100,0.05,95,5,-1.4059993349716466,-1.4314675154036813
M2,161,nominal,M2_nominal_0161,B,M1,True,L,-1.5317590750429586,100,0.01,99,1,-1.5340648907259415,-1.3034833224276312
M2,161,nominal,M2_nominal_0161,B,M2,True,R,-1.4074100111272287,100,0.02,98,2,-1.4041827354670784,-1.5655465184745798
M2,161,nominal,M2_nominal_0161,B,M2,True,L,-1.5302239845062775,100,0.01,99,1,-1.5327862894290192,-1.2765557971548642
M2,161,nominal,M2_nominal_0161,B,M3,True,R,-1.4095321554064997,100,0.0,100,0,-1.4095321554064997,
M2,161,nominal,M2_nominal_0161,B,M3,True,L,-1.5321081680740698,100,0.0,100,0,-1.5321081680740698,
M2,162,nominal,M2_nominal_0162,B,M1,True,R,-1.5105168493940726,100,0.0,100,0,-1.5105168493940726,
M2,162,nominal,M2_nominal_0162,B,M1,True,L,-1.6571370921542095,100,0.0,100,0,-1.6571370921542095,
M2,162,nominal,M2_nominal_0162,B,M2,True,R,-1.5103011388562506,100,0.0,100,0,-1.5103011388562506,
M2,162,nominal,M2_nominal_0162,B,M2,True,L,-1.661382398834973,100,0.0,100,0,-1.661382398834973,
M2,162,nominal,M2_nominal_0162,B,M3,True,R,-1.509571622280272,100,0.0,100,0,-1.509571622280272,
M2,162,nominal,M2_nominal_0162,B,M3,True,L,-1.6544579989216033,100,0.0,100,0,-1.6544579989216033,
M2,163,nominal,M2_nominal_0163,B,M1,True,R,-1.4644861110185474,100,0.01,99,1,-1.4690606600825717,-1.0116057536801337
M2,163,nominal,M2_nominal_0163,B,M1,True,L,-1.6813447918306137,100,0.0,100,0,-1.6813447918306137,
M2,163,nominal,M2_nominal_0163,B,M2,True,R,-1.465020899987808,100,0.0,100,0,-1.465020899987808,
M2,163,nominal,M2_nominal_0163,B,M2,True,L,-1.6819745973723617,100,0.0,100,0,-1.6819745973723617,
M2,163,nominal,M2_nominal_0163,B,M3,True,R,-1.4641747126589857,100,0.0,100,0,-1.4641747126589857,
M2,163,nominal,M2_nominal_0163,B,M3,True,L,-1.6816770155625236,100,0.0,100,0,-1.6816770155625236,
M2,164,nominal,M2_nominal_0164,B,M1,True,R,-1.6875538899409503,100,0.0,100,0,-1.6875538899409503,
M2,164,nominal,M2_nominal_0164,B,M1,True,L,-1.7980766410193245,100,0.04,96,4,-1.8171068230774472,-1.3413522716243786
M2,164,nominal,M2_nominal_0164,B,M2,True,R,-1.6874072323597715,100,0.0,100,0,-1.6874072323597715,
M2,164,nominal,M2_nominal_0164,B,M2,True,L,-1.7969149331960232,100,0.08,92,8,-1.816827389188243,-1.5679216892855028
M2,164,nominal,M2_nominal_0164,B,M3,True,R,-1.6840064652538718,100,0.0,100,0,-1.6840064652538718,
M2,164,nominal,M2_nominal_0164,B,M3,True,L,-1.7994459496743198,100,0.0,100,0,-1.7994459496743198,
M2,165,nominal,M2_nominal_0165,B,M1,True,R,-1.5218275224103486,100,0.0,100,0,-1.5218275224103486,
M2,165,nominal,M2_nominal_0165,B,M1,True,L,-1.7473883644305042,100,0.19,81,19,-1.7217876531652276,-1.8565282387719477
M2,165,nominal,M2_nominal_0165,B,M2,True,R,-1.522111474509866,100,0.01,99,1,-1.5271340641601314,-1.0248750991336033
M2,165,nominal,M2_nominal_0165,B,M2,True,L,-1.7471365774628456,100,0.02,98,2,-1.7483243399257458,-1.6889362167807285
M2,165,nominal,M2_nominal_0165,B,M3,True,R,-1.5263811325713508,100,0.01,99,1,-1.5290890893274334,-1.2582934137191826
M2,165,nominal,M2_nominal_0165,B,M3,True,L,-1.7428762373334568,100,0.0,100,0,-1.7428762373334568,
M2,166,nominal,M2_nominal_0166,B,M1,True,R,-1.2697904171356755,100,0.01,99,1,-1.2730370609347574,-0.9483726810265709
M2,166,nominal,M2_nominal_0166,B,M1,True,L,-1.5369920623951772,100,0.03,97,3,-1.5425091926650767,-1.358604850335082
M2,166,nominal,M2_nominal_0166,B,M2,True,R,-1.2700529011602448,100,0.0,100,0,-1.2700529011602448,
M2,166,nominal,M2_nominal_0166,B,M2,True,L,-1.542040668847054,100,0.02,98,2,-1.5420586544508776,-1.5411593742596854
M2,166,nominal,M2_nominal_0166,B,M3,True,R,-1.2471792465072555,100,0.0,100,0,-1.2471792465072555,
M2,166,nominal,M2_nominal_0166,B,M3,True,L,-1.5413340820976118,100,0.0,100,0,-1.5413340820976118,
M2,167,nominal,M2_nominal_0167,B,M1,True,R,-1.640270889240127,100,0.0,100,0,-1.640270889240127,
M2,167,nominal,M2_nominal_0167,B,M1,True,L,-1.6878080913810007,100,0.0,100,0,-1.6878080913810007,
M2,167,nominal,M2_nominal_0167,B,M2,True,R,-1.638193378097077,100,0.0,100,0,-1.638193378097077,
M2,167,nominal,M2_nominal_0167,B,M2,True,L,-1.687068935440833,100,0.01,99,1,-1.689699283505852,-1.4266644770039558
M2,167,nominal,M2_nominal_0167,B,M3,True,R,-1.6419086411060957,100,0.0,100,0,-1.6419086411060957,
M2,167,nominal,M2_nominal_0167,B,M3,True,L,-1.6882144870685136,100,0.0,100,0,-1.6882144870685136,
M2,168,nominal,M2_nominal_0168,B,M1,True,R,-1.06240386443727,100,0.0,100,0,-1.06240386443727,
M2,168,nominal,M2_nominal_0168,B,M1,True,L,-1.2244484168848988,100,0.0,100,0,-1.2244484168848988,
M2,168,nominal,M2_nominal_0168,B,M2,True,R,-1.0612715677796978,100,0.0,100,0,-1.0612715677796978,
M2,168,nominal,M2_nominal_0168,B,M2,True,L,-1.222314038914223,100,0.0,100,0,-1.222314038914223,
M2,168,nominal,M2_nominal_0168,B,M3,True,R,-1.0629391790099123,100,0.0,100,0,-1.0629391790099123,
M2,168,nominal,M2_nominal_0168,B,M3,True,L,-1.2244634137893828,100,0.0,100,0,-1.2244634137893828,
M2,169,nominal,M2_nominal_0169,B,M1,True,R,-1.6949559649911672,100,0.04,96,4,-1.7147044406411105,-1.2209925493925242
M2,169,nominal,M2_nominal_0169,B,M1,True,L,-1.764828340419251,100,0.03,97,3,-1.7755538690535784,-1.4180362479093322
M2,169,nominal,M2_nominal_0169,B,M2,True,R,-1.7580092051273146,100,0.04,96,4,-1.7296075025946198,-2.4396500659119806
M2,169,nominal,M2_nominal_0169,B,M2,True,L,-1.7669390843853086,100,0.0,100,0,-1.7669390843853086,
M2,169,nominal,M2_nominal_0169,B,M3,True,R,-1.7009724457616182,100,0.03,97,3,-1.6979779947116462,-1.7977930297107079
M2,169,nominal,M2_nominal_0169,B,M3,True,L,-1.7687384372704744,100,0.0,100,0,-1.7687384372704744,
M2,170,nominal,M2_nominal_0170,B,M1,True,R,-1.8219673889882642,100,0.0,100,0,-1.8219673889882642,
M2,170,nominal,M2_nominal_0170,B,M1,True,L,-2.16626058974791,100,0.06,94,6,-2.138031692404351,-2.608513314796996
M2,170,nominal,M2_nominal_0170,B,M2,True,R,-1.8213257055473102,100,0.0,100,0,-1.8213257055473102,
M2,170,nominal,M2_nominal_0170,B,M2,True,L,-2.165402136272792,100,0.02,98,2,-2.160734225164884,-2.394129780560325
M2,170,nominal,M2_nominal_0170,B,M3,True,R,-1.822594398548807,100,0.0,100,0,-1.822594398548807,
M2,170,nominal,M2_nominal_0170,B,M3,True,L,-2.1661207730299825,100,0.0,100,0,-2.1661207730299825,
M2,171,nominal,M2_nominal_0171,B,M1,True,R,-0.548588869099326,100,0.01,99,1,-0.5424096316936106,-1.1603333722651579
M2,171,nominal,M2_nominal_0171,B,M1,True,L,-1.7558427648635497,100,0.0,100,0,-1.7558427648635497,
M2,171,nominal,M2_nominal_0171,B,M2,True,R,-0.5440547594049219,100,0.01,99,1,-0.5373609964618953,-1.2067372907645546
M2,171,nominal,M2_nominal_0171,B,M2,True,L,-1.7503563174817114,100,0.0,100,0,-1.7503563174817114,
M2,171,nominal,M2_nominal_0171,B,M3,True,R,-0.5424260759756696,100,0.0,100,0,-0.5424260759756696,
M2,171,nominal,M2_nominal_0171,B,M3,True,L,-1.754130825377452,100,0.0,100,0,-1.754130825377452,
M2,172,nominal,M2_nominal_0172,B,M1,True,R,-1.4328944487847397,100,0.0,100,0,-1.4328944487847397,
M2,172,nominal,M2_nominal_0172,B,M1,True,L,-1.346337783369833,100,0.0,100,0,-1.346337783369833,
M2,172,nominal,M2_nominal_0172,B,M2,True,R,-1.4352146217393889,100,0.0,100,0,-1.4352146217393889,
M2,172,nominal,M2_nominal_0172,B,M2,True,L,-1.3487219012320864,100,0.0,100,0,-1.3487219012320864,
M2,172,nominal,M2_nominal_0172,B,M3,True,R,-1.4339058175532715,100,0.0,100,0,-1.4339058175532715,
M2,172,nominal,M2_nominal_0172,B,M3,True,L,-1.3503386601999292,100,0.0,100,0,-1.3503386601999292,
M2,173,nominal,M2_nominal_0173,B,M1,True,R,-1.2350636543750775,100,0.02,98,2,-1.241475319237823,-0.9208920761005654
M2,173,nominal,M2_nominal_0173,B,M1,True,L,-1.4523568942002079,100,0.0,100,0,-1.4523568942002079,
M2,173,nominal,M2_nominal_0173,B,M2,True,R,-1.2338548194264212,100,0.06,94,6,-1.2437123296715753,-1.0794204922523394
M2,173,nominal,M2_nominal_0173,B,M2,True,L,-1.4544643387097649,100,0.01,99,1,-1.4594273529785597,-0.9631259260990385
M2,173,nominal,M2_nominal_0173,B,M3,True,R,-1.2441205197510201,100,0.01,99,1,-1.2461591008488935,-1.0423009910615677
M2,173,nominal,M2_nominal_0173,B,M3,True,L,-1.4483189320573848,100,0.0,100,0,-1.4483189320573848,
M2,174,nominal,M2_nominal_0174,B,M1,True,R,-1.4302820400494138,100,0.0,100,0,-1.4302820400494138,
M2,174,nominal,M2_nominal_0174,B,M1,True,L,-1.784557745901979,100,0.0,100,0,-1.784557745901979,
M2,174,nominal,M2_nominal_0174,B,M2,True,R,-1.4343512773947618,100,0.0,100,0,-1.4343512773947618,
M2,174,nominal,M2_nominal_0174,B,M2,True,L,-1.7885722525978665,100,0.0,100,0,-1.7885722525978665,
M2,174,nominal,M2_nominal_0174,B,M3,True,R,-1.4293321741825518,100,0.0,100,0,-1.4293321741825518,
M2,174,nominal,M2_nominal_0174,B,M3,True,L,-1.7844161320229752,100,0.0,100,0,-1.7844161320229752,
M2,175,nominal,M2_nominal_0175,B,M1,True,R,-1.5403774348790609,100,0.06,94,6,-1.5395529486229802,-1.5532943862243247
M2,175,nominal,M2_nominal_0175,B,M1,True,L,-1.642552338916687,100,0.04,96,4,-1.6359396941139746,-1.8012558141817911
M2,175,nominal,M2_nominal_0175,B,M2,True,R,-1.5383974148995245,100,0.0,100,0,-1.5383974148995245,
M2,175,nominal,M2_nominal_0175,B,M2,True,L,-1.6433986405919043,100,0.0,100,0,-1.6433986405919043,
M2,175,nominal,M2_nominal_0175,B,M3,True,R,-1.5424355052796417,100,0.01,99,1,-1.547601055896236,-1.0310459942367498
M2,175,nominal,M2_nominal_0175,B,M3,True,L,-1.6412010608778254,100,0.0,100,0,-1.6412010608778254,
M2,176,nominal,M2_nominal_0176,B,M1,True,R,-35.219917811404265,100,0.5,50,50,-0.5804043125166213,-69.85943131029192
M2,176,nominal,M2_nominal_0176,B,M1,True,L,-0.6706864220231324,100,0.0,100,0,-0.6706864220231324,
M2,176,nominal,M2_nominal_0176,B,M2,True,R,-523.2110295402468,100,0.59,41,59,-0.5369020961146926,-886.4252536963389
M2,176,nominal,M2_nominal_0176,B,M2,True,L,-0.6678384122671897,100,0.0,100,0,-0.6678384122671897,
M2,176,nominal,M2_nominal_0176,B,M3,True,R,-46.34622057535797,100,0.5,50,50,-0.5748135797086551,-92.11762757100728
M2,176,nominal,M2_nominal_0176,B,M3,True,L,-0.6718100643374236,100,0.0,100,0,-0.6718100643374236,
M2,177,nominal,M2_nominal_0177,B,M1,True,R,-1.148421952127197,100,0.05,95,5,-1.1421399561012968,-1.2677798766192967
M2,177,nominal,M2_nominal_0177,B,M1,True,L,-1.4170681317193905,100,0.05,95,5,-1.4195369623474945,-1.370160349785412
M2,177,nominal,M2_nominal_0177,B,M2,True,R,-1.1455204935279444,100,0.0,100,0,-1.1455204935279444,
M2,177,nominal,M2_nominal_0177,B,M2,True,L,-1.4185138153826238,100,0.02,98,2,-1.4186916946169912,-1.4097977328986533
M2,177,nominal,M2_nominal_0177,B,M3,True,R,-1.1536689113775662,100,0.0,100,0,-1.1536689113775662,
M2,177,nominal,M2_nominal_0177,B,M3,True,L,-1.4227205154837654,100,0.0,100,0,-1.4227205154837654,
M2,178,nominal,M2_nominal_0178,B,M1,True,R,-71.53771377787933,100,0.54,46,54,-1.373444508507734,-131.30727648882552
M2,178,nominal,M2_nominal_0178,B,M1,True,L,-1.7080427030056455,100,0.0,100,0,-1.7080427030056455,
M2,178,nominal,M2_nominal_0178,B,M2,True,R,-5382.136710490854,100,0.55,45,55,-1.3847297725591663,-9784.570149260368
M2,178,nominal,M2_nominal_0178,B,M2,True,L,-1.70633733779969,100,0.0,100,0,-1.70633733779969,
M2,178,nominal,M2_nominal_0178,B,M3,True,R,-83.15758281413447,100,0.54,46,54,-1.3684975494754357,-152.82976655810322
M2,178,nominal,M2_nominal_0178,B,M3,True,L,-1.7056113971424847,100,0.0,100,0,-1.7056113971424847,
M2,179,nominal,M2_nominal_0179,B,M1,True,R,-0.9199496568419747,100,0.71,29,71,-1.0807571878058353,-0.854267707575046
M2,179,nominal,M2_nominal_0179,B,M1,True,L,-0.8660948367481776,100,0.0,100,0,-0.8660948367481776,
M2,179,nominal,M2_nominal_0179,B,M2,True,R,-17.92494661891141,100,0.76,24,76,-1.120267890680565,-23.231687269931676
M2,179,nominal,M2_nominal_0179,B,M2,True,L,-0.8634340362661749,100,0.0,100,0,-0.8634340362661749,
M2,179,nominal,M2_nominal_0179,B,M3,True,R,-0.8173670050819094,100,0.53,47,53,-0.9998585004201621,-0.6555349243102512
M2,179,nominal,M2_nominal_0179,B,M3,True,L,-0.8677049201254673,100,0.0,100,0,-0.8677049201254673,
M2,180,nominal,M2_nominal_0180,B,M1,True,R,-1.5555820957448896,100,0.0,100,0,-1.5555820957448896,
M2,180,nominal,M2_nominal_0180,B,M1,True,L,-1.6318183792928331,100,0.0,100,0,-1.6318183792928331,
M2,180,nominal,M2_nominal_0180,B,M2,True,R,-1.6602557222084227,100,0.04,96,4,-1.620421997227121,-2.6162651217596586
M2,180,nominal,M2_nominal_0180,B,M2,True,L,-1.63739169945605,100,0.0,100,0,-1.63739169945605,
M2,180,nominal,M2_nominal_0180,B,M3,True,R,-1.4962993493813912,100,0.03,97,3,-1.4813155728721275,-1.9807747898475743
M2,180,nominal,M2_nominal_0180,B,M3,True,L,-1.6323030797494509,100,0.02,98,2,-1.6452035267869844,-1.0001811749102834
M2,181,nominal,M2_nominal_0181,B,M1,True,R,-1.4476529570733714,100,0.0,100,0,-1.4476529570733714,
M2,181,nominal,M2_nominal_0181,B,M1,True,L,-1.4126758294494948,100,0.0,100,0,-1.4126758294494948,
M2,181,nominal,M2_nominal_0181,B,M2,True,R,-1.447776371992184,100,0.0,100,0,-1.447776371992184,
M2,181,nominal,M2_nominal_0181,B,M2,True,L,-1.4143498882058996,100,0.0,100,0,-1.4143498882058996,
M2,181,nominal,M2_nominal_0181,B,M3,True,R,-1.448289173996104,100,0.0,100,0,-1.448289173996104,
M2,181,nominal,M2_nominal_0181,B,M3,True,L,-1.4120647142511984,100,0.0,100,0,-1.4120647142511984,
M2,182,nominal,M2_nominal_0182,B,M1,True,R,-1.132450916299068,100,0.02,98,2,-1.1286790453101943,-1.3172725947538775
M2,182,nominal,M2_nominal_0182,B,M1,True,L,-1.1795015705023284,100,0.0,100,0,-1.1795015705023284,
M2,182,nominal,M2_nominal_0182,B,M2,True,R,-1.1318472058257223,100,0.03,97,3,-1.1325704725129169,-1.108461582939764
M2,182,nominal,M2_nominal_0182,B,M2,True,L,-1.1701621607403958,100,0.0,100,0,-1.1701621607403958,
M2,182,nominal,M2_nominal_0182,B,M3,True,R,-1.1337379809217807,100,0.0,100,0,-1.1337379809217807,
M2,182,nominal,M2_nominal_0182,B,M3,True,L,-1.1819017222673824,100,0.0,100,0,-1.1819017222673824,
M2,183,nominal,M2_nominal_0183,B,M1,True,R,-1.6366683111754647,100,0.0,100,0,-1.6366683111754647,
M2,183,nominal,M2_nominal_0183,B,M1,True,L,-2.272619108181804,100,0.0,100,0,-2.272619108181804,
M2,183,nominal,M2_nominal_0183,B,M2,True,R,-1.6365894027170977,100,0.0,100,0,-1.6365894027170977,
M2,183,nominal,M2_nominal_0183,B,M2,True,L,-2.2728437793287664,100,0.01,99,1,-2.2794875767436222,-1.6151078352580557
M2,183,nominal,M2_nominal_0183,B,M3,True,R,-1.6370043035080233,100,0.0,100,0,-1.6370043035080233,
M2,183,nominal,M2_nominal_0183,B,M3,True,L,-2.272369294656264,100,0.0,100,0,-2.272369294656264,
M2,184,nominal,M2_nominal_0184,B,M1,True,R,-0.9980474543786986,100,0.01,99,1,-0.988984107413531,-1.8953188039302893
M2,184,nominal,M2_nominal_0184,B,M1,True,L,-1.0767359895833766,100,0.0,100,0,-1.0767359895833766,
M2,184,nominal,M2_nominal_0184,B,M2,True,R,-0.9701308927263156,100,0.02,98,2,-0.963737832122599,-1.2833908623084334
M2,184,nominal,M2_nominal_0184,B,M2,True,L,-1.069732403398606,100,0.0,100,0,-1.069732403398606,
M2,184,nominal,M2_nominal_0184,B,M3,True,R,-0.9919267182770318,100,0.0,100,0,-0.9919267182770318,
M2,184,nominal,M2_nominal_0184,B,M3,True,L,-1.0694307827647407,100,0.02,98,2,-1.0769001310420756,-0.7034327171753294
M2,185,nominal,M2_nominal_0185,B,M1,True,R,-2.0823791631610065,100,0.0,100,0,-2.0823791631610065,
M2,185,nominal,M2_nominal_0185,B,M1,True,L,-2.640393533194652,100,0.0,100,0,-2.640393533194652,
M2,185,nominal,M2_nominal_0185,B,M2,True,R,-2.076190407493201,100,0.0,100,0,-2.076190407493201,
M2,185,nominal,M2_nominal_0185,B,M2,True,L,-2.6385067871743373,100,0.0,100,0,-2.6385067871743373,
M2,185,nominal,M2_nominal_0185,B,M3,True,R,-2.0843611058430063,100,0.02,98,2,-2.1011518509528435,-1.2616145954609648
M2,185,nominal,M2_nominal_0185,B,M3,True,L,-2.6383352699863605,100,0.01,99,1,-2.623703066129683,-4.086923451797398
M2,186,nominal,M2_nominal_0186,B,M1,True,R,-1.4696041762017125,100,0.01,99,1,-1.4551560381774353,-2.8999698406051815
M2,186,nominal,M2_nominal_0186,B,M1,True,L,-1.8383605552096396,100,0.01,99,1,-1.8439450232478936,-1.28549821942248
M2,186,nominal,M2_nominal_0186,B,M2,True,R,-1.4635517431585614,100,0.03,97,3,-1.4361630092381537,-2.349120806585082
M2,186,nominal,M2_nominal_0186,B,M2,True,L,-1.8418413938724831,100,0.01,99,1,-1.8474336845528005,-1.288204616521049
M2,186,nominal,M2_nominal_0186,B,M3,True,R,-1.4741095079689517,100,0.0,100,0,-1.4741095079689517,
M2,186,nominal,M2_nominal_0186,B,M3,True,L,-1.832861908737302,100,0.0,100,0,-1.832861908737302,
M2,187,nominal,M2_nominal_0187,B,M1,True,R,-1.3279327003682082,100,0.0,100,0,-1.3279327003682082,
M2,187,nominal,M2_nominal_0187,B,M1,True,L,-1.6297489526132358,100,0.0,100,0,-1.6297489526132358,
M2,187,nominal,M2_nominal_0187,B,M2,True,R,-1.330891069105368,100,0.0,100,0,-1.330891069105368,
M2,187,nominal,M2_nominal_0187,B,M2,True,L,-1.635342396082323,100,0.0,100,0,-1.635342396082323,
M2,187,nominal,M2_nominal_0187,B,M3,True,R,-1.328814191348173,100,0.0,100,0,-1.328814191348173,
M2,187,nominal,M2_nominal_0187,B,M3,True,L,-1.6261746854186734,100,0.0,100,0,-1.6261746854186734,
M2,188,nominal,M2_nominal_0188,B,M1,True,R,-1.2181151513543742,100,0.0,100,0,-1.2181151513543742,
M2,188,nominal,M2_nominal_0188,B,M1,True,L,-10.365816634529102,100,0.4,60,40,-1.1791317410810014,-24.14584397470125
M2,188,nominal,M2_nominal_0188,B,M2,True,R,-1.2245073176340144,100,0.0,100,0,-1.2245073176340144,
M2,188,nominal,M2_nominal_0188,B,M2,True,L,-0.1775246681448275,100,0.4,60,40,-1.1779981817812606,1.323185602309822
M2,188,nominal,M2_nominal_0188,B,M3,True,R,-1.2488321911386304,100,0.01,99,1,-1.2528898934667483,-0.8471196606549402
M2,188,nominal,M2_nominal_0188,B,M3,True,L,-12.583043114957837,100,0.34,66,34,-1.4759099926310295,-34.143948587709865
M2,189,nominal,M2_nominal_0189,B,M1,True,R,-1.5106948991852232,100,0.0,100,0,-1.5106948991852232,
M2,189,nominal,M2_nominal_0189,B,M1,True,L,-1.7701489867985378,100,0.04,96,4,-1.7600303352311355,-2.012996624416189
M2,189,nominal,M2_nominal_0189,B,M2,True,R,-1.5113641475978823,100,0.0,100,0,-1.5113641475978823,
M2,189,nominal,M2_nominal_0189,B,M2,True,L,-1.770187090619142,100,0.0,100,0,-1.770187090619142,
M2,189,nominal,M2_nominal_0189,B,M3,True,R,-1.5114007724234557,100,0.0,100,0,-1.5114007724234557,
M2,189,nominal,M2_nominal_0189,B,M3,True,L,-1.769726506833166,100,0.0,100,0,-1.769726506833166,
M2,190,nominal,M2_nominal_0190,B,M1,True,R,-1.0276728400875683,100,0.07,93,7,-0.9944502575094212,-1.4690585800543785
M2,190,nominal,M2_nominal_0190,B,M1,True,L,-1.2156112749298413,100,0.04,96,4,-1.20474573481151,-1.4763842377697918
M2,190,nominal,M2_nominal_0190,B,M2,True,R,-1.0214717071472754,100,0.04,96,4,-1.014874812512739,-1.1797971783761474
M2,190,nominal,M2_nominal_0190,B,M2,True,L,-1.216466722325201,100,0.04,96,4,-1.2201505170715305,-1.128055648413294
M2,190,nominal,M2_nominal_0190,B,M3,True,R,-1.0300368386500942,100,0.0,100,0,-1.0300368386500942,
M2,190,nominal,M2_nominal_0190,B,M3,True,L,-1.2149369710036728,100,0.0,100,0,-1.2149369710036728,
M2,191,nominal,M2_nominal_0191,B,M1,True,R,-7.694988521649061,100,0.32,68,32,-0.42139613267710446,-23.151372348214466
M2,191,nominal,M2_nominal_0191,B,M1,True,L,-1.0253053217110155,100,0.0,100,0,-1.0253053217110155,
M2,191,nominal,M2_nominal_0191,B,M2,True,R,-0.008264546190981659,100,0.38,62,38,-0.4674893588305784,0.7409969902209922
M2,191,nominal,M2_nominal_0191,B,M2,True,L,-1.0128334356619866,100,0.01,99,1,-1.0171962351783015,-0.580916283546794
M2,191,nominal,M2_nominal_0191,B,M3,True,R,-9.281125542708091,100,0.22,78,22,-1.1192545854658071,-38.218668027476184
M2,191,nominal,M2_nominal_0191,B,M3,True,L,-1.0224020646575342,100,0.0,100,0,-1.0224020646575342,
M2,192,nominal,M2_nominal_0192,B,M1,True,R,-1.7745178940561552,100,0.0,100,0,-1.7745178940561552,
M2,192,nominal,M2_nominal_0192,B,M1,True,L,-1.8367033636686674,100,0.01,99,1,-1.8263457561370102,-2.8621065093027385
M2,192,nominal,M2_nominal_0192,B,M2,True,R,-1.7821918095439222,100,0.02,98,2,-1.7624495258972437,-2.74956370823117
M2,192,nominal,M2_nominal_0192,B,M2,True,L,-1.8354254387845756,100,0.01,99,1,-1.8248246003052397,-2.884908448238828
M2,192,nominal,M2_nominal_0192,B,M3,True,R,-1.7703444169784246,100,0.0,100,0,-1.7703444169784246,
M2,192,nominal,M2_nominal_0192,B,M3,True,L,-1.8376188550864,100,0.0,100,0,-1.8376188550864,
M2,193,nominal,M2_nominal_0193,B,M1,True,R,-1.0571931826290397,100,0.0,100,0,-1.0571931826290397,
M2,193,nominal,M2_nominal_0193,B,M1,True,L,-1.0581778328782467,100,0.0,100,0,-1.0581778328782467,
M2,193,nominal,M2_nominal_0193,B,M2,True,R,-1.0658886428722865,100,0.0,100,0,-1.0658886428722865,
M2,193,nominal,M2_nominal_0193,B,M2,True,L,-1.0541479747124334,100,0.0,100,0,-1.0541479747124334,
M2,193,nominal,M2_nominal_0193,B,M3,True,R,-1.0541432520659884,100,0.02,98,2,-1.064059361313235,-0.5682538989509092
M2,193,nominal,M2_nominal_0193,B,M3,True,L,-1.0574780820286773,100,0.0,100,0,-1.0574780820286773,
M2,194,nominal,M2_nominal_0194,B,M1,True,R,-1.3105172921022117,100,0.0,100,0,-1.3105172921022117,
M2,194,nominal,M2_nominal_0194,B,M1,True,L,-1.205535977391274,100,0.2,80,20,-1.1341473457000872,-1.4910905041560194
M2,194,nominal,M2_nominal_0194,B,M2,True,R,-1.3120714341123385,100,0.0,100,0,-1.3120714341123385,
M2,194,nominal,M2_nominal_0194,B,M2,True,L,-0.8293246826783356,100,0.25,75,25,-1.1334192854936693,0.08295912576766497
M2,194,nominal,M2_nominal_0194,B,M3,True,R,-1.3155261334349364,100,0.0,100,0,-1.3155261334349364,
M2,194,nominal,M2_nominal_0194,B,M3,True,L,-1.847296273539739,100,0.03,97,3,-1.855417032255905,-1.5847250750503712
M2,195,nominal,M2_nominal_0195,B,M1,True,R,-1.2141423045427033,100,0.0,100,0,-1.2141423045427033,
M2,195,nominal,M2_nominal_0195,B,M1,True,L,-1.35109738133408,100,0.01,99,1,-1.3559089646091862,-0.8747506370985653
M2,195,nominal,M2_nominal_0195,B,M2,True,R,-1.2130487109764798,100,0.01,99,1,-1.219023055924745,-0.621588561098208
M2,195,nominal,M2_nominal_0195,B,M2,True,L,-1.3478432967286862,100,0.0,100,0,-1.3478432967286862,
M2,195,nominal,M2_nominal_0195,B,M3,True,R,-1.2117593052363032,100,0.0,100,0,-1.2117593052363032,
M2,195,nominal,M2_nominal_0195,B,M3,True,L,-1.3534497616001433,100,0.0,100,0,-1.3534497616001433,
M2,196,nominal,M2_nominal_0196,B,M1,True,R,-1.1294171601915597,100,0.0,100,0,-1.1294171601915597,
M2,196,nominal,M2_nominal_0196,B,M1,True,L,-1.2239793607214735,100,0.0,100,0,-1.2239793607214735,
M2,196,nominal,M2_nominal_0196,B,M2,True,R,-1.1296896548763442,100,0.0,100,0,-1.1296896548763442,
M2,196,nominal,M2_nominal_0196,B,M2,True,L,-1.2211920603935342,100,0.0,100,0,-1.2211920603935342,
M2,196,nominal,M2_nominal_0196,B,M3,True,R,-1.1304329764130545,100,0.01,99,1,-1.1359791153208334,-0.5813652245429434
M2,196,nominal,M2_nominal_0196,B,M3,True,L,-1.221444687318949,100,0.0,100,0,-1.221444687318949,
M2,197,nominal,M2_nominal_0197,B,M1,True,R,-1.5873359794273159,100,0.0,100,0,-1.5873359794273159,
M2,197,nominal,M2_nominal_0197,B,M1,True,L,-1.7993384049067864,100,0.0,100,0,-1.7993384049067864,
M2,197,nominal,M2_nominal_0197,B,M2,True,R,-1.5878059533896285,100,0.0,100,0,-1.5878059533896285,
M2,197,nominal,M2_nominal_0197,B,M2,True,L,-1.7989907264972766,100,0.0,100,0,-1.7989907264972766,
M2,197,nominal,M2_nominal_0197,B,M3,True,R,-1.5860362458933361,100,0.0,100,0,-1.5860362458933361,
M2,197,nominal,M2_nominal_0197,B,M3,True,L,-1.7997877436087635,100,0.0,100,0,-1.7997877436087635,
M2,198,nominal,M2_nominal_0198,B,M1,True,R,-0.5872112265763318,100,0.01,99,1,-0.5908036203675863,-0.2315642412421439
M2,198,nominal,M2_nominal_0198,B,M1,True,L,-0.7779245550688824,100,0.0,100,0,-0.7779245550688824,
M2,198,nominal,M2_nominal_0198,B,M2,True,R,-0.5851359140229044,100,0.04,96,4,-0.5969880435178941,-0.30068480614314946
M2,198,nominal,M2_nominal_0198,B,M2,True,L,-0.7800238809548792,100,0.0,100,0,-0.7800238809548792,
M2,198,nominal,M2_nominal_0198,B,M3,True,R,-0.5889951612534694,100,0.0,100,0,-0.5889951612534694,
M2,198,nominal,M2_nominal_0198,B,M3,True,L,-0.7771218648601517,100,0.03,97,3,-0.7888959468940208,-0.39642654576505315
M2,199,nominal,M2_nominal_0199,B,M1,True,R,-1.2526904206298162,100,0.0,100,0,-1.2526904206298162,
M2,199,nominal,M2_nominal_0199,B,M1,True,L,-25.461788123021062,100,0.28,72,28,-1.4681315646824271,-87.15976213017755
M2,199,nominal,M2_nominal_0199,B,M2,True,R,-1.2586974686239636,100,0.05,95,5,-1.2432592615666418,-1.5520234027130821
M2,199,nominal,M2_nominal_0199,B,M2,True,L,-0.7253098221973996,100,0.28,72,28,-1.4693439951738512,1.1879209083134763
M2,199,nominal,M2_nominal_0199,B,M3,True,R,-1.2653831002856142,100,0.0,100,0,-1.2653831002856142,
M2,199,nominal,M2_nominal_0199,B,M3,True,L,-29.932257921765586,100,0.22,78,22,-1.3848479056450278,-131.14580252437483
M2,0,stress,M2_stress_0000,B,M1,True,R,-25170.756641758733,100,0.55,45,55,-0.8281859261954823,-45764.33446925807
M2,0,stress,M2_stress_0000,B,M1,True,L,-1.0249097632724322,100,0.08,92,8,-1.0709715038408496,-0.49519974673563266
M2,0,stress,M2_stress_0000,B,M2,True,R,-340455.7095696435,100,0.55,45,55,-0.822288899655457,-619009.7082538885
M2,0,stress,M2_stress_0000,B,M2,True,L,-1.71807885638942,100,0.08,92,8,-1.0704941365181762,-9.165303134908722
M2,0,stress,M2_stress_0000,B,M3,True,R,-29024.954272171137,100,0.52,48,52,-0.9427367761851112,-55816.34953561263
M2,0,stress,M2_stress_0000,B,M3,True,L,-1.064296600676156,100,0.01,99,1,-1.02581592814842,-4.873883180922026
M2,1,stress,M2_stress_0001,B,M1,True,R,-64.94161479939031,100,0.54,46,54,-1.2429340316280235,-119.20345397192854
M2,1,stress,M2_stress_0001,B,M1,True,L,-1.6138469031213247,100,0.0,100,0,-1.6138469031213247,
M2,1,stress,M2_stress_0001,B,M2,True,R,-15361.65429956087,100,0.55,45,55,-1.262421615192247,-27929.2476542437
M2,1,stress,M2_stress_0001,B,M2,True,L,-1.6096322695376912,100,0.0,100,0,-1.6096322695376912,
M2,1,stress,M2_stress_0001,B,M3,True,R,-93.28645343528704,100,0.54,46,54,-1.2455320820708564,-171.6916827361749
M2,1,stress,M2_stress_0001,B,M3,True,L,-1.610080687825338,100,0.0,100,0,-1.610080687825338,
M2,2,stress,M2_stress_0002,B,M1,True,R,-34.06338499786503,100,0.43,57,43,-0.4966656600218625,-78.55880365500597
M2,2,stress,M2_stress_0002,B,M1,True,L,-0.7363689498379016,100,0.01,99,1,-0.7340387079660908,-0.9670628951471636
M2,2,stress,M2_stress_0002,B,M2,True,R,-14.795532640977328,100,0.47,53,47,-0.5098405075381824,-30.904930153153387
M2,2,stress,M2_stress_0002,B,M2,True,L,-0.7323245471520728,100,0.0,100,0,-0.7323245471520728,
M2,2,stress,M2_stress_0002,B,M3,True,R,-35.94838127425604,100,0.42,58,42,-0.535754664905718,-84.85153230621599
M2,2,stress,M2_stress_0002,B,M3,True,L,-0.7378829553919372,100,0.0,100,0,-0.7378829553919372,
M2,3,stress,M2_stress_0003,B,M1,True,R,-18.336655573360975,100,0.86,14,86,-0.6882696749810595,-21.209648626585615
M2,3,stress,M2_stress_0003,B,M1,True,L,-0.950013325191827,100,0.0,100,0,-0.950013325191827,
M2,3,stress,M2_stress_0003,B,M2,True,R,-8890.48300445132,100,0.86,14,86,-0.8424561421150697,-10337.633791385377
M2,3,stress,M2_stress_0003,B,M2,True,L,-0.9472720308930895,100,0.0,100,0,-0.9472720308930895,
M2,3,stress,M2_stress_0003,B,M3,True,R,-2.523980365713388,100,0.81,19,81,-0.7585436467525302,-2.9380951516424783
M2,3,stress,M2_stress_0003,B,M3,True,L,-0.9525428401930078,100,0.0,100,0,-0.9525428401930078,
M2,4,stress,M2_stress_0004,B,M1,True,R,0.26868665472561143,100,0.0,100,0,0.26868665472561143,
M2,4,stress,M2_stress_0004,B,M1,True,L,0.17711091497424858,100,0.0,100,0,0.17711091497424858,
M2,4,stress,M2_stress_0004,B,M2,True,R,0.26449714676407143,100,0.0,100,0,0.26449714676407143,
M2,4,stress,M2_stress_0004,B,M2,True,L,0.18320015107422066,100,0.0,100,0,0.18320015107422066,
M2,4,stress,M2_stress_0004,B,M3,True,R,0.26937025421409205,100,0.0,100,0,0.26937025421409205,
M2,4,stress,M2_stress_0004,B,M3,True,L,0.1765627793825059,100,0.0,100,0,0.1765627793825059,
M2,5,stress,M2_stress_0005,B,M1,True,R,-10.603791586218186,100,0.57,43,57,-0.7568213611738167,-18.03220772090078
M2,5,stress,M2_stress_0005,B,M1,True,L,-0.8619417336011572,100,0.0,100,0,-0.8619417336011572,
M2,5,stress,M2_stress_0005,B,M2,True,R,-20.821400869085597,100,0.57,43,57,-0.7595542455579481,-35.95577639209768
M2,5,stress,M2_stress_0005,B,M2,True,L,-0.8618010438385062,100,0.0,100,0,-0.8618010438385062,
M2,5,stress,M2_stress_0005,B,M3,True,R,-13.181495195195119,100,0.48,52,48,-0.665134446156428,-26.7408860066537
M2,5,stress,M2_stress_0005,B,M3,True,L,-0.8647846420163287,100,0.0,100,0,-0.8647846420163287,
M2,6,stress,M2_stress_0006,B,M1,True,R,-27436.77952076179,100,0.55,45,55,-0.8566888752758979,-49884.35274685076
M2,6,stress,M2_stress_0006,B,M1,True,L,-0.9925883221534358,100,0.08,92,8,-0.9951253461766825,-0.9634125458861005
M2,6,stress,M2_stress_0006,B,M2,True,R,-81028.75258984361,100,0.55,45,55,-0.8560522984219179,-147324.3043023806
M2,6,stress,M2_stress_0006,B,M2,True,L,-1.0226221933839805,100,0.08,92,8,-0.9833269959677832,-1.47451696367025
M2,6,stress,M2_stress_0006,B,M3,True,R,-28646.533697053863,100,0.52,48,52,-1.00684982698965,-55088.558479109444
M2,6,stress,M2_stress_0006,B,M3,True,L,-1.0188025657623057,100,0.02,98,2,-1.0209042917658642,-0.9158179915879335
M2,7,stress,M2_stress_0007,B,M1,True,R,-49.96633104580487,100,0.55,45,55,-1.4367004962005692,-89.67239240457204
M2,7,stress,M2_stress_0007,B,M1,True,L,-1.6450788121392919,100,0.0,100,0,-1.6450788121392919,
M2,7,stress,M2_stress_0007,B,M2,True,R,-8845.624179503422,100,0.55,45,55,-1.4353815414706093,-16081.778650563207
M2,7,stress,M2_stress_0007,B,M2,True,L,-1.6479149055639848,100,0.0,100,0,-1.6479149055639848,
M2,7,stress,M2_stress_0007,B,M3,True,R,-87.7818301500703,100,0.55,45,55,-1.4133841285309239,-158.44692234951168
M2,7,stress,M2_stress_0007,B,M3,True,L,-1.6432896761065963,100,0.0,100,0,-1.6432896761065963,
M2,8,stress,M2_stress_0008,B,M1,True,R,-45.818156022526566,100,0.56,44,56,-0.41895376262313866,-81.48895779816498
M2,8,stress,M2_stress_0008,B,M1,True,L,-0.5891110080556281,100,0.0,100,0,-0.5891110080556281,
M2,8,stress,M2_stress_0008,B,M2,True,R,-252.23668487847263,100,0.61,39,61,-0.47897843499012477,-413.19652998168266
M2,8,stress,M2_stress_0008,B,M2,True,L,-0.5901303151527098,100,0.0,100,0,-0.5901303151527098,
M2,8,stress,M2_stress_0008,B,M3,True,R,-52.41467723700577,100,0.5,50,50,-0.4012994122443599,-104.4280550617672
M2,8,stress,M2_stress_0008,B,M3,True,L,-0.5900951517883687,100,0.0,100,0,-0.5900951517883687,
M2,9,stress,M2_stress_0009,B,M1,True,R,-1.7580184315334346,100,0.67,33,67,-0.8688939306108551,-2.1959454245251533
M2,9,stress,M2_stress_0009,B,M1,True,L,-1.0597063626559697,100,0.0,100,0,-1.0597063626559697,
M2,9,stress,M2_stress_0009,B,M2,True,R,-181.17871030539717,100,0.74,26,74,-1.0206223416436173,-244.4774979683376
M2,9,stress,M2_stress_0009,B,M2,True,L,-1.0575794014300284,100,0.0,100,0,-1.0575794014300284,
M2,9,stress,M2_stress_0009,B,M3,True,R,-0.7647749850821026,100,0.5,50,50,-0.8110415158394918,-0.7185084543247136
M2,9,stress,M2_stress_0009,B,M3,True,L,-1.0545969398246406,100,0.0,100,0,-1.0545969398246406,
M2,10,stress,M2_stress_0010,B,M1,True,R,0.015369303929592175,100,0.0,100,0,0.015369303929592175,
M2,10,stress,M2_stress_0010,B,M1,True,L,0.19156900036658756,100,0.0,100,0,0.19156900036658756,
M2,10,stress,M2_stress_0010,B,M2,True,R,0.07803726162198482,100,0.0,100,0,0.07803726162198482,
M2,10,stress,M2_stress_0010,B,M2,True,L,0.19733499086738937,100,0.0,100,0,0.19733499086738937,
M2,10,stress,M2_stress_0010,B,M3,True,R,0.04771883505022659,100,0.0,100,0,0.04771883505022659,
M2,10,stress,M2_stress_0010,B,M3,True,L,0.19244973273216892,100,0.0,100,0,0.19244973273216892,
M2,11,stress,M2_stress_0011,B,M1,True,R,-5.127296929693067,100,0.38,62,38,-0.31348761176425827,-12.98140686947165
M2,11,stress,M2_stress_0011,B,M1,True,L,-0.8834537428678718,100,0.01,99,1,-0.8850667999900729,-0.7237610877699558
M2,11,stress,M2_stress_0011,B,M2,True,R,-4.823824436378893,100,0.44,56,44,-0.3632073214098573,-10.500973491794031
M2,11,stress,M2_stress_0011,B,M2,True,L,-0.8954329686847082,100,0.01,99,1,-0.897955003160285,-0.6457515556026092
M2,11,stress,M2_stress_0011,B,M3,True,R,-10.160986292057956,100,0.14,86,14,-2.793327092002061,-55.419464235258445
M2,11,stress,M2_stress_0011,B,M3,True,L,-0.8982382868650063,100,0.0,100,0,-0.8982382868650063,
M2,12,stress,M2_stress_0012,B,M1,True,R,-35122.11634578555,100,0.55,45,55,-0.9036940503726069,-63857.65396993254
M2,12,stress,M2_stress_0012,B,M1,True,L,-1.0794275736990884,100,0.04,96,4,-0.9707263294703553,-3.68825743518868
M2,12,stress,M2_stress_0012,B,M2,True,R,-210634.0706998406,100,0.55,45,55,-0.906337790937366,-382970.29608697206
M2,12,stress,M2_stress_0012,B,M2,True,L,-0.9705097256920224,100,0.08,92,8,-0.943690827156411,-1.2789270588515538
M2,12,stress,M2_stress_0012,B,M3,True,R,-36682.6126147187,100,0.56,44,56,-0.9539805021077776,-65503.91582731745
M2,12,stress,M2_stress_0012,B,M3,True,L,-1.1581794625129889,100,0.0,100,0,-1.1581794625129889,
M2,13,stress,M2_stress_0013,B,M1,True,R,-87.70374122286324,100,0.55,45,55,-1.320107114985982,-158.38126003839915
M2,13,stress,M2_stress_0013,B,M1,True,L,-1.51854818108607,100,0.0,100,0,-1.51854818108607,
M2,13,stress,M2_stress_0013,B,M2,True,R,-2325.684183687644,100,0.55,45,55,-1.320149374271654,-4227.436575398585
M2,13,stress,M2_stress_0013,B,M2,True,L,-1.5160420517928683,100,0.0,100,0,-1.5160420517928683,
M2,13,stress,M2_stress_0013,B,M3,True,R,-104.53154891327763,100,0.54,46,54,-1.274264156862542,-192.49145815022385
M2,13,stress,M2_stress_0013,B,M3,True,L,-1.5146441067214949,100,0.0,100,0,-1.5146441067214949,
M2,14,stress,M2_stress_0014,B,M1,True,R,-37.53793862346767,100,0.5,50,50,-0.4716532216862069,-74.60422402524914
M2,14,stress,M2_stress_0014,B,M1,True,L,-0.7325303249771293,100,0.0,100,0,-0.7325303249771293,
M2,14,stress,M2_stress_0014,B,M2,True,R,-2954.1868933013625,100,0.62,38,62,-0.5138418913640078,-4764.502634488135
M2,14,stress,M2_stress_0014,B,M2,True,L,-0.7334711827962697,100,0.0,100,0,-0.7334711827962697,
M2,14,stress,M2_stress_0014,B,M3,True,R,-43.98739540629511,100,0.5,50,50,-0.4324650960204236,-87.54232571656979
M2,14,stress,M2_stress_0014,B,M3,True,L,-0.732937154654366,100,0.0,100,0,-0.732937154654366,
M2,15,stress,M2_stress_0015,B,M1,True,R,-1.1652428017241494,100,0.83,17,83,-1.0772406112603554,-1.1832673467589023
M2,15,stress,M2_stress_0015,B,M1,True,L,-0.8741634487420713,100,0.0,100,0,-0.8741634487420713,
M2,15,stress,M2_stress_0015,B,M2,True,R,-193.1724462964951,100,0.84,16,84,-1.00609077936487,-229.7755616330913
M2,15,stress,M2_stress_0015,B,M2,True,L,-0.8737399733785916,100,0.0,100,0,-0.8737399733785916,
M2,15,stress,M2_stress_0015,B,M3,True,R,-0.8329357077267839,100,0.71,29,71,-1.160789181314568,-0.6990237255571253
M2,15,stress,M2_stress_0015,B,M3,True,L,-0.8712626533435995,100,0.0,100,0,-0.8712626533435995,
M2,16,stress,M2_stress_0016,B,M1,True,R,0.009711862662000857,100,0.0,100,0,0.009711862662000857,
M2,16,stress,M2_stress_0016,B,M1,True,L,0.31391049739635546,100,0.0,100,0,0.31391049739635546,
M2,16,stress,M2_stress_0016,B,M2,True,R,0.12882951317860125,100,0.0,100,0,0.12882951317860125,
M2,16,stress,M2_stress_0016,B,M2,True,L,0.3160585816180197,100,0.0,100,0,0.3160585816180197,
M2,16,stress,M2_stress_0016,B,M3,True,R,0.006426657153769295,100,0.0,100,0,0.006426657153769295,
M2,16,stress,M2_stress_0016,B,M3,True,L,0.31238138784280955,100,0.0,100,0,0.31238138784280955,
M2,17,stress,M2_stress_0017,B,M1,True,R,-9.032722204819684,100,0.53,47,53,-0.7138077569336028,-16.409872752945073
M2,17,stress,M2_stress_0017,B,M1,True,L,-0.8393252413551763,100,0.0,100,0,-0.8393252413551763,
M2,17,stress,M2_stress_0017,B,M2,True,R,-12.196014078918926,100,0.56,44,56,-0.7391970104646396,-21.19779891841873
M2,17,stress,M2_stress_0017,B,M2,True,L,-0.838174849096915,100,0.01,99,1,-0.834806963215797,-1.1715955513276042
M2,17,stress,M2_stress_0017,B,M3,True,R,-11.6963789671658,100,0.45,55,45,-0.6488990857600591,-25.198854377772822
M2,17,stress,M2_stress_0017,B,M3,True,L,-0.8351322468646453,100,0.0,100,0,-0.8351322468646453,
M2,18,stress,M2_stress_0018,B,M1,True,R,-32404.437794625173,100,0.55,45,55,-0.6118710533523661,-58916.65900482029
M2,18,stress,M2_stress_0018,B,M1,True,L,-0.8268648117159532,100,0.04,96,4,-0.8711866280745783,0.23685878089103962
M2,18,stress,M2_stress_0018,B,M2,True,R,-10624116.291503621,100,0.56,44,56,-0.6503399845234944,-18971635.723846484
M2,18,stress,M2_stress_0018,B,M2,True,L,-1.7178166602331415,100,0.09,91,9,-0.9554045553627333,-9.426650165033934
M2,18,stress,M2_stress_0018,B,M3,True,R,-37890.403734044565,100,0.56,44,56,-0.5778935394889897,-67660.98118015568
M2,18,stress,M2_stress_0018,B,M3,True,L,-0.8684991872338488,100,0.0,100,0,-0.8684991872338488,
M2,19,stress,M2_stress_0019,B,M1,True,R,-92.85172373439285,100,0.48,52,48,-1.1965654283493856,-192.14481189927332
M2,19,stress,M2_stress_0019,B,M1,True,L,-1.6181242928985577,100,0.0,100,0,-1.6181242928985577,
M2,19,stress,M2_stress_0019,B,M2,True,R,-1134.491819771335,100,0.54,46,54,-1.2165565319331535,-2099.8744514197147
M2,19,stress,M2_stress_0019,B,M2,True,L,-1.61619115888793,100,0.0,100,0,-1.61619115888793,
M2,19,stress,M2_stress_0019,B,M3,True,R,-102.54973690201355,100,0.44,56,44,-1.296988291114594,-231.4168714977031
M2,19,stress,M2_stress_0019,B,M3,True,L,-1.6166351932643612,100,0.0,100,0,-1.6166351932643612,
M2,20,stress,M2_stress_0020,B,M1,True,R,-26.06197000766672,100,0.5,50,50,-0.6377110025834911,-51.48622901274995
M2,20,stress,M2_stress_0020,B,M1,True,L,-0.7080979713111413,100,0.0,100,0,-0.7080979713111413,
M2,20,stress,M2_stress_0020,B,M2,True,R,-1279.6382687452851,100,0.55,45,55,-0.8173586903024695,-2325.9462860629983
M2,20,stress,M2_stress_0020,B,M2,True,L,-0.7068191473389865,100,0.0,100,0,-0.7068191473389865,
M2,20,stress,M2_stress_0020,B,M3,True,R,-28.585800710023282,100,0.51,49,51,-0.6547811423811042,-55.421486176973595
M2,20,stress,M2_stress_0020,B,M3,True,L,-0.7083007548568762,100,0.0,100,0,-0.7083007548568762,
M2,21,stress,M2_stress_0021,B,M1,True,R,-1.726825708517017,100,0.48,52,48,-1.1491681829357678,-2.3526213612300366
M2,21,stress,M2_stress_0021,B,M1,True,L,-1.0620175000252199,100,0.0,100,0,-1.0620175000252199,
M2,21,stress,M2_stress_0021,B,M2,True,R,-37.65022887302117,100,0.53,47,53,-1.219872479941389,-69.95639397631832
M2,21,stress,M2_stress_0021,B,M2,True,L,-1.0651016325189182,100,0.0,100,0,-1.0651016325189182,
M2,21,stress,M2_stress_0021,B,M3,True,R,-0.9515468175084465,100,0.36,64,36,-1.0215045996778422,-0.8271774269850765
M2,21,stress,M2_stress_0021,B,M3,True,L,-1.063833166827925,100,0.0,100,0,-1.063833166827925,
M2,22,stress,M2_stress_0022,B,M1,True,R,0.12128872477830459,100,0.0,100,0,0.12128872477830459,
M2,22,stress,M2_stress_0022,B,M1,True,L,0.3549225700509494,100,0.02,98,2,0.35380533859736885,0.409666911276393
M2,22,stress,M2_stress_0022,B,M2,True,R,0.14382685633757705,100,0.0,100,0,0.14382685633757705,
M2,22,stress,M2_stress_0022,B,M2,True,L,0.3511735086197302,100,0.0,100,0,0.3511735086197302,
M2,22,stress,M2_stress_0022,B,M3,True,R,0.12198458739563423,100,0.0,100,0,0.12198458739563423,
M2,22,stress,M2_stress_0022,B,M3,True,L,0.3555907541277148,100,0.0,100,0,0.3555907541277148,
M2,23,stress,M2_stress_0023,B,M1,True,R,-13.822371033397335,100,0.29,71,29,-0.7919756064997534,-45.72437363028452
M2,23,stress,M2_stress_0023,B,M1,True,L,-0.7636813730070385,100,0.01,99,1,-0.7639822952368025,-0.7338900722603855
M2,23,stress,M2_stress_0023,B,M2,True,R,-6.125571094668974,100,0.31,69,31,-0.6173628897071701,-18.385776454100093
M2,23,stress,M2_stress_0023,B,M2,True,L,-0.7690587157507135,100,0.01,99,1,-0.7697674662546113,-0.6988924158648102
M2,23,stress,M2_stress_0023,B,M3,True,R,-15.822444806309214,100,0.16,84,16,-3.8497009630232033,-78.67934998356074
M2,23,stress,M2_stress_0023,B,M3,True,L,-0.7705716967180437,100,0.0,100,0,-0.7705716967180437,
M2,24,stress,M2_stress_0024,B,M1,True,R,-26917.44382755803,100,0.53,47,53,-0.9491468448093715,-50786.78816705842
M2,24,stress,M2_stress_0024,B,M1,True,L,-1.0313034545852466,100,0.0,100,0,-1.0313034545852466,
M2,24,stress,M2_stress_0024,B,M2,True,R,-437702.8929936023,100,0.54,46,54,-1.0031809809161196,-810560.0583895388
M2,24,stress,M2_stress_0024,B,M2,True,L,-1.0111726032883939,100,0.0,100,0,-1.0111726032883939,
M2,24,stress,M2_stress_0024,B,M3,True,R,-29638.68252452574,100,0.5,50,50,-1.0283236778792073,-59276.33672537359
M2,24,stress,M2_stress_0024,B,M3,True,L,-1.0477022581909938,100,0.0,100,0,-1.0477022581909938,
M2,25,stress,M2_stress_0025,B,M1,True,R,-67.50328791856947,100,0.55,45,55,-1.1074183261062385,-121.82718122149394
M2,25,stress,M2_stress_0025,B,M1,True,L,-1.5144099523822672,100,0.0,100,0,-1.5144099523822672,
M2,25,stress,M2_stress_0025,B,M2,True,R,-11335.404691212398,100,0.55,45,55,-1.110636506006741,-20608.91800869945
M2,25,stress,M2_stress_0025,B,M2,True,L,-1.5155199277931721,100,0.0,100,0,-1.5155199277931721,
M2,25,stress,M2_stress_0025,B,M3,True,R,-111.0071786796701,100,0.54,46,54,-1.0587520641521508,-204.66694950029654
M2,25,stress,M2_stress_0025,B,M3,True,L,-1.5145047130220197,100,0.0,100,0,-1.5145047130220197,
M2,26,stress,M2_stress_0026,B,M1,True,R,-13.436885632170554,100,0.56,44,56,-0.520782686684759,-23.585252232195103
M2,26,stress,M2_stress_0026,B,M1,True,L,-0.7707514882592467,100,0.0,100,0,-0.7707514882592467,
M2,26,stress,M2_stress_0026,B,M2,True,R,-1489.473730722537,100,0.6,40,60,-0.5311127430928246,-2482.102142708834
M2,26,stress,M2_stress_0026,B,M2,True,L,-0.7708240987718756,100,0.0,100,0,-0.7708240987718756,
M2,26,stress,M2_stress_0026,B,M3,True,R,-24.259668526648255,100,0.5,50,50,-0.41804687767560894,-48.1012901756209
M2,26,stress,M2_stress_0026,B,M3,True,L,-0.7699561582883373,100,0.0,100,0,-0.7699561582883373,
M2,27,stress,M2_stress_0027,B,M1,True,R,-5.3627763927523,100,0.85,15,85,-0.9071336941501953,-6.149066280740908
M2,27,stress,M2_stress_0027,B,M1,True,L,-1.0711939351464992,100,0.0,100,0,-1.0711939351464992,
M2,27,stress,M2_stress_0027,B,M2,True,R,-1801.2615958539611,100,0.88,12,88,-0.8276489046250258,-2046.775315892507
M2,27,stress,M2_stress_0027,B,M2,True,L,-1.0688214951596624,100,0.0,100,0,-1.0688214951596624,
M2,27,stress,M2_stress_0027,B,M3,True,R,-2.6278522757560894,100,0.8,20,80,-1.2533951104904475,-2.9714665670725005
M2,27,stress,M2_stress_0027,B,M3,True,L,-1.0688817412745117,100,0.0,100,0,-1.0688817412745117,
M2,28,stress,M2_stress_0028,B,M1,True,R,0.031637471567115626,100,0.0,100,0,0.031637471567115626,
M2,28,stress,M2_stress_0028,B,M1,True,L,0.20514071045192103,100,0.0,100,0,0.20514071045192103,
M2,28,stress,M2_stress_0028,B,M2,True,R,0.06034319411221999,100,0.0,100,0,0.06034319411221999,
M2,28,stress,M2_stress_0028,B,M2,True,L,0.20404285101322872,100,0.0,100,0,0.20404285101322872,
M2,28,stress,M2_stress_0028,B,M3,True,R,0.05171323658143711,100,0.0,100,0,0.05171323658143711,
M2,28,stress,M2_stress_0028,B,M3,True,L,0.20464156909950426,100,0.0,100,0,0.20464156909950426,
M2,29,stress,M2_stress_0029,B,M1,True,R,-8.648655839978211,100,0.69,31,69,-0.5874320782527933,-12.270365066260647
M2,29,stress,M2_stress_0029,B,M1,True,L,-0.8625798526508736,100,0.0,100,0,-0.8625798526508736,
M2,29,stress,M2_stress_0029,B,M2,True,R,-3163.611615926617,100,0.69,31,69,-0.5943612224040519,-4584.677339054596
M2,29,stress,M2_stress_0029,B,M2,True,L,-0.8625976283655084,100,0.0,100,0,-0.8625976283655084,
M2,29,stress,M2_stress_0029,B,M3,True,R,-4.542520828573711,100,0.54,46,54,-0.7426370029140275,-7.779458902283811
M2,29,stress,M2_stress_0029,B,M3,True,L,-0.8775013631626604,100,0.0,100,0,-0.8775013631626604,
M2,30,stress,M2_stress_0030,B,M1,True,R,-29852.760338258548,100,0.55,45,55,-0.7079248407795025,-54277.16685832762
M2,30,stress,M2_stress_0030,B,M1,True,L,-1.0670486036252829,100,0.08,92,8,-1.0502152543427496,-1.260632120374417
M2,30,stress,M2_stress_0030,B,M2,True,R,-64467.419178114214,100,0.55,45,55,-0.7082927381546701,-117212.90990251281
M2,30,stress,M2_stress_0030,B,M2,True,L,-0.9904889219851376,100,0.08,92,8,-1.0513170887778853,-0.2909650038685397
M2,30,stress,M2_stress_0030,B,M3,True,R,-31373.473457547683,100,0.52,48,52,-0.7423666000969141,-60332.91754149929
M2,30,stress,M2_stress_0030,B,M3,True,L,-1.0946786137742466,100,0.04,96,4,-1.045532825927568,-2.274177522094531
M2,31,stress,M2_stress_0031,B,M1,True,R,-79.10501525966826,100,0.55,45,55,-1.1164209683970465,-142.9138651343447
M2,31,stress,M2_stress_0031,B,M1,True,L,-1.7076401431913157,100,0.0,100,0,-1.7076401431913157,
M2,31,stress,M2_stress_0031,B,M2,True,R,-3655.2454629913395,100,0.55,45,55,-1.1129167737348642,-6644.990273533019
M2,31,stress,M2_stress_0031,B,M2,True,L,-1.7076305135953311,100,0.0,100,0,-1.7076305135953311,
M2,31,stress,M2_stress_0031,B,M3,True,R,-109.76803006588447,100,0.53,47,53,-1.1315817242348594,-206.106012557536
M2,31,stress,M2_stress_0031,B,M3,True,L,-1.7044056166722457,100,0.0,100,0,-1.7044056166722457,
M2,32,stress,M2_stress_0032,B,M1,True,R,-25.187352466911296,100,0.52,48,52,-0.3977424388275545,-48.070069415911675
M2,32,stress,M2_stress_0032,B,M1,True,L,-0.8313006873581608,100,0.0,100,0,-0.8313006873581608,
M2,32,stress,M2_stress_0032,B,M2,True,R,-2250.6683599805788,100,0.61,39,61,-0.522781539674026,-3689.2860248854195
M2,32,stress,M2_stress_0032,B,M2,True,L,-0.8306308090371833,100,0.0,100,0,-0.8306308090371833,
M2,32,stress,M2_stress_0032,B,M3,True,R,-22.46243199074598,100,0.54,46,54,-0.42842914281343897,-41.23213812046629
M2,32,stress,M2_stress_0032,B,M3,True,L,-0.8360263811394367,100,0.0,100,0,-0.8360263811394367,
M2,33,stress,M2_stress_0033,B,M1,True,R,-1.4053207940191819,100,0.58,42,58,-1.2890851032581345,-1.4894914666392505
M2,33,stress,M2_stress_0033,B,M1,True,L,-0.8727780678632772,100,0.0,100,0,-0.8727780678632772,
M2,33,stress,M2_stress_0033,B,M2,True,R,-57.61373365244901,100,0.69,31,69,-1.2610192281087302,-82.93161984309464
M2,33,stress,M2_stress_0033,B,M2,True,L,-0.8718507203721559,100,0.0,100,0,-0.8718507203721559,
M2,33,stress,M2_stress_0033,B,M3,True,R,-0.8310576834207899,100,0.54,46,54,-1.2276101349855433,-0.49325374319896303
M2,33,stress,M2_stress_0033,B,M3,True,L,-0.8731540050495993,100,0.0,100,0,-0.8731540050495993,
M2,34,stress,M2_stress_0034,B,M1,True,R,-0.04587143604086643,100,0.0,100,0,-0.04587143604086643,
M2,34,stress,M2_stress_0034,B,M1,True,L,0.19062288224179585,100,0.01,99,1,0.20155124571482305,-0.8912851015878964
M2,34,stress,M2_stress_0034,B,M2,True,R,0.014829957070898167,100,0.0,100,0,0.014829957070898167,
M2,34,stress,M2_stress_0034,B,M2,True,L,0.19896126078207638,100,0.0,100,0,0.19896126078207638,
M2,34,stress,M2_stress_0034,B,M3,True,R,-0.036831386035712,100,0.0,100,0,-0.036831386035712,
M2,34,stress,M2_stress_0034,B,M3,True,L,0.18682838355285727,100,0.0,100,0,0.18682838355285727,
M2,35,stress,M2_stress_0035,B,M1,True,R,-6.223459274878077,100,0.25,75,25,-0.3821061387428466,-23.74751868328377
M2,35,stress,M2_stress_0035,B,M1,True,L,-0.8501049735102056,100,0.0,100,0,-0.8501049735102056,
M2,35,stress,M2_stress_0035,B,M2,True,R,-0.45572208449551865,100,0.38,62,38,-0.43309239643338737,-0.4926442071232064
M2,35,stress,M2_stress_0035,B,M2,True,L,-0.8491900932246399,100,0.01,99,1,-0.852963690338972,-0.47560397890576867
M2,35,stress,M2_stress_0035,B,M3,True,R,-8.064542634358034,100,0.21,79,21,-0.8431630127144486,-35.23068502054105
M2,35,stress,M2_stress_0035,B,M3,True,L,-0.855565695547194,100,0.0,100,0,-0.855565695547194,
M2,36,stress,M2_stress_0036,B,M1,True,R,-32608.339654013867,100,0.52,48,52,-0.8840496972186461,-62707.52944261386
M2,36,stress,M2_stress_0036,B,M1,True,L,-0.9866342625407225,100,0.06,94,6,-1.0201620863243794,-0.46136502326343437
M2,36,stress,M2_stress_0036,B,M2,True,R,-289.3952689173712,100,0.54,46,54,-0.9033451648130916,-535.1476484102911
M2,36,stress,M2_stress_0036,B,M2,True,L,-1.1081639912042858,100,0.08,92,8,-1.0505413166121007,-1.7708247490144142
M2,36,stress,M2_stress_0036,B,M3,True,R,-33721.276762639114,100,0.52,48,52,-0.9656262642664215,-64847.717811600494
M2,36,stress,M2_stress_0036,B,M3,True,L,-1.0866015281334216,100,0.0,100,0,-1.0866015281334216,
M2,37,stress,M2_stress_0037,B,M1,True,R,-42.271791420477676,100,0.54,46,54,-0.947833105914292,-77.47368183658722
M2,37,stress,M2_stress_0037,B,M1,True,L,-1.740379371391504,100,0.01,99,1,-1.7439966330726184,-1.3822704649611797
M2,37,stress,M2_stress_0037,B,M2,True,R,-34127.16897963898,100,0.55,45,55,-0.9938406562747278,-62048.58500244301
M2,37,stress,M2_stress_0037,B,M2,True,L,-1.739256579691416,100,0.01,99,1,-1.7427108398287965,-1.3972848260907142
M2,37,stress,M2_stress_0037,B,M3,True,R,-63.44133252477222,100,0.55,45,55,-0.9460647552791828,-114.5738243361756
M2,37,stress,M2_stress_0037,B,M3,True,L,-1.7305680478949075,100,0.0,100,0,-1.7305680478949075,
M2,38,stress,M2_stress_0038,B,M1,True,R,-7.25100496411359,100,0.62,38,62,-0.720133510311595,-11.253797145476105
M2,38,stress,M2_stress_0038,B,M1,True,L,-0.7328629380674928,100,0.0,100,0,-0.7328629380674928,
M2,38,stress,M2_stress_0038,B,M2,True,R,-14394.139508197499,100,0.72,28,72,-0.4242362416327849,-19991.695447291448
M2,38,stress,M2_stress_0038,B,M2,True,L,-0.7320197444422178,100,0.0,100,0,-0.7320197444422178,
M2,38,stress,M2_stress_0038,B,M3,True,R,-24.09677863175094,100,0.6,40,60,-0.4833803706866716,-39.83904413912712
M2,38,stress,M2_stress_0038,B,M3,True,L,-0.732067917227837,100,0.0,100,0,-0.732067917227837,
M2,39,stress,M2_stress_0039,B,M1,True,R,-1.470679713768838,100,0.57,43,57,-0.7945132308190815,-1.9807702184502334
M2,39,stress,M2_stress_0039,B,M1,True,L,-0.8904914622960847,100,0.0,100,0,-0.8904914622960847,
M2,39,stress,M2_stress_0039,B,M2,True,R,-44.44368357215151,100,0.57,43,57,-0.8126307114426669,-77.35833748461607
M2,39,stress,M2_stress_0039,B,M2,True,L,-0.8905308374517297,100,0.0,100,0,-0.8905308374517297,
M2,39,stress,M2_stress_0039,B,M3,True,R,-0.8198629852603514,100,0.5,50,50,-0.7865674509090265,-0.8531585196116762
M2,39,stress,M2_stress_0039,B,M3,True,L,-0.8933372678276489,100,0.0,100,0,-0.8933372678276489,
M2,40,stress,M2_stress_0040,B,M1,True,R,0.07755510213310339,100,0.0,100,0,0.07755510213310339,
M2,40,stress,M2_stress_0040,B,M1,True,L,0.22067266534260552,100,0.0,100,0,0.22067266534260552,
M2,40,stress,M2_stress_0040,B,M2,True,R,0.07858347989384627,100,0.0,100,0,0.07858347989384627,
M2,40,stress,M2_stress_0040,B,M2,True,L,0.21794058939197922,100,0.01,99,1,0.22223188726072354,-0.20689789961370808
M2,40,stress,M2_stress_0040,B,M3,True,R,0.0774986481519906,100,0.0,100,0,0.0774986481519906,
M2,40,stress,M2_stress_0040,B,M3,True,L,0.22156786759052513,100,0.0,100,0,0.22156786759052513,
M2,41,stress,M2_stress_0041,B,M1,True,R,-5.949265504978182,100,0.47,53,47,-0.5883325501507743,-11.994572879570791
M2,41,stress,M2_stress_0041,B,M1,True,L,-0.9197453282202219,100,0.0,100,0,-0.9197453282202219,
M2,41,stress,M2_stress_0041,B,M2,True,R,-44.607723865370154,100,0.49,51,49,-0.5795539658731702,-90.4329619240303
M2,41,stress,M2_stress_0041,B,M2,True,L,-0.9252454388331016,100,0.0,100,0,-0.9252454388331016,
M2,41,stress,M2_stress_0041,B,M3,True,R,-9.668413442426234,100,0.43,57,43,-0.5412890873095262,-21.76715968060419
M2,41,stress,M2_stress_0041,B,M3,True,L,-0.9286238977537569,100,0.0,100,0,-0.9286238977537569,
M2,42,stress,M2_stress_0042,B,M1,True,R,-25351.57663629148,100,0.55,45,55,-1.1023039933507255,-46092.87381726267
M2,42,stress,M2_stress_0042,B,M1,True,L,-0.9768897158063575,100,0.04,96,4,-1.0338267756648003,0.3895997207962661
M2,42,stress,M2_stress_0042,B,M2,True,R,-252117.9931503701,100,0.55,45,55,-1.0729892802610794,-458395.4732821709
M2,42,stress,M2_stress_0042,B,M2,True,L,-1.440196904168506,100,0.08,92,8,-1.0887662658590713,-5.481649244727002
M2,42,stress,M2_stress_0042,B,M3,True,R,-28601.948353785003,100,0.51,49,51,-1.0006045949564732,-56081.290308889154
M2,42,stress,M2_stress_0042,B,M3,True,L,-0.9950993092789363,100,0.0,100,0,-0.9950993092789363,
M2,43,stress,M2_stress_0043,B,M1,True,R,-100.25892681052471,100,0.55,45,55,-1.3046565277129145,-181.22151158737074
M2,43,stress,M2_stress_0043,B,M1,True,L,-1.6288489021989276,100,0.01,99,1,-1.6304182622876497,-1.4734822534154268
M2,43,stress,M2_stress_0043,B,M2,True,R,-1876.6168900138787,100,0.55,45,55,-1.2953346265365284,-3410.9708898762483
M2,43,stress,M2_stress_0043,B,M2,True,L,-1.628938916310863,100,0.0,100,0,-1.628938916310863,
M2,43,stress,M2_stress_0043,B,M3,True,R,-125.06831888781765,100,0.52,48,52,-1.2886479681561516,-239.32647665981287
M2,43,stress,M2_stress_0043,B,M3,True,L,-1.62800953620445,100,0.0,100,0,-1.62800953620445,
M2,44,stress,M2_stress_0044,B,M1,True,R,-28.527520979636897,100,0.5,50,50,-0.7959527344508434,-56.259089224822965
M2,44,stress,M2_stress_0044,B,M1,True,L,-0.7566515511813492,100,0.0,100,0,-0.7566515511813492,
M2,44,stress,M2_stress_0044,B,M2,True,R,-342.08821952047975,100,0.52,48,52,-0.8806483195192615,-657.0490544752125
M2,44,stress,M2_stress_0044,B,M2,True,L,-0.756799722317156,100,0.0,100,0,-0.756799722317156,
M2,44,stress,M2_stress_0044,B,M3,True,R,-44.11211103189442,100,0.46,54,46,-0.6807732837434679,-95.09672491015857
M2,44,stress,M2_stress_0044,B,M3,True,L,-0.757575257264156,100,0.0,100,0,-0.757575257264156,
M2,45,stress,M2_stress_0045,B,M1,True,R,-1.0572835129420282,100,0.53,47,53,-0.8786516132292034,-1.215692933442081
M2,45,stress,M2_stress_0045,B,M1,True,L,-0.986770030913503,100,0.0,100,0,-0.986770030913503,
M2,45,stress,M2_stress_0045,B,M2,True,R,-50.825624516183694,100,0.67,33,67,-1.1979319060670461,-75.26911490624117
M2,45,stress,M2_stress_0045,B,M2,True,L,-0.9870519099987858,100,0.0,100,0,-0.9870519099987858,
M2,45,stress,M2_stress_0045,B,M3,True,R,-0.8282623973955858,100,0.49,51,49,-0.8954183474648627,-0.7583653881398078
M2,45,stress,M2_stress_0045,B,M3,True,L,-0.9869308148087099,100,0.0,100,0,-0.9869308148087099,
M2,46,stress,M2_stress_0046,B,M1,True,R,0.12319977027257645,100,0.0,100,0,0.12319977027257645,
M2,46,stress,M2_stress_0046,B,M1,True,L,0.319494865770953,100,0.0,100,0,0.319494865770953,
M2,46,stress,M2_stress_0046,B,M2,True,R,0.12703897864023744,100,0.0,100,0,0.12703897864023744,
M2,46,stress,M2_stress_0046,B,M2,True,L,0.31872259355105415,100,0.0,100,0,0.31872259355105415,
M2,46,stress,M2_stress_0046,B,M3,True,R,0.12660971998720075,100,0.0,100,0,0.12660971998720075,
M2,46,stress,M2_stress_0046,B,M3,True,L,0.31966559707981107,100,0.0,100,0,0.31966559707981107,
M2,47,stress,M2_stress_0047,B,M1,True,R,-14.532898030512913,100,0.43,57,43,-0.5744582736126753,-33.03594608035741
M2,47,stress,M2_stress_0047,B,M1,True,L,-1.1155331557663712,100,0.01,99,1,-1.1233289478011017,-0.3437497443280476
M2,47,stress,M2_stress_0047,B,M2,True,R,-4.527875714633439,100,0.44,56,44,-0.5782271440084534,-9.554701168156146
M2,47,stress,M2_stress_0047,B,M2,True,L,-1.1140709248311114,100,0.0,100,0,-1.1140709248311114,
M2,47,stress,M2_stress_0047,B,M3,True,R,-15.355865467887487,100,0.34,66,34,-0.9670578830530512,-43.287080191389634
M2,47,stress,M2_stress_0047,B,M3,True,L,-1.1129820635708385,100,0.0,100,0,-1.1129820635708385,
M2,48,stress,M2_stress_0048,B,M1,True,R,-32108.022002869406,100,0.54,46,54,-0.8219320137733388,-59458.599841005685
M2,48,stress,M2_stress_0048,B,M1,True,L,-0.9419674750680853,100,0.04,96,4,-0.9242751859649707,-1.3665824135428344
M2,48,stress,M2_stress_0048,B,M2,True,R,-547727.2848121275,100,0.55,45,55,-0.8498976608402823,-995867.095196691
M2,48,stress,M2_stress_0048,B,M2,True,L,-0.879831327079134,100,0.08,92,8,-0.9448562779218419,-0.13204439238799426
M2,48,stress,M2_stress_0048,B,M3,True,R,-34133.55810886023,100,0.54,46,54,-0.8657505465514943,-63209.55530297927
M2,48,stress,M2_stress_0048,B,M3,True,L,-1.026463613615373,100,0.0,100,0,-1.026463613615373,
M2,49,stress,M2_stress_0049,B,M1,True,R,-23.415438774847047,100,0.72,28,72,-1.6436558464700433,-31.882243246993653
M2,49,stress,M2_stress_0049,B,M1,True,L,-1.5098919492104828,100,0.0,100,0,-1.5098919492104828,
M2,49,stress,M2_stress_0049,B,M2,True,R,-74248.87283004366,100,0.72,28,72,-1.6285506393990627,-103122.8011609231
M2,49,stress,M2_stress_0049,B,M2,True,L,-1.5119367199599834,100,0.0,100,0,-1.5119367199599834,
M2,49,stress,M2_stress_0049,B,M3,True,R,-76.58253807467808,100,0.56,44,56,-1.5242945903081344,-135.55687224096872
M2,49,stress,M2_stress_0049,B,M3,True,L,-1.5078938368815527,100,0.0,100,0,-1.5078938368815527,
M3,0,nominal,M3_nominal_0000,B,M1,True,R,-1.173119925987753,100,0.0,100,0,-1.173119925987753,
M3,0,nominal,M3_nominal_0000,B,M1,True,L,-1.3046605225232863,100,0.18,82,18,-1.3459584982504695,-1.1165252997661184
M3,0,nominal,M3_nominal_0000,B,M2,True,R,-1.1741266007258797,100,0.0,100,0,-1.1741266007258797,
M3,0,nominal,M3_nominal_0000,B,M2,True,L,-1.305231424275392,100,0.08,92,8,-1.33038344332582,-1.0159832051954711
M3,0,nominal,M3_nominal_0000,B,M3,True,R,-1.1680731278569103,100,0.01,99,1,-1.1736201640980057,-0.6189165399884426
M3,0,nominal,M3_nominal_0000,B,M3,True,L,-1.3033243659895353,100,0.0,100,0,-1.3033243659895353,
M3,1,nominal,M3_nominal_0001,B,M1,True,R,-1.533731629429913,100,0.01,99,1,-1.5333432122697057,-1.5721849282904397
M3,1,nominal,M3_nominal_0001,B,M1,True,L,-1.9993105492875503,100,0.01,99,1,-2.005403870440728,-1.3960717551230084
M3,1,nominal,M3_nominal_0001,B,M2,True,R,-1.5347033027023251,100,0.01,99,1,-1.5341130802430314,-1.5931353261723968
M3,1,nominal,M3_nominal_0001,B,M2,True,L,-2.001583480572696,100,0.0,100,0,-2.001583480572696,
M3,1,nominal,M3_nominal_0001,B,M3,True,R,-1.5320812734635678,100,0.0,100,0,-1.5320812734635678,
M3,1,nominal,M3_nominal_0001,B,M3,True,L,-2.001695088057852,100,0.0,100,0,-2.001695088057852,
M3,2,nominal,M3_nominal_0002,B,M1,True,R,-0.5720868322267382,100,0.0,100,0,-0.5720868322267382,
M3,2,nominal,M3_nominal_0002,B,M1,True,L,-0.8432379673917733,100,0.0,100,0,-0.8432379673917733,
M3,2,nominal,M3_nominal_0002,B,M2,True,R,-0.5715337688561548,100,0.0,100,0,-0.5715337688561548,
M3,2,nominal,M3_nominal_0002,B,M2,True,L,-0.8442787143319276,100,0.0,100,0,-0.8442787143319276,
M3,2,nominal,M3_nominal_0002,B,M3,True,R,-0.5732088264439958,100,0.0,100,0,-0.5732088264439958,
M3,2,nominal,M3_nominal_0002,B,M3,True,L,-0.8414315182919174,100,0.0,100,0,-0.8414315182919174,
M3,3,nominal,M3_nominal_0003,B,M1,True,R,-1.334587991458688,100,0.05,95,5,-1.3172672319939112,-1.6636824212894354
M3,3,nominal,M3_nominal_0003,B,M1,True,L,-1.2983879726936018,100,0.28,72,28,-1.3632633996714476,-1.1315654461791413
M3,3,nominal,M3_nominal_0003,B,M2,True,R,-1.3343144128277242,100,0.06,94,6,-1.322575004973514,-1.5182318025436778
M3,3,nominal,M3_nominal_0003,B,M2,True,L,-6.297012344042156,100,0.29,71,29,-1.3680401279280858,-18.364496045562802
M3,3,nominal,M3_nominal_0003,B,M3,True,R,-1.3353182728689275,100,0.0,100,0,-1.3353182728689275,
M3,3,nominal,M3_nominal_0003,B,M3,True,L,-1.2702712819231965,100,0.2,80,20,-1.3439319475592664,-0.9756286193789174
M3,4,nominal,M3_nominal_0004,B,M1,True,R,-0.9719051942662423,100,0.0,100,0,-0.9719051942662423,
M3,4,nominal,M3_nominal_0004,B,M1,True,L,-0.8022478346060933,100,0.0,100,0,-0.8022478346060933,
M3,4,nominal,M3_nominal_0004,B,M2,True,R,-0.9729811923505648,100,0.0,100,0,-0.9729811923505648,
M3,4,nominal,M3_nominal_0004,B,M2,True,L,-0.8065158466637378,100,0.01,99,1,-0.8112325497274668,-0.3395622433545745
M3,4,nominal,M3_nominal_0004,B,M3,True,R,-0.9672146128062623,100,0.01,99,1,-0.9689470052013889,-0.7957077656887253
M3,4,nominal,M3_nominal_0004,B,M3,True,L,-0.801132646113205,100,0.0,100,0,-0.801132646113205,
M3,5,nominal,M3_nominal_0005,B,M1,True,R,-1.255271754520969,100,0.0,100,0,-1.255271754520969,
M3,5,nominal,M3_nominal_0005,B,M1,True,L,-1.467786529809967,100,0.0,100,0,-1.467786529809967,
M3,5,nominal,M3_nominal_0005,B,M2,True,R,-1.2535437388485888,100,0.0,100,0,-1.2535437388485888,
M3,5,nominal,M3_nominal_0005,B,M2,True,L,-1.4728495766493646,100,0.0,100,0,-1.4728495766493646,
M3,5,nominal,M3_nominal_0005,B,M3,True,R,-1.2556879641474143,100,0.0,100,0,-1.2556879641474143,
M3,5,nominal,M3_nominal_0005,B,M3,True,L,-1.468601122391727,100,0.0,100,0,-1.468601122391727,
M3,6,nominal,M3_nominal_0006,B,M1,True,R,-0.8676127004524878,100,0.03,97,3,-0.8797651088838178,-0.4746848278394881
M3,6,nominal,M3_nominal_0006,B,M1,True,L,-1.1648794887964682,100,0.03,97,3,-1.1460533620914743,-1.7735909189246026
M3,6,nominal,M3_nominal_0006,B,M2,True,R,-0.8671885380317811,100,0.02,98,2,-0.873747137355095,-0.5458171711893971
M3,6,nominal,M3_nominal_0006,B,M2,True,L,-1.1651877178265833,100,0.02,98,2,-1.164201272403457,-1.2135235435597762
M3,6,nominal,M3_nominal_0006,B,M3,True,R,-0.8659093997847728,100,0.0,100,0,-0.8659093997847728,
M3,6,nominal,M3_nominal_0006,B,M3,True,L,-1.1630835172702387,100,0.01,99,1,-1.1639568207940518,-1.0766264684127334
M3,7,nominal,M3_nominal_0007,B,M1,True,R,-1.0323725334338973,100,0.0,100,0,-1.0323725334338973,
M3,7,nominal,M3_nominal_0007,B,M1,True,L,-0.8956905985249819,100,0.02,98,2,-0.874885782285242,-1.9151265942722424
M3,7,nominal,M3_nominal_0007,B,M2,True,R,-1.0279227392569745,100,0.0,100,0,-1.0279227392569745,
M3,7,nominal,M3_nominal_0007,B,M2,True,L,-0.9097585156529103,100,0.0,100,0,-0.9097585156529103,
M3,7,nominal,M3_nominal_0007,B,M3,True,R,-1.0403336948329356,100,0.0,100,0,-1.0403336948329356,
M3,7,nominal,M3_nominal_0007,B,M3,True,L,-0.888984393702393,100,0.0,100,0,-0.888984393702393,
M3,8,nominal,M3_nominal_0008,B,M1,True,R,0.2411188173330612,100,0.0,100,0,0.2411188173330612,
M3,8,nominal,M3_nominal_0008,B,M1,True,L,0.16646239209434943,100,0.0,100,0,0.16646239209434943,
M3,8,nominal,M3_nominal_0008,B,M2,True,R,0.23034733948703487,100,0.0,100,0,0.23034733948703487,
M3,8,nominal,M3_nominal_0008,B,M2,True,L,0.16261936990209275,100,0.01,99,1,0.1591775444207717,0.5033600925528756
M3,8,nominal,M3_nominal_0008,B,M3,True,R,0.24247190492933865,100,0.0,100,0,0.24247190492933865,
M3,8,nominal,M3_nominal_0008,B,M3,True,L,0.16722905395778753,100,0.0,100,0,0.16722905395778753,
M3,9,nominal,M3_nominal_0009,B,M1,True,R,-488.1651524568902,100,0.54,46,54,-0.7581315872553591,-903.363725790283
M3,9,nominal,M3_nominal_0009,B,M1,True,L,-0.9945593588317722,100,0.0,100,0,-0.9945593588317722,
M3,9,nominal,M3_nominal_0009,B,M2,True,R,-6796297.748055321,100,0.55,45,55,-0.832973638605378,-12356904.314940333
M3,9,nominal,M3_nominal_0009,B,M2,True,L,-1.0080337134125852,100,0.0,100,0,-1.0080337134125852,
M3,9,nominal,M3_nominal_0009,B,M3,True,R,-188.0452155863803,100,0.54,46,54,-0.7518638555033056,-347.59140409786806
M3,9,nominal,M3_nominal_0009,B,M3,True,L,-0.9892955187627708,100,0.0,100,0,-0.9892955187627708,
M3,10,nominal,M3_nominal_0010,B,M1,True,R,-1.2592096429994717,100,0.0,100,0,-1.2592096429994717,
M3,10,nominal,M3_nominal_0010,B,M1,True,L,-1.5495144504876779,100,0.0,100,0,-1.5495144504876779,
M3,10,nominal,M3_nominal_0010,B,M2,True,R,-1.2633685619390098,100,0.0,100,0,-1.2633685619390098,
M3,10,nominal,M3_nominal_0010,B,M2,True,L,-1.5463753970676277,100,0.01,99,1,-1.5004043746887554,-6.097506612575992
M3,10,nominal,M3_nominal_0010,B,M3,True,R,-1.2609891810991218,100,0.0,100,0,-1.2609891810991218,
M3,10,nominal,M3_nominal_0010,B,M3,True,L,-1.5462232687807964,100,0.0,100,0,-1.5462232687807964,
M3,11,nominal,M3_nominal_0011,B,M1,True,R,-1.2858569662307426,100,0.0,100,0,-1.2858569662307426,
M3,11,nominal,M3_nominal_0011,B,M1,True,L,-1.0840988381400158,100,0.01,99,1,-1.0891942706648516,-0.5796510181812589
M3,11,nominal,M3_nominal_0011,B,M2,True,R,-1.2946789597609536,100,0.01,99,1,-1.3012090369505767,-0.6482013179882742
M3,11,nominal,M3_nominal_0011,B,M2,True,L,-1.0835470163334837,100,0.0,100,0,-1.0835470163334837,
M3,11,nominal,M3_nominal_0011,B,M3,True,R,-1.282283554195668,100,0.0,100,0,-1.282283554195668,
M3,11,nominal,M3_nominal_0011,B,M3,True,L,-1.0859172777392427,100,0.0,100,0,-1.0859172777392427,
M3,12,nominal,M3_nominal_0012,B,M1,True,R,-1.0757640846506886,100,0.0,100,0,-1.0757640846506886,
M3,12,nominal,M3_nominal_0012,B,M1,True,L,-1.1079967334058265,100,0.0,100,0,-1.1079967334058265,
M3,12,nominal,M3_nominal_0012,B,M2,True,R,-1.0760192917674007,100,0.0,100,0,-1.0760192917674007,
M3,12,nominal,M3_nominal_0012,B,M2,True,L,-1.107374871558394,100,0.0,100,0,-1.107374871558394,
M3,12,nominal,M3_nominal_0012,B,M3,True,R,-1.0721252872495979,100,0.0,100,0,-1.0721252872495979,
M3,12,nominal,M3_nominal_0012,B,M3,True,L,-1.105409977738597,100,0.0,100,0,-1.105409977738597,
M3,13,nominal,M3_nominal_0013,B,M1,True,R,-1.566856525177553,100,0.0,100,0,-1.566856525177553,
M3,13,nominal,M3_nominal_0013,B,M1,True,L,-1.7034611084105993,100,0.0,100,0,-1.7034611084105993,
M3,13,nominal,M3_nominal_0013,B,M2,True,R,-1.5670790978605769,100,0.0,100,0,-1.5670790978605769,
M3,13,nominal,M3_nominal_0013,B,M2,True,L,-1.7108476479732795,100,0.01,99,1,-1.71167342955364,-1.6290952715175933
M3,13,nominal,M3_nominal_0013,B,M3,True,R,-1.5653176476560704,100,0.0,100,0,-1.5653176476560704,
M3,13,nominal,M3_nominal_0013,B,M3,True,L,-1.69925160325037,100,0.0,100,0,-1.69925160325037,
M3,14,nominal,M3_nominal_0014,B,M1,True,R,-1.25068473266705,100,0.05,95,5,-1.2598780847171072,-1.0760110437159693
M3,14,nominal,M3_nominal_0014,B,M1,True,L,-1.5302285169978802,100,0.01,99,1,-1.527943795540114,-1.756415941316714
M3,14,nominal,M3_nominal_0014,B,M2,True,R,-1.2502170850050625,100,0.05,95,5,-1.2592999033654186,-1.077643536158291
M3,14,nominal,M3_nominal_0014,B,M2,True,L,-1.5282935891384606,100,0.01,99,1,-1.5254946464808028,-1.8053889122465574
M3,14,nominal,M3_nominal_0014,B,M3,True,R,-1.2496814250580506,100,0.0,100,0,-1.2496814250580506,
M3,14,nominal,M3_nominal_0014,B,M3,True,L,-1.5328470227426747,100,0.0,100,0,-1.5328470227426747,
M3,15,nominal,M3_nominal_0015,B,M1,True,R,-1.5287477232113187,100,0.0,100,0,-1.5287477232113187,
M3,15,nominal,M3_nominal_0015,B,M1,True,L,-1.6154175044850032,100,0.0,100,0,-1.6154175044850032,
M3,15,nominal,M3_nominal_0015,B,M2,True,R,-1.5308338070917191,100,0.05,95,5,-1.5235969094154262,-1.6683348629412784
M3,15,nominal,M3_nominal_0015,B,M2,True,L,-1.614576832693933,100,0.01,99,1,-1.6170410613276662,-1.3706181979543397
M3,15,nominal,M3_nominal_0015,B,M3,True,R,-1.5297415958830596,100,0.0,100,0,-1.5297415958830596,
M3,15,nominal,M3_nominal_0015,B,M3,True,L,-1.6140496160551252,100,0.0,100,0,-1.6140496160551252,
M3,16,nominal,M3_nominal_0016,B,M1,True,R,-1.4711950213880047,100,0.0,100,0,-1.4711950213880047,
M3,16,nominal,M3_nominal_0016,B,M1,True,L,-1.7392013015082148,100,0.0,100,0,-1.7392013015082148,
M3,16,nominal,M3_nominal_0016,B,M2,True,R,-1.4709385244706759,100,0.0,100,0,-1.4709385244706759,
M3,16,nominal,M3_nominal_0016,B,M2,True,L,-1.7403800063591346,100,0.09,91,9,-1.7420732878869811,-1.7232590486886836
M3,16,nominal,M3_nominal_0016,B,M3,True,R,-1.4716614259311414,100,0.0,100,0,-1.4716614259311414,
M3,16,nominal,M3_nominal_0016,B,M3,True,L,-1.7380213313986004,100,0.0,100,0,-1.7380213313986004,
M3,17,nominal,M3_nominal_0017,B,M1,True,R,-1.6246494408833925,100,0.01,99,1,-1.622424189360855,-1.844949341614618
M3,17,nominal,M3_nominal_0017,B,M1,True,L,-1.7534690579079464,100,0.14,86,14,-1.770383835290403,-1.6495639968442843
M3,17,nominal,M3_nominal_0017,B,M2,True,R,-1.624560615748584,100,0.0,100,0,-1.624560615748584,
M3,17,nominal,M3_nominal_0017,B,M2,True,L,-1.7522754743864115,100,0.02,98,2,-1.7572199747864412,-1.5099949547849487
M3,17,nominal,M3_nominal_0017,B,M3,True,R,-1.624093127521875,100,0.0,100,0,-1.624093127521875,
M3,17,nominal,M3_nominal_0017,B,M3,True,L,-1.7559531165944393,100,0.0,100,0,-1.7559531165944393,
M3,18,nominal,M3_nominal_0018,B,M1,True,R,-1.4830674310194314,100,0.0,100,0,-1.4830674310194314,
M3,18,nominal,M3_nominal_0018,B,M1,True,L,-1.4747768940721782,100,0.0,100,0,-1.4747768940721782,
M3,18,nominal,M3_nominal_0018,B,M2,True,R,-1.480695899257252,100,0.0,100,0,-1.480695899257252,
M3,18,nominal,M3_nominal_0018,B,M2,True,L,-1.4746989376927615,100,0.0,100,0,-1.4746989376927615,
M3,18,nominal,M3_nominal_0018,B,M3,True,R,-1.4810290260353565,100,0.01,99,1,-1.488434568861595,-0.7478802862377278
M3,18,nominal,M3_nominal_0018,B,M3,True,L,-1.4761683285472396,100,0.0,100,0,-1.4761683285472396,
M3,19,nominal,M3_nominal_0019,B,M1,True,R,-1.2535336595413598,100,0.07,93,7,-1.2212296460079641,-1.6827155536279046
M3,19,nominal,M3_nominal_0019,B,M1,True,L,-1.6514869585791212,100,0.02,98,2,-1.6618118876813524,-1.145565432569807
M3,19,nominal,M3_nominal_0019,B,M2,True,R,-1.2444811217236462,100,0.08,92,8,-1.216201190744663,-1.569700327981951
M3,19,nominal,M3_nominal_0019,B,M2,True,L,-1.6560701358622256,100,0.01,99,1,-1.6611188563661852,-1.1562468059701998
M3,19,nominal,M3_nominal_0019,B,M3,True,R,-1.2371904686449842,100,0.0,100,0,-1.2371904686449842,
M3,19,nominal,M3_nominal_0019,B,M3,True,L,-1.6471815822110072,100,0.0,100,0,-1.6471815822110072,
M3,20,nominal,M3_nominal_0020,B,M1,True,R,-1.6253692750315267,100,0.0,100,0,-1.6253692750315267,
M3,20,nominal,M3_nominal_0020,B,M1,True,L,-1.8151926826832974,100,0.11,89,11,-1.7700073042612285,-2.1807834717345815
M3,20,nominal,M3_nominal_0020,B,M2,True,R,-1.6243320893817716,100,0.01,99,1,-1.6127077065071453,-2.775145993969752
M3,20,nominal,M3_nominal_0020,B,M2,True,L,-1.8152060559100949,100,0.05,95,5,-1.7803422381909115,-2.4776185925745744
M3,20,nominal,M3_nominal_0020,B,M3,True,R,-1.619903155671697,100,0.0,100,0,-1.619903155671697,
M3,20,nominal,M3_nominal_0020,B,M3,True,L,-1.8113320201569536,100,0.0,100,0,-1.8113320201569536,
M3,21,nominal,M3_nominal_0021,B,M1,True,R,-0.9055036039271515,100,0.0,100,0,-0.9055036039271515,
M3,21,nominal,M3_nominal_0021,B,M1,True,L,-1.3454304922962317,100,0.01,99,1,-1.3506029279643528,-0.833359361152272
M3,21,nominal,M3_nominal_0021,B,M2,True,R,-0.9031206357539828,100,0.01,99,1,-0.8846520989538122,-2.7315057789708708
M3,21,nominal,M3_nominal_0021,B,M2,True,L,-1.3478030062993387,100,0.01,99,1,-1.353164450997147,-0.8170199812162925
M3,21,nominal,M3_nominal_0021,B,M3,True,R,-0.905849730211326,100,0.0,100,0,-0.905849730211326,
M3,21,nominal,M3_nominal_0021,B,M3,True,L,-1.3473151164686104,100,0.0,100,0,-1.3473151164686104,
M3,22,nominal,M3_nominal_0022,B,M1,True,R,-1.982333689099749,100,0.0,100,0,-1.982333689099749,
M3,22,nominal,M3_nominal_0022,B,M1,True,L,-1.6185905672846255,100,0.0,100,0,-1.6185905672846255,
M3,22,nominal,M3_nominal_0022,B,M2,True,R,-2.2262042241102207,100,0.03,97,3,-1.9794985327494061,-10.203021578109885
M3,22,nominal,M3_nominal_0022,B,M2,True,L,-1.6069370740255484,100,0.02,98,2,-1.6164577041963344,-1.140426195657037
M3,22,nominal,M3_nominal_0022,B,M3,True,R,-1.9460795957328847,100,0.03,97,3,-1.9381726242485442,-2.2017383403932134
M3,22,nominal,M3_nominal_0022,B,M3,True,L,-1.6183787552193847,100,0.0,100,0,-1.6183787552193847,
M3,23,nominal,M3_nominal_0023,B,M1,True,R,-1.6675202154404811,100,0.0,100,0,-1.6675202154404811,
M3,23,nominal,M3_nominal_0023,B,M1,True,L,-2.056663545598561,100,0.08,92,8,-2.055085544294,-2.0748105606010045
M3,23,nominal,M3_nominal_0023,B,M2,True,R,-1.6696787495876793,100,0.0,100,0,-1.6696787495876793,
M3,23,nominal,M3_nominal_0023,B,M2,True,L,-2.0606822306463046,100,0.06,94,6,-2.0709785563482876,-1.899373127981897
M3,23,nominal,M3_nominal_0023,B,M3,True,R,-1.6690301666622929,100,0.0,100,0,-1.6690301666622929,
M3,23,nominal,M3_nominal_0023,B,M3,True,L,-2.0608831758176858,100,0.0,100,0,-2.0608831758176858,
M3,24,nominal,M3_nominal_0024,B,M1,True,R,-0.5663686919314598,100,0.0,100,0,-0.5663686919314598,
M3,24,nominal,M3_nominal_0024,B,M1,True,L,-1.617079233375672,100,0.0,100,0,-1.617079233375672,
M3,24,nominal,M3_nominal_0024,B,M2,True,R,-0.5662114367345936,100,0.01,99,1,-0.5430130174257711,-2.862854948308017
M3,24,nominal,M3_nominal_0024,B,M2,True,L,-1.6183127648524365,100,0.0,100,0,-1.6183127648524365,
M3,24,nominal,M3_nominal_0024,B,M3,True,R,-0.5663392491367634,100,0.0,100,0,-0.5663392491367634,
M3,24,nominal,M3_nominal_0024,B,M3,True,L,-1.616914077835698,100,0.0,100,0,-1.616914077835698,
M3,25,nominal,M3_nominal_0025,B,M1,True,R,-1.403327488523653,100,0.0,100,0,-1.403327488523653,
M3,25,nominal,M3_nominal_0025,B,M1,True,L,-1.4654165892164663,100,0.03,97,3,-1.4742479591457345,-1.1798689615034592
M3,25,nominal,M3_nominal_0025,B,M2,True,R,-1.4019965580089364,100,0.02,98,2,-1.3989723222190538,-1.5501841117131885
M3,25,nominal,M3_nominal_0025,B,M2,True,L,-1.465511270014143,100,0.0,100,0,-1.465511270014143,
M3,25,nominal,M3_nominal_0025,B,M3,True,R,-1.401422083136537,100,0.0,100,0,-1.401422083136537,
M3,25,nominal,M3_nominal_0025,B,M3,True,L,-1.4662653200788143,100,0.0,100,0,-1.4662653200788143,
M3,26,nominal,M3_nominal_0026,B,M1,True,R,-1.1874470435145357,100,0.0,100,0,-1.1874470435145357,
M3,26,nominal,M3_nominal_0026,B,M1,True,L,-1.4179749092558307,100,0.0,100,0,-1.4179749092558307,
M3,26,nominal,M3_nominal_0026,B,M2,True,R,-1.1845768988069292,100,0.01,99,1,-1.1867972594230916,-0.9647611978068419
M3,26,nominal,M3_nominal_0026,B,M2,True,L,-1.4164891971495217,100,0.01,99,1,-1.4209418138126486,-0.9756801474999655
M3,26,nominal,M3_nominal_0026,B,M3,True,R,-1.189419620029036,100,0.01,99,1,-1.1932889316607107,-0.8063577684932257
M3,26,nominal,M3_nominal_0026,B,M3,True,L,-1.415845417230007,100,0.0,100,0,-1.415845417230007,
M3,27,nominal,M3_nominal_0027,B,M1,True,R,-1.2629129050985528,100,0.0,100,0,-1.2629129050985528,
M3,27,nominal,M3_nominal_0027,B,M1,True,L,-1.5935040162260936,100,0.0,100,0,-1.5935040162260936,
M3,27,nominal,M3_nominal_0027,B,M2,True,R,-1.2642774214050982,100,0.01,99,1,-1.2668802683609226,-1.006595572778484
M3,27,nominal,M3_nominal_0027,B,M2,True,L,-1.5941340710538583,100,0.0,100,0,-1.5941340710538583,
M3,27,nominal,M3_nominal_0027,B,M3,True,R,-1.2633639984134981,100,0.0,100,0,-1.2633639984134981,
M3,27,nominal,M3_nominal_0027,B,M3,True,L,-1.5918055330165435,100,0.0,100,0,-1.5918055330165435,
M3,28,nominal,M3_nominal_0028,B,M1,True,R,-1.6857151023262391,100,0.0,100,0,-1.6857151023262391,
M3,28,nominal,M3_nominal_0028,B,M1,True,L,-1.7129407465696804,100,0.01,99,1,-1.7183345957641325,-1.1789496763189704
M3,28,nominal,M3_nominal_0028,B,M2,True,R,-1.6916644196019437,100,0.0,100,0,-1.6916644196019437,
M3,28,nominal,M3_nominal_0028,B,M2,True,L,-1.7241475261650183,100,0.01,99,1,-1.7296726440771701,-1.1771608528620165
M3,28,nominal,M3_nominal_0028,B,M3,True,R,-1.6919970826346478,100,0.01,99,1,-1.684218378579835,-2.4620887840610717
M3,28,nominal,M3_nominal_0028,B,M3,True,L,-1.7115565838368871,100,0.0,100,0,-1.7115565838368871,
M3,29,nominal,M3_nominal_0029,B,M1,True,R,-0.6133572020732916,100,0.49,51,49,-0.3815162626040757,-0.8546610370310467
M3,29,nominal,M3_nominal_0029,B,M1,True,L,-0.7256158270778634,100,0.0,100,0,-0.7256158270778634,
M3,29,nominal,M3_nominal_0029,B,M2,True,R,-131.56368711812166,100,0.5,50,50,-0.3651704012375015,-262.76220383500583
M3,29,nominal,M3_nominal_0029,B,M2,True,L,-0.7242301373022536,100,0.0,100,0,-0.7242301373022536,
M3,29,nominal,M3_nominal_0029,B,M3,True,R,-0.549290246721315,100,0.45,55,45,-0.37283053533035665,-0.7649632273102641
M3,29,nominal,M3_nominal_0029,B,M3,True,L,-0.729575457379156,100,0.0,100,0,-0.729575457379156,
M3,30,nominal,M3_nominal_0030,B,M1,True,R,-1.3013012276506892,100,0.0,100,0,-1.3013012276506892,
M3,30,nominal,M3_nominal_0030,B,M1,True,L,-1.472911281019218,100,0.0,100,0,-1.472911281019218,
M3,30,nominal,M3_nominal_0030,B,M2,True,R,-1.3087099033916905,100,0.0,100,0,-1.3087099033916905,
M3,30,nominal,M3_nominal_0030,B,M2,True,L,-1.4791942081683842,100,0.0,100,0,-1.4791942081683842,
M3,30,nominal,M3_nominal_0030,B,M3,True,R,-1.3065550941202115,100,0.0,100,0,-1.3065550941202115,
M3,30,nominal,M3_nominal_0030,B,M3,True,L,-1.4741479449610666,100,0.0,100,0,-1.4741479449610666,
M3,31,nominal,M3_nominal_0031,B,M1,True,R,-13.739420276122384,100,0.53,47,53,-1.1258477668924858,-24.92504118053381
M3,31,nominal,M3_nominal_0031,B,M1,True,L,-1.7378212526663128,100,0.0,100,0,-1.7378212526663128,
M3,31,nominal,M3_nominal_0031,B,M2,True,R,-15178.121398263629,100,0.55,45,55,-1.1098686061124736,-27595.676286165235
M3,31,nominal,M3_nominal_0031,B,M2,True,L,-1.7421034773768376,100,0.01,99,1,-1.7493272394982444,-1.026951027357549
M3,31,nominal,M3_nominal_0031,B,M3,True,R,-7.228223568833123,100,0.5,50,50,-1.0697519399075395,-13.386695197758709
M3,31,nominal,M3_nominal_0031,B,M3,True,L,-1.7401487736534573,100,0.0,100,0,-1.7401487736534573,
M3,32,nominal,M3_nominal_0032,B,M1,True,R,-5.058939885430099,100,0.65,35,65,-1.530363181567053,-6.958942725971738
M3,32,nominal,M3_nominal_0032,B,M1,True,L,-0.9310174141335033,100,0.0,100,0,-0.9310174141335033,
M3,32,nominal,M3_nominal_0032,B,M2,True,R,-177.8858572636622,100,0.73,27,73,-1.1999812325985135,-243.23542785049398
M3,32,nominal,M3_nominal_0032,B,M2,True,L,-0.9334880460149679,100,0.0,100,0,-0.9334880460149679,
M3,32,nominal,M3_nominal_0032,B,M3,True,R,-2.7630104394366537,100,0.54,46,54,-1.2627467746389378,-4.041012820560633
M3,32,nominal,M3_nominal_0032,B,M3,True,L,-0.9373866987385472,100,0.0,100,0,-0.9373866987385472,
M3,33,nominal,M3_nominal_0033,B,M1,True,R,-1.6534878924855279,100,0.0,100,0,-1.6534878924855279,
M3,33,nominal,M3_nominal_0033,B,M1,True,L,-1.760493328642398,100,0.0,100,0,-1.760493328642398,
M3,33,nominal,M3_nominal_0033,B,M2,True,R,-1.6423038609144134,100,0.0,100,0,-1.6423038609144134,
M3,33,nominal,M3_nominal_0033,B,M2,True,L,-1.755817765017577,100,0.0,100,0,-1.755817765017577,
M3,33,nominal,M3_nominal_0033,B,M3,True,R,-1.6158296123698321,100,0.03,97,3,-1.620753183817438,-1.456634135563898
M3,33,nominal,M3_nominal_0033,B,M3,True,L,-1.7635965010182153,100,0.02,98,2,-1.7736313331578517,-1.2718897261760294
M3,34,nominal,M3_nominal_0034,B,M1,True,R,-1.450862129607816,100,0.0,100,0,-1.450862129607816,
M3,34,nominal,M3_nominal_0034,B,M1,True,L,-1.4262311469917999,100,0.01,99,1,-1.424877733775196,-1.5602190554355722
M3,34,nominal,M3_nominal_0034,B,M2,True,R,-1.4513510508613725,100,0.0,100,0,-1.4513510508613725,
M3,34,nominal,M3_nominal_0034,B,M2,True,L,-1.4271687595605302,100,0.02,98,2,-1.4260112548490202,-1.483886490424525
M3,34,nominal,M3_nominal_0034,B,M3,True,R,-1.4494330866939253,100,0.0,100,0,-1.4494330866939253,
M3,34,nominal,M3_nominal_0034,B,M3,True,L,-1.426592746810962,100,0.0,100,0,-1.426592746810962,
M3,35,nominal,M3_nominal_0035,B,M1,True,R,-1.0104957085827797,100,0.0,100,0,-1.0104957085827797,
M3,35,nominal,M3_nominal_0035,B,M1,True,L,-1.2097268470189548,100,0.0,100,0,-1.2097268470189548,
M3,35,nominal,M3_nominal_0035,B,M2,True,R,-1.0130403459837556,100,0.01,99,1,-1.0178884001765862,-0.5330829808935136
M3,35,nominal,M3_nominal_0035,B,M2,True,L,-1.2102770112729122,100,0.0,100,0,-1.2102770112729122,
M3,35,nominal,M3_nominal_0035,B,M3,True,R,-1.009224057596943,100,0.0,100,0,-1.009224057596943,
M3,35,nominal,M3_nominal_0035,B,M3,True,L,-1.2091073175904292,100,0.0,100,0,-1.2091073175904292,
M3,36,nominal,M3_nominal_0036,B,M1,True,R,-1.817985332216506,100,0.0,100,0,-1.817985332216506,
M3,36,nominal,M3_nominal_0036,B,M1,True,L,-2.177863890835296,100,0.0,100,0,-2.177863890835296,
M3,36,nominal,M3_nominal_0036,B,M2,True,R,-1.8170041851356793,100,0.01,99,1,-1.7876196881912247,-4.726069382636673
M3,36,nominal,M3_nominal_0036,B,M2,True,L,-2.1803118950972085,100,0.02,98,2,-2.189797056511438,-1.7155389857999532
M3,36,nominal,M3_nominal_0036,B,M3,True,R,-1.8186990262953495,100,0.0,100,0,-1.8186990262953495,
M3,36,nominal,M3_nominal_0036,B,M3,True,L,-2.1789241520101728,100,0.0,100,0,-2.1789241520101728,
M3,37,nominal,M3_nominal_0037,B,M1,True,R,-0.8743473929230451,100,0.01,99,1,-0.8799285992516268,-0.3218079663934745
M3,37,nominal,M3_nominal_0037,B,M1,True,L,-1.0324165678759263,100,0.0,100,0,-1.0324165678759263,
M3,37,nominal,M3_nominal_0037,B,M2,True,R,-0.8697025255430779,100,0.01,99,1,-0.8746450804172189,-0.38038959300312164
M3,37,nominal,M3_nominal_0037,B,M2,True,L,-1.0261645772613364,100,0.0,100,0,-1.0261645772613364,
M3,37,nominal,M3_nominal_0037,B,M3,True,R,-0.8762323736194153,100,0.0,100,0,-0.8762323736194153,
M3,37,nominal,M3_nominal_0037,B,M3,True,L,-1.031871767234543,100,0.02,98,2,-0.9819260035720045,-3.479214186698936
M3,38,nominal,M3_nominal_0038,B,M1,True,R,-2.221419325177219,100,0.0,100,0,-2.221419325177219,
M3,38,nominal,M3_nominal_0038,B,M1,True,L,-2.853767751417771,100,0.0,100,0,-2.853767751417771,
M3,38,nominal,M3_nominal_0038,B,M2,True,R,-2.228736633647305,100,0.0,100,0,-2.228736633647305,
M3,38,nominal,M3_nominal_0038,B,M2,True,L,-2.844372105408784,100,0.0,100,0,-2.844372105408784,
M3,38,nominal,M3_nominal_0038,B,M3,True,R,-2.2136209863291367,100,0.02,98,2,-2.2064067778026484,-2.5671172041270647
M3,38,nominal,M3_nominal_0038,B,M3,True,L,-2.8447409276264892,100,0.01,99,1,-2.8573619235431633,-1.5952623318757588
M3,39,nominal,M3_nominal_0039,B,M1,True,R,-1.5399612533653766,100,0.02,98,2,-1.546219661096673,-1.2332992745318705
M3,39,nominal,M3_nominal_0039,B,M1,True,L,-1.7365708285154315,100,0.0,100,0,-1.7365708285154315,
M3,39,nominal,M3_nominal_0039,B,M2,True,R,-1.5255222548417102,100,0.02,98,2,-1.5329270763431888,-1.1626860012692741
M3,39,nominal,M3_nominal_0039,B,M2,True,L,-1.7364181214915246,100,0.01,99,1,-1.740620064974874,-1.320425716639886
M3,39,nominal,M3_nominal_0039,B,M3,True,R,-1.5401424791176352,100,0.0,100,0,-1.5401424791176352,
M3,39,nominal,M3_nominal_0039,B,M3,True,L,-1.7387488788725554,100,0.0,100,0,-1.7387488788725554,
M3,40,nominal,M3_nominal_0040,B,M1,True,R,-1.190272471925318,100,0.01,99,1,-1.195220312104483,-0.7004362941879623
M3,40,nominal,M3_nominal_0040,B,M1,True,L,-1.5070515869541738,100,0.0,100,0,-1.5070515869541738,
M3,40,nominal,M3_nominal_0040,B,M2,True,R,-1.1905742059538853,100,0.0,100,0,-1.1905742059538853,
M3,40,nominal,M3_nominal_0040,B,M2,True,L,-1.505458787874921,100,0.01,99,1,-1.5057530001319543,-1.4763317744286524
M3,40,nominal,M3_nominal_0040,B,M3,True,R,-1.1888568898188832,100,0.0,100,0,-1.1888568898188832,
M3,40,nominal,M3_nominal_0040,B,M3,True,L,-1.5072803192792674,100,0.0,100,0,-1.5072803192792674,
M3,41,nominal,M3_nominal_0041,B,M1,True,R,-1.291552123036248,100,0.0,100,0,-1.291552123036248,
M3,41,nominal,M3_nominal_0041,B,M1,True,L,-0.9965246012902855,100,0.56,44,56,-0.97444166449486,-1.0138754802009773
M3,41,nominal,M3_nominal_0041,B,M2,True,R,-1.2860588274785163,100,0.0,100,0,-1.2860588274785163,
M3,41,nominal,M3_nominal_0041,B,M2,True,L,-33.44987848338372,100,0.45,55,45,-0.9296329124356576,-73.19684529232026
M3,41,nominal,M3_nominal_0041,B,M3,True,R,-1.275629148161261,100,0.0,100,0,-1.275629148161261,
M3,41,nominal,M3_nominal_0041,B,M3,True,L,-1.0535826898823084,100,0.06,94,6,-1.0743609701080215,-0.7280562996794729
M3,42,nominal,M3_nominal_0042,B,M1,True,R,-1.5186169618036558,100,0.01,99,1,-1.5233631115614643,-1.048748135780636
M3,42,nominal,M3_nominal_0042,B,M1,True,L,-1.6639712430900246,100,0.01,99,1,-1.6561567577836487,-2.4376052884212616
M3,42,nominal,M3_nominal_0042,B,M2,True,R,-1.5176075955813877,100,0.01,99,1,-1.5224750415830797,-1.0357304414138642
M3,42,nominal,M3_nominal_0042,B,M2,True,L,-1.6658343119471417,100,0.04,96,4,-1.6446715975561303,-2.1737394573314113
M3,42,nominal,M3_nominal_0042,B,M3,True,R,-1.5177438931398763,100,0.0,100,0,-1.5177438931398763,
M3,42,nominal,M3_nominal_0042,B,M3,True,L,-1.6630442181914153,100,0.0,100,0,-1.6630442181914153,
M3,43,nominal,M3_nominal_0043,B,M1,True,R,-1.1026967692399783,100,0.08,92,8,-1.0729465183373452,-1.4448246546202599
M3,43,nominal,M3_nominal_0043,B,M1,True,L,-1.1997265892569895,100,0.03,97,3,-1.2043969073428251,-1.0487196378149644
M3,43,nominal,M3_nominal_0043,B,M2,True,R,-1.1134781879418865,100,0.08,92,8,-1.0762280250848348,-1.5418550607979806
M3,43,nominal,M3_nominal_0043,B,M2,True,L,-1.2096169296492632,100,0.03,97,3,-1.2208602312398595,-0.8460835115533114
M3,43,nominal,M3_nominal_0043,B,M3,True,R,-1.0984658311849078,100,0.0,100,0,-1.0984658311849078,
M3,43,nominal,M3_nominal_0043,B,M3,True,L,-1.1966106854146938,100,0.0,100,0,-1.1966106854146938,
M3,44,nominal,M3_nominal_0044,B,M1,True,R,-0.9597737319803988,100,0.49,51,49,-0.5303649021836678,-1.4067094527892414
M3,44,nominal,M3_nominal_0044,B,M1,True,L,-0.936246530318471,100,0.01,99,1,-0.9382423689241797,-0.7386585083533207
M3,44,nominal,M3_nominal_0044,B,M2,True,R,-53.95459093117158,100,0.49,51,49,-0.5475216162311796,-109.54154062631362
M3,44,nominal,M3_nominal_0044,B,M2,True,L,-0.9316817178476866,100,0.01,99,1,-0.9339852204290394,-0.7036349622937667
M3,44,nominal,M3_nominal_0044,B,M3,True,R,-0.42631050425063516,100,0.39,61,39,-0.5733113966597639,-0.1963860315081515
M3,44,nominal,M3_nominal_0044,B,M3,True,L,-0.9351148443951877,100,0.0,100,0,-0.9351148443951877,
M3,45,nominal,M3_nominal_0045,B,M1,True,R,-1.7027680540829828,100,0.0,100,0,-1.7027680540829828,
M3,45,nominal,M3_nominal_0045,B,M1,True,L,-1.8842886174020177,100,0.0,100,0,-1.8842886174020177,
M3,45,nominal,M3_nominal_0045,B,M2,True,R,-1.6988137883195444,100,0.0,100,0,-1.6988137883195444,
M3,45,nominal,M3_nominal_0045,B,M2,True,L,-1.8829335400349871,100,0.0,100,0,-1.8829335400349871,
M3,45,nominal,M3_nominal_0045,B,M3,True,R,-1.7034550769766097,100,0.0,100,0,-1.7034550769766097,
M3,45,nominal,M3_nominal_0045,B,M3,True,L,-1.8867802382203345,100,0.0,100,0,-1.8867802382203345,
M3,46,nominal,M3_nominal_0046,B,M1,True,R,-0.8177912446086357,100,0.0,100,0,-0.8177912446086357,
M3,46,nominal,M3_nominal_0046,B,M1,True,L,-1.088648415956448,100,0.0,100,0,-1.088648415956448,
M3,46,nominal,M3_nominal_0046,B,M2,True,R,-0.8264561657406311,100,0.0,100,0,-0.8264561657406311,
M3,46,nominal,M3_nominal_0046,B,M2,True,L,-1.0736915462459546,100,0.0,100,0,-1.0736915462459546,
M3,46,nominal,M3_nominal_0046,B,M3,True,R,-0.8155848915663954,100,0.02,98,2,-0.8148396849081067,-0.8521000178225424
M3,46,nominal,M3_nominal_0046,B,M3,True,L,-1.091009479801003,100,0.0,100,0,-1.091009479801003,
M3,47,nominal,M3_nominal_0047,B,M1,True,R,-1.30313444324405,100,0.0,100,0,-1.30313444324405,
M3,47,nominal,M3_nominal_0047,B,M1,True,L,-1.3489077692276208,100,0.12,88,12,-1.2449479263151149,-2.1112799505859963
M3,47,nominal,M3_nominal_0047,B,M2,True,R,-1.297642324796258,100,0.0,100,0,-1.297642324796258,
M3,47,nominal,M3_nominal_0047,B,M2,True,L,-1.7075296012250545,100,0.2,80,20,-1.2872929664394543,-3.3884761403674553
M3,47,nominal,M3_nominal_0047,B,M3,True,R,-1.2920638050448756,100,0.0,100,0,-1.2920638050448756,
M3,47,nominal,M3_nominal_0047,B,M3,True,L,-1.2969286078294278,100,0.02,98,2,-1.2085951624584166,-5.625267431008975
M3,48,nominal,M3_nominal_0048,B,M1,True,R,-1.192537477435466,100,0.0,100,0,-1.192537477435466,
M3,48,nominal,M3_nominal_0048,B,M1,True,L,-1.3767433919380476,100,0.0,100,0,-1.3767433919380476,
M3,48,nominal,M3_nominal_0048,B,M2,True,R,-1.192470349135103,100,0.0,100,0,-1.192470349135103,
M3,48,nominal,M3_nominal_0048,B,M2,True,L,-1.3772103933450521,100,0.0,100,0,-1.3772103933450521,
M3,48,nominal,M3_nominal_0048,B,M3,True,R,-1.195769076730074,100,0.0,100,0,-1.195769076730074,
M3,48,nominal,M3_nominal_0048,B,M3,True,L,-1.3762088800033545,100,0.0,100,0,-1.3762088800033545,
M3,49,nominal,M3_nominal_0049,B,M1,True,R,-1.316859323843424,100,0.0,100,0,-1.316859323843424,
M3,49,nominal,M3_nominal_0049,B,M1,True,L,-1.2125454190984368,100,0.0,100,0,-1.2125454190984368,
M3,49,nominal,M3_nominal_0049,B,M2,True,R,-1.3169221271904803,100,0.01,99,1,-1.321196837889742,-0.893725767963568
M3,49,nominal,M3_nominal_0049,B,M2,True,L,-1.215102700166633,100,0.0,100,0,-1.215102700166633,
M3,49,nominal,M3_nominal_0049,B,M3,True,R,-1.3159949823224377,100,0.01,99,1,-1.3050667444396766,-2.3978905327158033
M3,49,nominal,M3_nominal_0049,B,M3,True,L,-1.2128698886346891,100,0.0,100,0,-1.2128698886346891,
M3,50,nominal,M3_nominal_0050,B,M1,True,R,-1.5493490770415814,100,0.0,100,0,-1.5493490770415814,
M3,50,nominal,M3_nominal_0050,B,M1,True,L,-1.8746595401454997,100,0.01,99,1,-1.8803816760979581,-1.3081680808521128
M3,50,nominal,M3_nominal_0050,B,M2,True,R,-1.548875436752734,100,0.0,100,0,-1.548875436752734,
M3,50,nominal,M3_nominal_0050,B,M2,True,L,-1.876331517538548,100,0.01,99,1,-1.8822437451866991,-1.2910209803715995
M3,50,nominal,M3_nominal_0050,B,M3,True,R,-1.5514328944136022,100,0.0,100,0,-1.5514328944136022,
M3,50,nominal,M3_nominal_0050,B,M3,True,L,-1.873787535368653,100,0.0,100,0,-1.873787535368653,
M3,51,nominal,M3_nominal_0051,B,M1,True,R,-0.6281232380404296,100,0.02,98,2,-0.6379672589767117,-0.14576621216261063
M3,51,nominal,M3_nominal_0051,B,M1,True,L,-0.8548509679073736,100,0.0,100,0,-0.8548509679073736,
M3,51,nominal,M3_nominal_0051,B,M2,True,R,-0.6282088646546228,100,0.0,100,0,-0.6282088646546228,
M3,51,nominal,M3_nominal_0051,B,M2,True,L,-0.857944061449237,100,0.0,100,0,-0.857944061449237,
M3,51,nominal,M3_nominal_0051,B,M3,True,R,-0.6275451482895112,100,0.0,100,0,-0.6275451482895112,
M3,51,nominal,M3_nominal_0051,B,M3,True,L,-0.853305557265069,100,0.03,97,3,-0.8330158702533784,-1.50933877064306
M3,52,nominal,M3_nominal_0052,B,M1,True,R,-1.284672501040182,100,0.01,99,1,-1.2899897692298663,-0.758262950261418
M3,52,nominal,M3_nominal_0052,B,M1,True,L,-1.3014227378405918,100,0.25,75,25,-1.1759989129731907,-1.6776942124427965
M3,52,nominal,M3_nominal_0052,B,M2,True,R,-1.2820814423680815,100,0.01,99,1,-1.287548503943343,-0.7408423464172154
M3,52,nominal,M3_nominal_0052,B,M2,True,L,-3.65062861296709,100,0.28,72,28,-1.1888304044014155,-9.980966863564536
M3,52,nominal,M3_nominal_0052,B,M3,True,R,-1.2827502463233282,100,0.0,100,0,-1.2827502463233282,
M3,52,nominal,M3_nominal_0052,B,M3,True,L,-1.233065584048237,100,0.18,82,18,-1.2141694749347411,-1.3191478588986059
M3,53,nominal,M3_nominal_0053,B,M1,True,R,-0.9724889634987813,100,0.0,100,0,-0.9724889634987813,
M3,53,nominal,M3_nominal_0053,B,M1,True,L,-1.0173332279200773,100,0.0,100,0,-1.0173332279200773,
M3,53,nominal,M3_nominal_0053,B,M2,True,R,-0.969772565655571,100,0.0,100,0,-0.969772565655571,
M3,53,nominal,M3_nominal_0053,B,M2,True,L,-1.020412219586594,100,0.0,100,0,-1.020412219586594,
M3,53,nominal,M3_nominal_0053,B,M3,True,R,-0.9738030845644768,100,0.01,99,1,-0.9800474615716551,-0.3556097608538346
M3,53,nominal,M3_nominal_0053,B,M3,True,L,-1.0194685017486729,100,0.0,100,0,-1.0194685017486729,
M3,54,nominal,M3_nominal_0054,B,M1,True,R,-1.2681864434961203,100,0.03,97,3,-1.279735503856688,-0.8947668251710971
M3,54,nominal,M3_nominal_0054,B,M1,True,L,-1.4191300270628002,100,0.0,100,0,-1.4191300270628002,
M3,54,nominal,M3_nominal_0054,B,M2,True,R,-1.270966606653645,100,0.04,96,4,-1.278617852784766,-1.0873366995067388
M3,54,nominal,M3_nominal_0054,B,M2,True,L,-1.4163101770475253,100,0.0,100,0,-1.4163101770475253,
M3,54,nominal,M3_nominal_0054,B,M3,True,R,-1.2676661691700002,100,0.0,100,0,-1.2676661691700002,
M3,54,nominal,M3_nominal_0054,B,M3,True,L,-1.4177464550335477,100,0.0,100,0,-1.4177464550335477,
M3,55,nominal,M3_nominal_0055,B,M1,True,R,-0.872484285262558,100,0.0,100,0,-0.872484285262558,
M3,55,nominal,M3_nominal_0055,B,M1,True,L,-1.0148454373968478,100,0.01,99,1,-1.017425349577127,-0.759434131549186
M3,55,nominal,M3_nominal_0055,B,M2,True,R,-0.8718043001170094,100,0.0,100,0,-0.8718043001170094,
M3,55,nominal,M3_nominal_0055,B,M2,True,L,-1.009590033742465,100,0.0,100,0,-1.009590033742465,
M3,55,nominal,M3_nominal_0055,B,M3,True,R,-0.8719895114247221,100,0.0,100,0,-0.8719895114247221,
M3,55,nominal,M3_nominal_0055,B,M3,True,L,-1.008048779876455,100,0.01,99,1,-1.0113292113855896,-0.6832860604721391
M3,56,nominal,M3_nominal_0056,B,M1,True,R,-1.016587813575652,100,0.01,99,1,-1.0222039364773932,-0.46059164630330285
M3,56,nominal,M3_nominal_0056,B,M1,True,L,-0.9290999801904496,100,0.01,99,1,-0.9226774019672143,-1.5649352242907475
M3,56,nominal,M3_nominal_0056,B,M2,True,R,-1.0194934330323164,100,0.01,99,1,-1.0222369708847159,-0.7478831856447776
M3,56,nominal,M3_nominal_0056,B,M2,True,L,-0.9247479358964443,100,0.0,100,0,-0.9247479358964443,
M3,56,nominal,M3_nominal_0056,B,M3,True,R,-1.0148219468844095,100,0.0,100,0,-1.0148219468844095,
M3,56,nominal,M3_nominal_0056,B,M3,True,L,-0.9318364937991503,100,0.0,100,0,-0.9318364937991503,
M3,57,nominal,M3_nominal_0057,B,M1,True,R,0.13726785611782774,100,0.0,100,0,0.13726785611782774,
M3,57,nominal,M3_nominal_0057,B,M1,True,L,0.29007614968264667,100,0.0,100,0,0.29007614968264667,
M3,57,nominal,M3_nominal_0057,B,M2,True,R,0.12711784688694794,100,0.0,100,0,0.12711784688694794,
M3,57,nominal,M3_nominal_0057,B,M2,True,L,0.2931881368124284,100,0.0,100,0,0.2931881368124284,
M3,57,nominal,M3_nominal_0057,B,M3,True,R,0.13962871032286395,100,0.0,100,0,0.13962871032286395,
M3,57,nominal,M3_nominal_0057,B,M3,True,L,0.28946064298183743,100,0.0,100,0,0.28946064298183743,
M3,58,nominal,M3_nominal_0058,B,M1,True,R,-59.88116021086759,100,0.49,51,49,-0.6820374870637923,-121.49657365809196
M3,58,nominal,M3_nominal_0058,B,M1,True,L,-1.0702501317710493,100,0.0,100,0,-1.0702501317710493,
M3,58,nominal,M3_nominal_0058,B,M2,True,R,-172829.1257106663,100,0.54,46,54,-0.65684405236654,-320053.37696741143
M3,58,nominal,M3_nominal_0058,B,M2,True,L,-1.0728268980402431,100,0.0,100,0,-1.0728268980402431,
M3,58,nominal,M3_nominal_0058,B,M3,True,R,-35.72910651343803,100,0.51,49,51,-0.6244184045031395,-69.45714018672842
M3,58,nominal,M3_nominal_0058,B,M3,True,L,-1.0680919369807855,100,0.0,100,0,-1.0680919369807855,
M3,59,nominal,M3_nominal_0059,B,M1,True,R,-1.2507152938433213,100,0.02,98,2,-1.2615432685029564,-0.7201445355211962
M3,59,nominal,M3_nominal_0059,B,M1,True,L,-1.3782145561013777,100,0.0,100,0,-1.3782145561013777,
M3,59,nominal,M3_nominal_0059,B,M2,True,R,-1.2460448032902844,100,0.03,97,3,-1.2366916452217251,-1.5484635808403604
M3,59,nominal,M3_nominal_0059,B,M2,True,L,-1.3784424963930828,100,0.01,99,1,-1.3389295015073577,-5.29022899007988
M3,59,nominal,M3_nominal_0059,B,M3,True,R,-1.2467515449134077,100,0.0,100,0,-1.2467515449134077,
M3,59,nominal,M3_nominal_0059,B,M3,True,L,-1.3727391035750243,100,0.0,100,0,-1.3727391035750243,
M3,60,nominal,M3_nominal_0060,B,M1,True,R,-1.2071821532965854,100,0.01,99,1,-1.1916696314825126,-2.7429218128897745
M3,60,nominal,M3_nominal_0060,B,M1,True,L,-1.0243906656165378,100,0.0,100,0,-1.0243906656165378,
M3,60,nominal,M3_nominal_0060,B,M2,True,R,-1.2100549039515454,100,0.0,100,0,-1.2100549039515454,
M3,60,nominal,M3_nominal_0060,B,M2,True,L,-1.0250963871320067,100,0.0,100,0,-1.0250963871320067,
M3,60,nominal,M3_nominal_0060,B,M3,True,R,-1.2074362537938206,100,0.0,100,0,-1.2074362537938206,
M3,60,nominal,M3_nominal_0060,B,M3,True,L,-1.0248313004339655,100,0.0,100,0,-1.0248313004339655,
M3,61,nominal,M3_nominal_0061,B,M1,True,R,-1.0638562766744217,100,0.03,97,3,-1.0549781181776605,-1.3509167347363702
M3,61,nominal,M3_nominal_0061,B,M1,True,L,-1.1509428535788033,100,0.07,93,7,-1.1345068235970135,-1.3693072519082945
M3,61,nominal,M3_nominal_0061,B,M2,True,R,-1.0634127013682935,100,0.01,99,1,-1.0430713157704605,-3.0772098755537174
M3,61,nominal,M3_nominal_0061,B,M2,True,L,-1.1532736396698189,100,0.01,99,1,-1.1538890798969246,-1.0923450571863544
M3,61,nominal,M3_nominal_0061,B,M3,True,R,-1.0608981916581002,100,0.0,100,0,-1.0608981916581002,
M3,61,nominal,M3_nominal_0061,B,M3,True,L,-1.155652093540115,100,0.0,100,0,-1.155652093540115,
M3,62,nominal,M3_nominal_0062,B,M1,True,R,-1.2409222659973194,100,0.01,99,1,-1.236974121137827,-1.631788607087068
M3,62,nominal,M3_nominal_0062,B,M1,True,L,-1.7193816922064666,100,0.02,98,2,-1.728483418506216,-1.273397103518747
M3,62,nominal,M3_nominal_0062,B,M2,True,R,-1.2367150459525644,100,0.01,99,1,-1.232435772989218,-1.6603630693238647
M3,62,nominal,M3_nominal_0062,B,M2,True,L,-1.7165706841251476,100,0.03,97,3,-1.7224828111301111,-1.5254119109646576
M3,62,nominal,M3_nominal_0062,B,M3,True,R,-1.2414039435338937,100,0.0,100,0,-1.2414039435338937,
M3,62,nominal,M3_nominal_0062,B,M3,True,L,-1.7223502422726045,100,0.0,100,0,-1.7223502422726045,
M3,63,nominal,M3_nominal_0063,B,M1,True,R,-1.2211834709661513,100,0.0,100,0,-1.2211834709661513,
M3,63,nominal,M3_nominal_0063,B,M1,True,L,-1.3459028901718304,100,0.0,100,0,-1.3459028901718304,
M3,63,nominal,M3_nominal_0063,B,M2,True,R,-1.2205249378376377,100,0.0,100,0,-1.2205249378376377,
M3,63,nominal,M3_nominal_0063,B,M2,True,L,-1.3462443166924465,100,0.0,100,0,-1.3462443166924465,
M3,63,nominal,M3_nominal_0063,B,M3,True,R,-1.221883266036243,100,0.0,100,0,-1.221883266036243,
M3,63,nominal,M3_nominal_0063,B,M3,True,L,-1.3429570400415949,100,0.0,100,0,-1.3429570400415949,
M3,64,nominal,M3_nominal_0064,B,M1,True,R,-1.6221900981577588,100,0.0,100,0,-1.6221900981577588,
M3,64,nominal,M3_nominal_0064,B,M1,True,L,-1.4864619010576021,100,0.0,100,0,-1.4864619010576021,
M3,64,nominal,M3_nominal_0064,B,M2,True,R,-1.6221682639643824,100,0.0,100,0,-1.6221682639643824,
M3,64,nominal,M3_nominal_0064,B,M2,True,L,-1.4786941353164362,100,0.0,100,0,-1.4786941353164362,
M3,64,nominal,M3_nominal_0064,B,M3,True,R,-1.62113656069912,100,0.0,100,0,-1.62113656069912,
M3,64,nominal,M3_nominal_0064,B,M3,True,L,-1.481008491246256,100,0.0,100,0,-1.481008491246256,
M3,65,nominal,M3_nominal_0065,B,M1,True,R,-1.4417516633506424,100,0.0,100,0,-1.4417516633506424,
M3,65,nominal,M3_nominal_0065,B,M1,True,L,-1.6750512678391383,100,0.01,99,1,-1.6778275894300048,-1.4001954303433584
M3,65,nominal,M3_nominal_0065,B,M2,True,R,-1.4422664077745493,100,0.0,100,0,-1.4422664077745493,
M3,65,nominal,M3_nominal_0065,B,M2,True,L,-1.6749694326378852,100,0.14,86,14,-1.6966321833336748,-1.5418982497923206
M3,65,nominal,M3_nominal_0065,B,M3,True,R,-1.4419277650279583,100,0.0,100,0,-1.4419277650279583,
M3,65,nominal,M3_nominal_0065,B,M3,True,L,-1.674606806588217,100,0.0,100,0,-1.674606806588217,
M3,66,nominal,M3_nominal_0066,B,M1,True,R,-1.638860036683054,100,0.05,95,5,-1.5934137849876224,-2.502338818896246
M3,66,nominal,M3_nominal_0066,B,M1,True,L,-1.7930580410010755,100,0.08,92,8,-1.737312264352465,-2.4341344724600873
M3,66,nominal,M3_nominal_0066,B,M2,True,R,-1.637711502067424,100,0.05,95,5,-1.5922372579952615,-2.5017221394385007
M3,66,nominal,M3_nominal_0066,B,M2,True,L,-1.7957506344411711,100,0.03,97,3,-1.7876662936598364,-2.0571443197043378
M3,66,nominal,M3_nominal_0066,B,M3,True,R,-1.6383093867475202,100,0.0,100,0,-1.6383093867475202,
M3,66,nominal,M3_nominal_0066,B,M3,True,L,-1.794217473701308,100,0.0,100,0,-1.794217473701308,
M3,67,nominal,M3_nominal_0067,B,M1,True,R,-1.3362571349847625,100,0.0,100,0,-1.3362571349847625,
M3,67,nominal,M3_nominal_0067,B,M1,True,L,-1.5869931933538595,100,0.05,95,5,-1.5794058310370824,-1.7311530773726251
M3,67,nominal,M3_nominal_0067,B,M2,True,R,-1.332891509192978,100,0.0,100,0,-1.332891509192978,
M3,67,nominal,M3_nominal_0067,B,M2,True,L,-1.5845887221581874,100,0.01,99,1,-1.5897293990558583,-1.0756617092887983
M3,67,nominal,M3_nominal_0067,B,M3,True,R,-1.333726600642248,100,0.0,100,0,-1.333726600642248,
M3,67,nominal,M3_nominal_0067,B,M3,True,L,-1.5813517539361572,100,0.02,98,2,-1.5911906626617893,-1.0992452263802055
M3,68,nominal,M3_nominal_0068,B,M1,True,R,-1.2299506386639678,100,0.01,99,1,-1.2342262875381964,-0.8066614001153433
M3,68,nominal,M3_nominal_0068,B,M1,True,L,-1.4083626751640554,100,0.0,100,0,-1.4083626751640554,
M3,68,nominal,M3_nominal_0068,B,M2,True,R,-1.2411056380944727,100,0.0,100,0,-1.2411056380944727,
M3,68,nominal,M3_nominal_0068,B,M2,True,L,-1.4127961032651748,100,0.0,100,0,-1.4127961032651748,
M3,68,nominal,M3_nominal_0068,B,M3,True,R,-1.2280784182864763,100,0.0,100,0,-1.2280784182864763,
M3,68,nominal,M3_nominal_0068,B,M3,True,L,-1.411571213602244,100,0.0,100,0,-1.411571213602244,
M3,69,nominal,M3_nominal_0069,B,M1,True,R,-1.7319530661562736,100,0.0,100,0,-1.7319530661562736,
M3,69,nominal,M3_nominal_0069,B,M1,True,L,-1.8543978318158387,100,0.0,100,0,-1.8543978318158387,
M3,69,nominal,M3_nominal_0069,B,M2,True,R,-1.732152202577483,100,0.0,100,0,-1.732152202577483,
M3,69,nominal,M3_nominal_0069,B,M2,True,L,-1.8552837422060022,100,0.0,100,0,-1.8552837422060022,
M3,69,nominal,M3_nominal_0069,B,M3,True,R,-1.7298217639911448,100,0.0,100,0,-1.7298217639911448,
M3,69,nominal,M3_nominal_0069,B,M3,True,L,-1.8500679352179674,100,0.0,100,0,-1.8500679352179674,
M3,70,nominal,M3_nominal_0070,B,M1,True,R,-1.0678731446550813,100,0.0,100,0,-1.0678731446550813,
M3,70,nominal,M3_nominal_0070,B,M1,True,L,-1.566057295473455,100,0.04,96,4,-1.5771699063353652,-1.2993546347876217
M3,70,nominal,M3_nominal_0070,B,M2,True,R,-1.0666298201027087,100,0.0,100,0,-1.0666298201027087,
M3,70,nominal,M3_nominal_0070,B,M2,True,L,-1.5677565579443418,100,0.0,100,0,-1.5677565579443418,
M3,70,nominal,M3_nominal_0070,B,M3,True,R,-1.0694953488800991,100,0.0,100,0,-1.0694953488800991,
M3,70,nominal,M3_nominal_0070,B,M3,True,L,-1.5620241791789982,100,0.0,100,0,-1.5620241791789982,
M3,71,nominal,M3_nominal_0071,B,M1,True,R,-1.9308752859836789,100,0.0,100,0,-1.9308752859836789,
M3,71,nominal,M3_nominal_0071,B,M1,True,L,-1.7719216182301165,100,0.0,100,0,-1.7719216182301165,
M3,71,nominal,M3_nominal_0071,B,M2,True,R,-2.0466680742419237,100,0.0,100,0,-2.0466680742419237,
M3,71,nominal,M3_nominal_0071,B,M2,True,L,-1.7793307096500348,100,0.01,99,1,-1.7833454962962998,-1.3818668316697789
M3,71,nominal,M3_nominal_0071,B,M3,True,R,-1.9036682254325246,100,0.03,97,3,-1.8993379658313099,-2.043679952538477
M3,71,nominal,M3_nominal_0071,B,M3,True,L,-1.771513052220438,100,0.0,100,0,-1.771513052220438,
M3,72,nominal,M3_nominal_0072,B,M1,True,R,-1.7270976987726876,100,0.0,100,0,-1.7270976987726876,
M3,72,nominal,M3_nominal_0072,B,M1,True,L,-2.0143791699050184,100,0.0,100,0,-2.0143791699050184,
M3,72,nominal,M3_nominal_0072,B,M2,True,R,-1.729361578762813,100,0.0,100,0,-1.729361578762813,
M3,72,nominal,M3_nominal_0072,B,M2,True,L,-2.013673123037537,100,0.08,92,8,-2.0382156264802065,-1.7314343334468312
M3,72,nominal,M3_nominal_0072,B,M3,True,R,-1.7282199715613218,100,0.0,100,0,-1.7282199715613218,
M3,72,nominal,M3_nominal_0072,B,M3,True,L,-2.01064772817417,100,0.0,100,0,-2.01064772817417,
M3,73,nominal,M3_nominal_0073,B,M1,True,R,-0.6888966001269483,100,0.0,100,0,-0.6888966001269483,
M3,73,nominal,M3_nominal_0073,B,M1,True,L,-1.5504964347986705,100,0.0,100,0,-1.5504964347986705,
M3,73,nominal,M3_nominal_0073,B,M2,True,R,-0.6866808914257346,100,0.0,100,0,-0.6866808914257346,
M3,73,nominal,M3_nominal_0073,B,M2,True,L,-1.5489824917148232,100,0.0,100,0,-1.5489824917148232,
M3,73,nominal,M3_nominal_0073,B,M3,True,R,-0.6860125220577001,100,0.0,100,0,-0.6860125220577001,
M3,73,nominal,M3_nominal_0073,B,M3,True,L,-1.5460329119774976,100,0.0,100,0,-1.5460329119774976,
M3,74,nominal,M3_nominal_0074,B,M1,True,R,-1.3884372800574551,100,0.0,100,0,-1.3884372800574551,
M3,74,nominal,M3_nominal_0074,B,M1,True,L,-1.3961798942238122,100,0.0,100,0,-1.3961798942238122,
M3,74,nominal,M3_nominal_0074,B,M2,True,R,-1.385947046606924,100,0.0,100,0,-1.385947046606924,
M3,74,nominal,M3_nominal_0074,B,M2,True,L,-1.4032379344748458,100,0.0,100,0,-1.4032379344748458,
M3,74,nominal,M3_nominal_0074,B,M3,True,R,-1.389561273080973,100,0.0,100,0,-1.389561273080973,
M3,74,nominal,M3_nominal_0074,B,M3,True,L,-1.3915129682657,100,0.0,100,0,-1.3915129682657,
M3,75,nominal,M3_nominal_0075,B,M1,True,R,-1.23405105751051,100,0.01,99,1,-1.2400741097974062,-0.6377688811077771
M3,75,nominal,M3_nominal_0075,B,M1,True,L,-1.4574684393574233,100,0.01,99,1,-1.4616287420230198,-1.0455984754633822
M3,75,nominal,M3_nominal_0075,B,M2,True,R,-1.2362950149278547,100,0.02,98,2,-1.247819168899022,-0.6716114703406604
M3,75,nominal,M3_nominal_0075,B,M2,True,L,-1.4614298222760937,100,0.17,83,17,-1.4843276086522958,-1.3496347476158133
M3,75,nominal,M3_nominal_0075,B,M3,True,R,-1.2336716934962357,100,0.01,99,1,-1.239200786285631,-0.6862915073461294
M3,75,nominal,M3_nominal_0075,B,M3,True,L,-1.456516634565978,100,0.0,100,0,-1.456516634565978,
M3,76,nominal,M3_nominal_0076,B,M1,True,R,-1.388504195715121,100,0.0,100,0,-1.388504195715121,
M3,76,nominal,M3_nominal_0076,B,M1,True,L,-1.8854465749652323,100,0.0,100,0,-1.8854465749652323,
M3,76,nominal,M3_nominal_0076,B,M2,True,R,-1.3900480216703677,100,0.01,99,1,-1.3834359081270267,-2.0446472624611207
M3,76,nominal,M3_nominal_0076,B,M2,True,L,-1.8869327956591102,100,0.0,100,0,-1.8869327956591102,
M3,76,nominal,M3_nominal_0076,B,M3,True,R,-1.393678715148666,100,0.0,100,0,-1.393678715148666,
M3,76,nominal,M3_nominal_0076,B,M3,True,L,-1.8855578947570282,100,0.0,100,0,-1.8855578947570282,
M3,77,nominal,M3_nominal_0077,B,M1,True,R,-1.496973976138199,100,0.0,100,0,-1.496973976138199,
M3,77,nominal,M3_nominal_0077,B,M1,True,L,-1.7864958343536421,100,0.0,100,0,-1.7864958343536421,
M3,77,nominal,M3_nominal_0077,B,M2,True,R,-1.4979196403903758,100,0.0,100,0,-1.4979196403903758,
M3,77,nominal,M3_nominal_0077,B,M2,True,L,-1.7858213666404867,100,0.01,99,1,-1.7783997905745523,-2.52055739716801
M3,77,nominal,M3_nominal_0077,B,M3,True,R,-1.4974669958388136,100,0.01,99,1,-1.5012721445722568,-1.1207572712279406
M3,77,nominal,M3_nominal_0077,B,M3,True,L,-1.7893155692590725,100,0.0,100,0,-1.7893155692590725,
M3,78,nominal,M3_nominal_0078,B,M1,True,R,-15.361800907050819,100,0.56,44,56,-0.5184908277256445,-27.024401683663456
M3,78,nominal,M3_nominal_0078,B,M1,True,L,-0.6774448578173584,100,0.0,100,0,-0.6774448578173584,
M3,78,nominal,M3_nominal_0078,B,M2,True,R,-5142.809040221329,100,0.65,35,65,-0.5451262201697666,-7911.720378529647
M3,78,nominal,M3_nominal_0078,B,M2,True,L,-0.6786758254310838,100,0.0,100,0,-0.6786758254310838,
M3,78,nominal,M3_nominal_0078,B,M3,True,R,-10.183622470564844,100,0.54,46,54,-0.6191030131733488,-18.331176082416857
M3,78,nominal,M3_nominal_0078,B,M3,True,L,-0.6755867487805957,100,0.0,100,0,-0.6755867487805957,
M3,79,nominal,M3_nominal_0079,B,M1,True,R,-1.3515002999336643,100,0.0,100,0,-1.3515002999336643,
M3,79,nominal,M3_nominal_0079,B,M1,True,L,-1.5631053191209017,100,0.0,100,0,-1.5631053191209017,
M3,79,nominal,M3_nominal_0079,B,M2,True,R,-1.3503406021135018,100,0.0,100,0,-1.3503406021135018,
M3,79,nominal,M3_nominal_0079,B,M2,True,L,-1.5650420804546399,100,0.0,100,0,-1.5650420804546399,
M3,79,nominal,M3_nominal_0079,B,M3,True,R,-1.3555903475136262,100,0.0,100,0,-1.3555903475136262,
M3,79,nominal,M3_nominal_0079,B,M3,True,L,-1.562323251344912,100,0.0,100,0,-1.562323251344912,
M3,80,nominal,M3_nominal_0080,B,M1,True,R,-1.8168963076683078,100,0.53,47,53,-1.132853220444043,-2.4235005548294484
M3,80,nominal,M3_nominal_0080,B,M1,True,L,-1.583680087284961,100,0.01,99,1,-1.581566382586648,-1.792936852417987
M3,80,nominal,M3_nominal_0080,B,M2,True,R,-700.5660273323019,100,0.54,46,54,-1.1461245387115098,-1296.3681667490644
M3,80,nominal,M3_nominal_0080,B,M2,True,L,-1.5829590467618402,100,0.01,99,1,-1.580724155474725,-1.8042132841862508
M3,80,nominal,M3_nominal_0080,B,M3,True,R,-1.007488998109904,100,0.51,49,51,-1.0732356605274394,-0.9443206361793306
M3,80,nominal,M3_nominal_0080,B,M3,True,L,-1.5820552182614223,100,0.0,100,0,-1.5820552182614223,
M3,81,nominal,M3_nominal_0081,B,M1,True,R,-5.748940187913003,100,0.73,27,73,-0.9570683636219085,-7.521276342102861
M3,81,nominal,M3_nominal_0081,B,M1,True,L,-0.8971864933642517,100,0.0,100,0,-0.8971864933642517,
M3,81,nominal,M3_nominal_0081,B,M2,True,R,-389.7522444920617,100,0.74,26,74,-1.0259077116907276,-526.3317682257057
M3,81,nominal,M3_nominal_0081,B,M2,True,L,-0.8962884004404083,100,0.0,100,0,-0.8962884004404083,
M3,81,nominal,M3_nominal_0081,B,M3,True,R,-1.4280743885554261,100,0.52,48,52,-0.8074909626240073,-2.0009206278767357
M3,81,nominal,M3_nominal_0081,B,M3,True,L,-0.9054163361274525,100,0.0,100,0,-0.9054163361274525,
M3,82,nominal,M3_nominal_0082,B,M1,True,R,-1.4796892840753053,100,0.0,100,0,-1.4796892840753053,
M3,82,nominal,M3_nominal_0082,B,M1,True,L,-1.6796650072870125,100,0.01,99,1,-1.6844898381098234,-1.2020067558287448
M3,82,nominal,M3_nominal_0082,B,M2,True,R,-1.4770201724043834,100,0.0,100,0,-1.4770201724043834,
M3,82,nominal,M3_nominal_0082,B,M2,True,L,-1.6737153846496597,100,0.0,100,0,-1.6737153846496597,
M3,82,nominal,M3_nominal_0082,B,M3,True,R,-1.4799776597571073,100,0.03,97,3,-1.4896336878472212,-1.1677660848434328
M3,82,nominal,M3_nominal_0082,B,M3,True,L,-1.6755249367687726,100,0.0,100,0,-1.6755249367687726,
M3,83,nominal,M3_nominal_0083,B,M1,True,R,-1.4021314852120899,100,0.0,100,0,-1.4021314852120899,
M3,83,nominal,M3_nominal_0083,B,M1,True,L,-1.5222681952846722,100,0.01,99,1,-1.5135333003709703,-2.387022791741149
M3,83,nominal,M3_nominal_0083,B,M2,True,R,-1.4023295539064369,100,0.02,98,2,-1.3828699564141012,-2.3558498310308886
M3,83,nominal,M3_nominal_0083,B,M2,True,L,-1.5238518618745929,100,0.01,99,1,-1.516972298718056,-2.204928614371738
M3,83,nominal,M3_nominal_0083,B,M3,True,R,-1.4028258050893743,100,0.0,100,0,-1.4028258050893743,
M3,83,nominal,M3_nominal_0083,B,M3,True,L,-1.5226314199256186,100,0.0,100,0,-1.5226314199256186,
M3,84,nominal,M3_nominal_0084,B,M1,True,R,-1.094757344174356,100,0.0,100,0,-1.094757344174356,
M3,84,nominal,M3_nominal_0084,B,M1,True,L,-1.3260198076159788,100,0.0,100,0,-1.3260198076159788,
M3,84,nominal,M3_nominal_0084,B,M2,True,R,-1.096864999712457,100,0.0,100,0,-1.096864999712457,
M3,84,nominal,M3_nominal_0084,B,M2,True,L,-1.3209796125080382,100,0.01,99,1,-1.3240218145107896,-1.0198016142356527
M3,84,nominal,M3_nominal_0084,B,M3,True,R,-1.0967942571783014,100,0.0,100,0,-1.0967942571783014,
M3,84,nominal,M3_nominal_0084,B,M3,True,L,-1.3257199186702875,100,0.0,100,0,-1.3257199186702875,
M3,85,nominal,M3_nominal_0085,B,M1,True,R,-1.5368008924448626,100,0.01,99,1,-1.534453606747745,-1.7691821764595206
M3,85,nominal,M3_nominal_0085,B,M1,True,L,-2.2003564378646927,100,0.0,100,0,-2.2003564378646927,
M3,85,nominal,M3_nominal_0085,B,M2,True,R,-1.5385250330697298,100,0.05,95,5,-1.538130852680849,-1.5460144604584705
M3,85,nominal,M3_nominal_0085,B,M2,True,L,-2.2005814883894295,100,0.0,100,0,-2.2005814883894295,
M3,85,nominal,M3_nominal_0085,B,M3,True,R,-1.5375333751821971,100,0.0,100,0,-1.5375333751821971,
M3,85,nominal,M3_nominal_0085,B,M3,True,L,-2.1992725262517094,100,0.0,100,0,-2.1992725262517094,
M3,86,nominal,M3_nominal_0086,B,M1,True,R,-0.8674358723886649,100,0.01,99,1,-0.8707245585687914,-0.541855940556139
M3,86,nominal,M3_nominal_0086,B,M1,True,L,-1.0593915099901061,100,0.0,100,0,-1.0593915099901061,
M3,86,nominal,M3_nominal_0086,B,M2,True,R,-0.8688741136359543,100,0.01,99,1,-0.8726336561033133,-0.4966794093674213
M3,86,nominal,M3_nominal_0086,B,M2,True,L,-1.0595368680705368,100,0.0,100,0,-1.0595368680705368,
M3,86,nominal,M3_nominal_0086,B,M3,True,R,-0.8680867757279995,100,0.0,100,0,-0.8680867757279995,
M3,86,nominal,M3_nominal_0086,B,M3,True,L,-1.0580651267470207,100,0.02,98,2,-1.0447609353362297,-1.7099705058757886
M3,87,nominal,M3_nominal_0087,B,M1,True,R,-1.9791533444137952,100,0.08,92,8,-1.9704119449329363,-2.079679438443676
M3,87,nominal,M3_nominal_0087,B,M1,True,L,-2.2526225347197384,100,0.0,100,0,-2.2526225347197384,
M3,87,nominal,M3_nominal_0087,B,M2,True,R,-2.0794885046610205,100,0.08,92,8,-1.97174662441533,-3.3185201274864595
M3,87,nominal,M3_nominal_0087,B,M2,True,L,-2.2529571104916957,100,0.0,100,0,-2.2529571104916957,
M3,87,nominal,M3_nominal_0087,B,M3,True,R,-1.9470454534309565,100,0.02,98,2,-1.906901745301578,-3.9140871517705134
M3,87,nominal,M3_nominal_0087,B,M3,True,L,-2.2544136049206402,100,0.01,99,1,-2.2601423056793193,-1.6872722298114222
M3,88,nominal,M3_nominal_0088,B,M1,True,R,-1.571738067619728,100,0.01,99,1,-1.5772296189302366,-1.0280744878793622
M3,88,nominal,M3_nominal_0088,B,M1,True,L,-1.9086440829693025,100,0.02,98,2,-1.915141399896894,-1.590275553517308
M3,88,nominal,M3_nominal_0088,B,M2,True,R,-1.5753703406204707,100,0.03,97,3,-1.5677573882603488,-1.8215224669310814
M3,88,nominal,M3_nominal_0088,B,M2,True,L,-1.9110506517782015,100,0.03,97,3,-1.9261261802614058,-1.4236085641546083
M3,88,nominal,M3_nominal_0088,B,M3,True,R,-1.572831528321138,100,0.0,100,0,-1.572831528321138,
M3,88,nominal,M3_nominal_0088,B,M3,True,L,-1.9050102695767646,100,0.0,100,0,-1.9050102695767646,
M3,89,nominal,M3_nominal_0089,B,M1,True,R,-1.3485989737548407,100,0.02,98,2,-1.3383523240879516,-1.8506848074324092
M3,89,nominal,M3_nominal_0089,B,M1,True,L,-1.4501789658460051,100,0.0,100,0,-1.4501789658460051,
M3,89,nominal,M3_nominal_0089,B,M2,True,R,-1.3515561860134895,100,0.05,95,5,-1.3119797557908668,-2.1035083602433153
M3,89,nominal,M3_nominal_0089,B,M2,True,L,-1.4487825947671786,100,0.0,100,0,-1.4487825947671786,
M3,89,nominal,M3_nominal_0089,B,M3,True,R,-1.3502700585313507,100,0.0,100,0,-1.3502700585313507,
M3,89,nominal,M3_nominal_0089,B,M3,True,L,-1.4563795988617603,100,0.0,100,0,-1.4563795988617603,
M3,90,nominal,M3_nominal_0090,B,M1,True,R,-1.1082347317829409,100,0.0,100,0,-1.1082347317829409,
M3,90,nominal,M3_nominal_0090,B,M1,True,L,-1.1225270181058815,100,0.4,60,40,-1.2379587763011497,-0.9493793808129786
M3,90,nominal,M3_nominal_0090,B,M2,True,R,-1.1116330931608889,100,0.01,99,1,-1.115852892156931,-0.6938729925527211
M3,90,nominal,M3_nominal_0090,B,M2,True,L,-7.765763603483864,100,0.41,59,41,-1.2463066334325614,-17.1474211945333
M3,90,nominal,M3_nominal_0090,B,M3,True,R,-1.1118131950126575,100,0.01,99,1,-1.1157826468918697,-0.7188374589706602
M3,90,nominal,M3_nominal_0090,B,M3,True,L,-1.0073614262246344,100,0.4,60,40,-1.2316396939173033,-0.6709440246856307
M3,91,nominal,M3_nominal_0091,B,M1,True,R,-1.4450809466609678,100,0.01,99,1,-1.449329890064239,-1.0244355497371236
M3,91,nominal,M3_nominal_0091,B,M1,True,L,-1.84732459251855,100,0.0,100,0,-1.84732459251855,
M3,91,nominal,M3_nominal_0091,B,M2,True,R,-1.4411106640539717,100,0.03,97,3,-1.4152462701651791,-2.277392733124938
M3,91,nominal,M3_nominal_0091,B,M2,True,L,-1.850773457938613,100,0.0,100,0,-1.850773457938613,
M3,91,nominal,M3_nominal_0091,B,M3,True,R,-1.4437260598420993,100,0.0,100,0,-1.4437260598420993,
M3,91,nominal,M3_nominal_0091,B,M3,True,L,-1.8418289756945105,100,0.0,100,0,-1.8418289756945105,
M3,92,nominal,M3_nominal_0092,B,M1,True,R,-1.048224069857756,100,0.03,97,3,-1.0529303254511377,-0.896055139005087
M3,92,nominal,M3_nominal_0092,B,M1,True,L,-1.252244238111396,100,0.12,88,12,-1.251810497997389,-1.2554249989474495
M3,92,nominal,M3_nominal_0092,B,M2,True,R,-1.0473945015969757,100,0.01,99,1,-1.0504195963735499,-0.747910118716142
M3,92,nominal,M3_nominal_0092,B,M2,True,L,-1.250776408301918,100,0.04,96,4,-1.2382302792318212,-1.5518835059842397
M3,92,nominal,M3_nominal_0092,B,M3,True,R,-1.0466847309126888,100,0.0,100,0,-1.0466847309126888,
M3,92,nominal,M3_nominal_0092,B,M3,True,L,-1.251883527014166,100,0.0,100,0,-1.251883527014166,
M3,93,nominal,M3_nominal_0093,B,M1,True,R,-1.957517954911454,100,0.48,52,48,-0.7071434902557638,-3.3120902916217845
M3,93,nominal,M3_nominal_0093,B,M1,True,L,-1.1493843537138995,100,0.0,100,0,-1.1493843537138995,
M3,93,nominal,M3_nominal_0093,B,M2,True,R,-123.48211976057682,100,0.49,51,49,-0.7489493122293457,-251.22480737008132
M3,93,nominal,M3_nominal_0093,B,M2,True,L,-1.1325479899811384,100,0.0,100,0,-1.1325479899811384,
M3,93,nominal,M3_nominal_0093,B,M3,True,R,-0.49582162931951934,100,0.3,70,30,-0.6733042969224742,-0.08169540491262502
M3,93,nominal,M3_nominal_0093,B,M3,True,L,-1.1348903223670626,100,0.0,100,0,-1.1348903223670626,
M3,94,nominal,M3_nominal_0094,B,M1,True,R,-1.71888533092007,100,0.01,99,1,-1.7186776057605277,-1.7394501217147125
M3,94,nominal,M3_nominal_0094,B,M1,True,L,-1.805125298909253,100,0.01,99,1,-1.8099490427813447,-1.3275746555721268
M3,94,nominal,M3_nominal_0094,B,M2,True,R,-1.7170750219304602,100,0.08,92,8,-1.7113874134744005,-1.7824825191751463
M3,94,nominal,M3_nominal_0094,B,M2,True,L,-1.8044804528443603,100,0.01,99,1,-1.8092907066775368,-1.3282653233598896
M3,94,nominal,M3_nominal_0094,B,M3,True,R,-1.718977873121802,100,0.0,100,0,-1.718977873121802,
M3,94,nominal,M3_nominal_0094,B,M3,True,L,-1.8041568999411988,100,0.0,100,0,-1.8041568999411988,
M3,95,nominal,M3_nominal_0095,B,M1,True,R,-0.9664711897304656,100,0.0,100,0,-0.9664711897304656,
M3,95,nominal,M3_nominal_0095,B,M1,True,L,-0.9560834574240944,100,0.0,100,0,-0.9560834574240944,
M3,95,nominal,M3_nominal_0095,B,M2,True,R,-0.969525336684337,100,0.0,100,0,-0.969525336684337,
M3,95,nominal,M3_nominal_0095,B,M2,True,L,-0.9534982318837648,100,0.0,100,0,-0.9534982318837648,
M3,95,nominal,M3_nominal_0095,B,M3,True,R,-0.9685635515416687,100,0.02,98,2,-0.9760558610378954,-0.6014403862265647
M3,95,nominal,M3_nominal_0095,B,M3,True,L,-0.9590878803231075,100,0.0,100,0,-0.9590878803231075,
M3,96,nominal,M3_nominal_0096,B,M1,True,R,-1.2431185095753081,100,0.0,100,0,-1.2431185095753081,
M3,96,nominal,M3_nominal_0096,B,M1,True,L,-1.0862777421913983,100,0.11,89,11,-1.1256043069253838,-0.7680900820709714
M3,96,nominal,M3_nominal_0096,B,M2,True,R,-1.24654147028205,100,0.0,100,0,-1.24654147028205,
M3,96,nominal,M3_nominal_0096,B,M2,True,L,-1.2098994499628952,100,0.17,83,17,-1.183818256479807,-1.3372370416744448
M3,96,nominal,M3_nominal_0096,B,M3,True,R,-1.2429637539107645,100,0.0,100,0,-1.2429637539107645,
M3,96,nominal,M3_nominal_0096,B,M3,True,L,-1.1016398185901466,100,0.05,95,5,-1.1100835905228275,-0.9412081518692051
M3,97,nominal,M3_nominal_0097,B,M1,True,R,-1.1041716760813034,100,0.0,100,0,-1.1041716760813034,
M3,97,nominal,M3_nominal_0097,B,M1,True,L,-1.4112894028578966,100,0.0,100,0,-1.4112894028578966,
M3,97,nominal,M3_nominal_0097,B,M2,True,R,-1.1061104233312755,100,0.0,100,0,-1.1061104233312755,
M3,97,nominal,M3_nominal_0097,B,M2,True,L,-1.4079262206386218,100,0.0,100,0,-1.4079262206386218,
M3,97,nominal,M3_nominal_0097,B,M3,True,R,-1.1031571541886351,100,0.0,100,0,-1.1031571541886351,
M3,97,nominal,M3_nominal_0097,B,M3,True,L,-1.4075612819863332,100,0.0,100,0,-1.4075612819863332,
M3,98,nominal,M3_nominal_0098,B,M1,True,R,-1.0505377805030143,100,0.0,100,0,-1.0505377805030143,
M3,98,nominal,M3_nominal_0098,B,M1,True,L,-1.1112013220180763,100,0.02,98,2,-1.0995397916310459,-1.6826163109825698
M3,98,nominal,M3_nominal_0098,B,M2,True,R,-1.0509983901800957,100,0.0,100,0,-1.0509983901800957,
M3,98,nominal,M3_nominal_0098,B,M2,True,L,-1.113652756429102,100,0.01,99,1,-1.1088326889051825,-1.5908394412971316
M3,98,nominal,M3_nominal_0098,B,M3,True,R,-1.0469606460206489,100,0.01,99,1,-1.0463016339116518,-1.1122028448113679
M3,98,nominal,M3_nominal_0098,B,M3,True,L,-1.1065350812086145,100,0.0,100,0,-1.1065350812086145,
M3,99,nominal,M3_nominal_0099,B,M1,True,R,-1.525553949260406,100,0.0,100,0,-1.525553949260406,
M3,99,nominal,M3_nominal_0099,B,M1,True,L,-1.9453198935132965,100,0.0,100,0,-1.9453198935132965,
M3,99,nominal,M3_nominal_0099,B,M2,True,R,-1.5257054292815446,100,0.0,100,0,-1.5257054292815446,
M3,99,nominal,M3_nominal_0099,B,M2,True,L,-1.9459190431359417,100,0.0,100,0,-1.9459190431359417,
M3,99,nominal,M3_nominal_0099,B,M3,True,R,-1.5333394692634932,100,0.0,100,0,-1.5333394692634932,
M3,99,nominal,M3_nominal_0099,B,M3,True,L,-1.9408893559417586,100,0.0,100,0,-1.9408893559417586,
M3,100,nominal,M3_nominal_0100,B,M1,True,R,-0.7052840760182177,100,0.04,96,4,-0.7182022902133829,-0.3952469353342498
M3,100,nominal,M3_nominal_0100,B,M1,True,L,-0.8995852105921824,100,0.0,100,0,-0.8995852105921824,
M3,100,nominal,M3_nominal_0100,B,M2,True,R,-0.7048905974687315,100,0.08,92,8,-0.7219386414954545,-0.5088380911614179
M3,100,nominal,M3_nominal_0100,B,M2,True,L,-0.9003942954893699,100,0.0,100,0,-0.9003942954893699,
M3,100,nominal,M3_nominal_0100,B,M3,True,R,-0.7075255961843144,100,0.0,100,0,-0.7075255961843144,
M3,100,nominal,M3_nominal_0100,B,M3,True,L,-0.8977958257806804,100,0.03,97,3,-0.908806665059238,-0.5417786891073132
M3,101,nominal,M3_nominal_0101,B,M1,True,R,-1.2327410090761177,100,0.08,92,8,-1.2665905489880613,-0.8434713000887654
M3,101,nominal,M3_nominal_0101,B,M1,True,L,-1.3804757567270647,100,0.33,67,33,-1.485713282404998,-1.1668116894415654
M3,101,nominal,M3_nominal_0101,B,M2,True,R,-1.2336425174578713,100,0.06,94,6,-1.2419613827491292,-1.1033136278948348
M3,101,nominal,M3_nominal_0101,B,M2,True,L,-6.423038548570114,100,0.33,67,33,-1.4864039930489836,-16.44590264614332
M3,101,nominal,M3_nominal_0101,B,M3,True,R,-1.2333769175472933,100,0.0,100,0,-1.2333769175472933,
M3,101,nominal,M3_nominal_0101,B,M3,True,L,-1.3563785442023453,100,0.2,80,20,-1.3846311563381422,-1.2433680956591575
M3,102,nominal,M3_nominal_0102,B,M1,True,R,-0.8292112940231179,100,0.0,100,0,-0.8292112940231179,
M3,102,nominal,M3_nominal_0102,B,M1,True,L,-1.0549814021762074,100,0.0,100,0,-1.0549814021762074,
M3,102,nominal,M3_nominal_0102,B,M2,True,R,-0.8292302723006183,100,0.0,100,0,-0.8292302723006183,
M3,102,nominal,M3_nominal_0102,B,M2,True,L,-1.0213117506010938,100,0.0,100,0,-1.0213117506010938,
M3,102,nominal,M3_nominal_0102,B,M3,True,R,-0.8361639191733998,100,0.01,99,1,-0.8396422842501576,-0.491805776574391
M3,102,nominal,M3_nominal_0102,B,M3,True,L,-1.0594938239460785,100,0.0,100,0,-1.0594938239460785,
M3,103,nominal,M3_nominal_0103,B,M1,True,R,-1.2930195711889607,100,0.02,98,2,-1.297436652950806,-1.0765825648585323
M3,103,nominal,M3_nominal_0103,B,M1,True,L,-1.6464776636233174,100,0.0,100,0,-1.6464776636233174,
M3,103,nominal,M3_nominal_0103,B,M2,True,R,-1.2927381408133243,100,0.08,92,8,-1.3004205313767085,-1.2043906493344032
M3,103,nominal,M3_nominal_0103,B,M2,True,L,-1.6446960712307124,100,0.0,100,0,-1.6446960712307124,
M3,103,nominal,M3_nominal_0103,B,M3,True,R,-1.2888570849642762,100,0.0,100,0,-1.2888570849642762,
M3,103,nominal,M3_nominal_0103,B,M3,True,L,-1.6450746682643826,100,0.0,100,0,-1.6450746682643826,
M3,104,nominal,M3_nominal_0104,B,M1,True,R,-1.111138320335283,100,0.01,99,1,-1.1171156575885817,-0.5193819322587012
M3,104,nominal,M3_nominal_0104,B,M1,True,L,-1.1443839024531766,100,0.06,94,6,-1.111200171862287,-1.6642623483771164
M3,104,nominal,M3_nominal_0104,B,M2,True,R,-1.1053917578333499,100,0.03,97,3,-1.1269128995977555,-0.409541507450907
M3,104,nominal,M3_nominal_0104,B,M2,True,L,-1.1516893100088073,100,0.06,94,6,-1.1166937237820938,-1.6999534942273218
M3,104,nominal,M3_nominal_0104,B,M3,True,R,-1.100398511201048,100,0.0,100,0,-1.100398511201048,
M3,104,nominal,M3_nominal_0104,B,M3,True,L,-1.1491919900099365,100,0.01,99,1,-1.1462564797378236,-1.4398075069490992
M3,105,nominal,M3_nominal_0105,B,M1,True,R,-1.0144297292131457,100,0.02,98,2,-1.023357952874489,-0.5769467698073213
M3,105,nominal,M3_nominal_0105,B,M1,True,L,-0.9959611026642798,100,0.01,99,1,-1.0027318874048556,-0.325653413347265
M3,105,nominal,M3_nominal_0105,B,M2,True,R,-1.012208075075102,100,0.02,98,2,-1.0194675767193855,-0.6564924945052086
M3,105,nominal,M3_nominal_0105,B,M2,True,L,-0.9988058345346065,100,0.01,99,1,-1.0057743574532485,-0.3089220655890685
M3,105,nominal,M3_nominal_0105,B,M3,True,R,-1.014999169849531,100,0.0,100,0,-1.014999169849531,
M3,105,nominal,M3_nominal_0105,B,M3,True,L,-0.9947001157851487,100,0.0,100,0,-0.9947001157851487,
M3,106,nominal,M3_nominal_0106,B,M1,True,R,0.028241437268270025,100,0.0,100,0,0.028241437268270025,
M3,106,nominal,M3_nominal_0106,B,M1,True,L,0.31503977356584956,100,0.0,100,0,0.31503977356584956,
M3,106,nominal,M3_nominal_0106,B,M2,True,R,0.037497518630200476,100,0.0,100,0,0.037497518630200476,
M3,106,nominal,M3_nominal_0106,B,M2,True,L,0.31551609313900175,100,0.0,100,0,0.31551609313900175,
M3,106,nominal,M3_nominal_0106,B,M3,True,R,0.031213833330352516,100,0.0,100,0,0.031213833330352516,
M3,106,nominal,M3_nominal_0106,B,M3,True,L,0.31444377152160186,100,0.0,100,0,0.31444377152160186,
M3,107,nominal,M3_nominal_0107,B,M1,True,R,-137.22202804579138,100,0.52,48,52,-0.9557627647057497,-263.0062729206396
M3,107,nominal,M3_nominal_0107,B,M1,True,L,-0.9125284180845503,100,0.0,100,0,-0.9125284180845503,
M3,107,nominal,M3_nominal_0107,B,M2,True,R,-294399.50393259135,100,0.54,46,54,-0.8895957833881303,-545183.5087380202
M3,107,nominal,M3_nominal_0107,B,M2,True,L,-0.9111202004092036,100,0.0,100,0,-0.9111202004092036,
M3,107,nominal,M3_nominal_0107,B,M3,True,R,-85.95673858759307,100,0.52,48,52,-0.9128021256994318,-164.4588337831872
M3,107,nominal,M3_nominal_0107,B,M3,True,L,-0.9179367759779251,100,0.0,100,0,-0.9179367759779251,
M3,108,nominal,M3_nominal_0108,B,M1,True,R,-1.0540370235869967,100,0.01,99,1,-1.050622555685575,-1.3920693458277391
M3,108,nominal,M3_nominal_0108,B,M1,True,L,-1.4402695461303088,100,0.0,100,0,-1.4402695461303088,
M3,108,nominal,M3_nominal_0108,B,M2,True,R,-1.0519354847474287,100,0.0,100,0,-1.0519354847474287,
M3,108,nominal,M3_nominal_0108,B,M2,True,L,-1.4408859316185179,100,0.0,100,0,-1.4408859316185179,
M3,108,nominal,M3_nominal_0108,B,M3,True,R,-1.0514567053454147,100,0.0,100,0,-1.0514567053454147,
M3,108,nominal,M3_nominal_0108,B,M3,True,L,-1.4360925609125443,100,0.0,100,0,-1.4360925609125443,
M3,109,nominal,M3_nominal_0109,B,M1,True,R,-1.2135642476567394,100,0.0,100,0,-1.2135642476567394,
M3,109,nominal,M3_nominal_0109,B,M1,True,L,-1.0960395213319627,100,0.0,100,0,-1.0960395213319627,
M3,109,nominal,M3_nominal_0109,B,M2,True,R,-1.2120876749596001,100,0.01,99,1,-1.2137808704017452,-1.044461326187257
M3,109,nominal,M3_nominal_0109,B,M2,True,L,-1.0749455822268859,100,0.02,98,2,-1.0772890297710298,-0.9601166525638254
M3,109,nominal,M3_nominal_0109,B,M3,True,R,-1.217715631491634,100,0.0,100,0,-1.217715631491634,
M3,109,nominal,M3_nominal_0109,B,M3,True,L,-1.1023099833431553,100,0.0,100,0,-1.1023099833431553,
M3,110,nominal,M3_nominal_0110,B,M1,True,R,-0.9226754981896148,100,0.0,100,0,-0.9226754981896148,
M3,110,nominal,M3_nominal_0110,B,M1,True,L,-1.1684637960600117,100,0.01,99,1,-1.1556252441781865,-2.4394804323607127
M3,110,nominal,M3_nominal_0110,B,M2,True,R,-0.9217366372727009,100,0.0,100,0,-0.9217366372727009,
M3,110,nominal,M3_nominal_0110,B,M2,True,L,-1.1684024141454092,100,0.0,100,0,-1.1684024141454092,
M3,110,nominal,M3_nominal_0110,B,M3,True,R,-0.9223956126979406,100,0.0,100,0,-0.9223956126979406,
M3,110,nominal,M3_nominal_0110,B,M3,True,L,-1.1650406438793997,100,0.0,100,0,-1.1650406438793997,
M3,111,nominal,M3_nominal_0111,B,M1,True,R,-1.4674513223675512,100,0.02,98,2,-1.4762327177225611,-1.0371629499720778
M3,111,nominal,M3_nominal_0111,B,M1,True,L,-1.6444564802184218,100,0.03,97,3,-1.6454103240912195,-1.613615528331299
M3,111,nominal,M3_nominal_0111,B,M2,True,R,-1.4662631767030143,100,0.13,87,13,-1.4991990990846091,-1.245845849995418
M3,111,nominal,M3_nominal_0111,B,M2,True,L,-1.64099000803722,100,0.03,97,3,-1.6419151989696892,-1.6110755012207107
M3,111,nominal,M3_nominal_0111,B,M3,True,R,-1.4696567499421969,100,0.0,100,0,-1.4696567499421969,
M3,111,nominal,M3_nominal_0111,B,M3,True,L,-1.6407083492392553,100,0.0,100,0,-1.6407083492392553,
M3,112,nominal,M3_nominal_0112,B,M1,True,R,-1.436307130104976,100,0.05,95,5,-1.4351675501315666,-1.4579591495997486
M3,112,nominal,M3_nominal_0112,B,M1,True,L,-1.4607463144765804,100,0.03,97,3,-1.4634107788496826,-1.374595299746262
M3,112,nominal,M3_nominal_0112,B,M2,True,R,-1.4422240249283191,100,0.05,95,5,-1.441307234886906,-1.4596430357151662
M3,112,nominal,M3_nominal_0112,B,M2,True,L,-1.4531392868579784,100,0.01,99,1,-1.447796398445498,-1.9820852396935105
M3,112,nominal,M3_nominal_0112,B,M3,True,R,-1.4434781403993122,100,0.0,100,0,-1.4434781403993122,
M3,112,nominal,M3_nominal_0112,B,M3,True,L,-1.4603875630194603,100,0.0,100,0,-1.4603875630194603,
M3,113,nominal,M3_nominal_0113,B,M1,True,R,-1.6686379507702798,100,0.0,100,0,-1.6686379507702798,
M3,113,nominal,M3_nominal_0113,B,M1,True,L,-1.5592867311514271,100,0.0,100,0,-1.5592867311514271,
M3,113,nominal,M3_nominal_0113,B,M2,True,R,-1.6694601809079084,100,0.0,100,0,-1.6694601809079084,
M3,113,nominal,M3_nominal_0113,B,M2,True,L,-1.5583793553325769,100,0.0,100,0,-1.5583793553325769,
M3,113,nominal,M3_nominal_0113,B,M3,True,R,-1.6679547849056222,100,0.0,100,0,-1.6679547849056222,
M3,113,nominal,M3_nominal_0113,B,M3,True,L,-1.5595838609523907,100,0.0,100,0,-1.5595838609523907,
M3,114,nominal,M3_nominal_0114,B,M1,True,R,-1.3898744548427258,100,0.0,100,0,-1.3898744548427258,
M3,114,nominal,M3_nominal_0114,B,M1,True,L,-1.6658590640013953,100,0.02,98,2,-1.6744681607575045,-1.2440133229520345
M3,114,nominal,M3_nominal_0114,B,M2,True,R,-1.3916245542268977,100,0.0,100,0,-1.3916245542268977,
M3,114,nominal,M3_nominal_0114,B,M2,True,L,-1.6645026359542934,100,0.0,100,0,-1.6645026359542934,
M3,114,nominal,M3_nominal_0114,B,M3,True,R,-1.3908766386440257,100,0.0,100,0,-1.3908766386440257,
M3,114,nominal,M3_nominal_0114,B,M3,True,L,-1.6666778843402457,100,0.0,100,0,-1.6666778843402457,
M3,115,nominal,M3_nominal_0115,B,M1,True,R,-1.6608668699530076,100,0.0,100,0,-1.6608668699530076,
M3,115,nominal,M3_nominal_0115,B,M1,True,L,-1.8639361535188965,100,0.02,98,2,-1.87541000973933,-1.3017171987176623
M3,115,nominal,M3_nominal_0115,B,M2,True,R,-1.6628133548081714,100,0.01,99,1,-1.6686563331307276,-1.0843585008751149
M3,115,nominal,M3_nominal_0115,B,M2,True,L,-1.864521947085923,100,0.08,92,8,-1.9008679272582265,-1.4465431751044313
M3,115,nominal,M3_nominal_0115,B,M3,True,R,-1.6608109128262567,100,0.0,100,0,-1.6608109128262567,
M3,115,nominal,M3_nominal_0115,B,M3,True,L,-1.8635743329318546,100,0.0,100,0,-1.8635743329318546,
M3,116,nominal,M3_nominal_0116,B,M1,True,R,-1.2490309797112018,100,0.01,99,1,-1.2471616742214062,-1.4340922232009543
M3,116,nominal,M3_nominal_0116,B,M1,True,L,-1.662996355601088,100,0.0,100,0,-1.662996355601088,
M3,116,nominal,M3_nominal_0116,B,M2,True,R,-1.2488225093509016,100,0.0,100,0,-1.2488225093509016,
M3,116,nominal,M3_nominal_0116,B,M2,True,L,-1.6624975461359628,100,0.0,100,0,-1.6624975461359628,
M3,116,nominal,M3_nominal_0116,B,M3,True,R,-1.2485824021887812,100,0.01,99,1,-1.2528563537623063,-0.8254611964097957
M3,116,nominal,M3_nominal_0116,B,M3,True,L,-1.6584773812766036,100,0.0,100,0,-1.6584773812766036,
M3,117,nominal,M3_nominal_0117,B,M1,True,R,-1.2015943208903488,100,0.08,92,8,-1.2041362370774338,-1.1723622847388735
M3,117,nominal,M3_nominal_0117,B,M1,True,L,-1.5677818026046568,100,0.01,99,1,-1.5663117975133865,-1.7133123066404075
M3,117,nominal,M3_nominal_0117,B,M2,True,R,-1.1992346639842817,100,0.05,95,5,-1.2012636533064738,-1.1606838668626287
M3,117,nominal,M3_nominal_0117,B,M2,True,L,-1.5694612275260424,100,0.02,98,2,-1.5734085989804487,-1.3760400262601609
M3,117,nominal,M3_nominal_0117,B,M3,True,R,-1.1874810634651891,100,0.0,100,0,-1.1874810634651891,
M3,117,nominal,M3_nominal_0117,B,M3,True,L,-1.5706755572573734,100,0.0,100,0,-1.5706755572573734,
M3,118,nominal,M3_nominal_0118,B,M1,True,R,-1.657692038483654,100,0.13,87,13,-1.686426307355012,-1.4653934698830315
M3,118,nominal,M3_nominal_0118,B,M1,True,L,-1.7532114152368576,100,0.0,100,0,-1.7532114152368576,
M3,118,nominal,M3_nominal_0118,B,M2,True,R,-1.6557052857070393,100,0.13,87,13,-1.6839903127770681,-1.4664131814691541
M3,118,nominal,M3_nominal_0118,B,M2,True,L,-1.752738190649323,100,0.0,100,0,-1.752738190649323,
M3,118,nominal,M3_nominal_0118,B,M3,True,R,-1.6581821839939102,100,0.0,100,0,-1.6581821839939102,
M3,118,nominal,M3_nominal_0118,B,M3,True,L,-1.7540098579979548,100,0.0,100,0,-1.7540098579979548,
M3,119,nominal,M3_nominal_0119,B,M1,True,R,-1.0162069464878885,100,0.0,100,0,-1.0162069464878885,
M3,119,nominal,M3_nominal_0119,B,M1,True,L,-1.3204799289247433,100,0.01,99,1,-1.3214882047228391,-1.2206606249132597
M3,119,nominal,M3_nominal_0119,B,M2,True,R,-1.0146319786219884,100,0.0,100,0,-1.0146319786219884,
M3,119,nominal,M3_nominal_0119,B,M2,True,L,-1.3199473978312897,100,0.0,100,0,-1.3199473978312897,
M3,119,nominal,M3_nominal_0119,B,M3,True,R,-1.0180607715114471,100,0.0,100,0,-1.0180607715114471,
M3,119,nominal,M3_nominal_0119,B,M3,True,L,-1.3240048191640759,100,0.0,100,0,-1.3240048191640759,
M3,120,nominal,M3_nominal_0120,B,M1,True,R,-1.8722878676140713,100,0.0,100,0,-1.8722878676140713,
M3,120,nominal,M3_nominal_0120,B,M1,True,L,-1.6890109081467743,100,0.0,100,0,-1.6890109081467743,
M3,120,nominal,M3_nominal_0120,B,M2,True,R,-1.8901559519501947,100,0.0,100,0,-1.8901559519501947,
M3,120,nominal,M3_nominal_0120,B,M2,True,L,-1.6869263564705905,100,0.02,98,2,-1.6903572278145491,-1.5188136606166327
M3,120,nominal,M3_nominal_0120,B,M3,True,R,-1.8665681416940976,100,0.03,97,3,-1.8759014694499974,-1.5647905442533354
M3,120,nominal,M3_nominal_0120,B,M3,True,L,-1.6870373858474559,100,0.0,100,0,-1.6870373858474559,
M3,121,nominal,M3_nominal_0121,B,M1,True,R,-1.8510105527398488,100,0.06,94,6,-1.860498577753217,-1.7023648275304117
M3,121,nominal,M3_nominal_0121,B,M1,True,L,-2.0926830005954855,100,0.03,97,3,-2.096169087273483,-1.9799661980068939
M3,121,nominal,M3_nominal_0121,B,M2,True,R,-1.8526073282984863,100,0.05,95,5,-1.855241494875542,-1.8025581633344268
M3,121,nominal,M3_nominal_0121,B,M2,True,L,-2.092688227297712,100,0.13,87,13,-2.0734202176051464,-2.221635676778725
M3,121,nominal,M3_nominal_0121,B,M3,True,R,-1.8505465348744985,100,0.0,100,0,-1.8505465348744985,
M3,121,nominal,M3_nominal_0121,B,M3,True,L,-2.0923465356656723,100,0.0,100,0,-2.0923465356656723,
M3,122,nominal,M3_nominal_0122,B,M1,True,R,-0.7519934138318817,100,0.0,100,0,-0.7519934138318817,
M3,122,nominal,M3_nominal_0122,B,M1,True,L,-1.6304406059485563,100,0.0,100,0,-1.6304406059485563,
M3,122,nominal,M3_nominal_0122,B,M2,True,R,-0.7566821178005461,100,0.0,100,0,-0.7566821178005461,
M3,122,nominal,M3_nominal_0122,B,M2,True,L,-1.622886486954747,100,0.0,100,0,-1.622886486954747,
M3,122,nominal,M3_nominal_0122,B,M3,True,R,-0.7492598034139338,100,0.0,100,0,-0.7492598034139338,
M3,122,nominal,M3_nominal_0122,B,M3,True,L,-1.6242545204795151,100,0.0,100,0,-1.6242545204795151,
M3,123,nominal,M3_nominal_0123,B,M1,True,R,-1.3380789572205152,100,0.01,99,1,-1.3443540545757977,-0.7168443190475475
M3,123,nominal,M3_nominal_0123,B,M1,True,L,-1.3445328953936504,100,0.0,100,0,-1.3445328953936504,
M3,123,nominal,M3_nominal_0123,B,M2,True,R,-1.3392862862965271,100,0.0,100,0,-1.3392862862965271,
M3,123,nominal,M3_nominal_0123,B,M2,True,L,-1.3460102459520606,100,0.0,100,0,-1.3460102459520606,
M3,123,nominal,M3_nominal_0123,B,M3,True,R,-1.334481330230042,100,0.0,100,0,-1.334481330230042,
M3,123,nominal,M3_nominal_0123,B,M3,True,L,-1.341887441559019,100,0.0,100,0,-1.341887441559019,
M3,124,nominal,M3_nominal_0124,B,M1,True,R,-1.1934417469905743,100,0.03,97,3,-1.2017509464933154,-0.9247776297352764
M3,124,nominal,M3_nominal_0124,B,M1,True,L,-1.5587683795349987,100,0.02,98,2,-1.5715708299184128,-0.9314483107477205
M3,124,nominal,M3_nominal_0124,B,M2,True,R,-1.1918229004702043,100,0.05,95,5,-1.2000628712658263,-1.0352634553533906
M3,124,nominal,M3_nominal_0124,B,M2,True,L,-1.5606548067836132,100,0.01,99,1,-1.5661490838875225,-1.0167213734965717
M3,124,nominal,M3_nominal_0124,B,M3,True,R,-1.1937822441065316,100,0.01,99,1,-1.1982429759872009,-0.7521697879202881
M3,124,nominal,M3_nominal_0124,B,M3,True,L,-1.5610216688660645,100,0.0,100,0,-1.5610216688660645,
M3,125,nominal,M3_nominal_0125,B,M1,True,R,-1.6438041032664057,100,0.0,100,0,-1.6438041032664057,
M3,125,nominal,M3_nominal_0125,B,M1,True,L,-1.6570158667821664,100,0.0,100,0,-1.6570158667821664,
M3,125,nominal,M3_nominal_0125,B,M2,True,R,-1.644988022859371,100,0.0,100,0,-1.644988022859371,
M3,125,nominal,M3_nominal_0125,B,M2,True,L,-1.6570422180113462,100,0.0,100,0,-1.6570422180113462,
M3,125,nominal,M3_nominal_0125,B,M3,True,R,-1.6478910556120496,100,0.0,100,0,-1.6478910556120496,
M3,125,nominal,M3_nominal_0125,B,M3,True,L,-1.665720740101095,100,0.0,100,0,-1.665720740101095,
M3,126,nominal,M3_nominal_0126,B,M1,True,R,-1.46967548842717,100,0.0,100,0,-1.46967548842717,
M3,126,nominal,M3_nominal_0126,B,M1,True,L,-1.823399367322513,100,0.01,99,1,-1.8170918005486059,-2.447848477939369
M3,126,nominal,M3_nominal_0126,B,M2,True,R,-1.4687529073497385,100,0.0,100,0,-1.4687529073497385,
M3,126,nominal,M3_nominal_0126,B,M2,True,L,-1.8208234257774418,100,0.01,99,1,-1.8141388616308431,-2.482595276290735
M3,126,nominal,M3_nominal_0126,B,M3,True,R,-1.4707277324240682,100,0.01,99,1,-1.4744022792690916,-1.1069475947667666
M3,126,nominal,M3_nominal_0126,B,M3,True,L,-1.8239162677638754,100,0.0,100,0,-1.8239162677638754,
M3,127,nominal,M3_nominal_0127,B,M1,True,R,-3.1948898298365553,100,0.48,52,48,-0.8400978957552615,-5.74591442509129
M3,127,nominal,M3_nominal_0127,B,M1,True,L,-0.6799989030991691,100,0.01,99,1,-0.6853136966668868,-0.15383433989510245
M3,127,nominal,M3_nominal_0127,B,M2,True,R,-878.5667182395661,100,0.52,48,52,-0.9818696365421126,-1688.645040026973
M3,127,nominal,M3_nominal_0127,B,M2,True,L,-0.6852503728229773,100,0.01,99,1,-0.6906954483532779,-0.14618789532320772
M3,127,nominal,M3_nominal_0127,B,M3,True,R,-1.5409091671758477,100,0.45,55,45,-0.9464197091731713,-2.2675073936235624
M3,127,nominal,M3_nominal_0127,B,M3,True,L,-0.6781422474898525,100,0.0,100,0,-0.6781422474898525,
M3,128,nominal,M3_nominal_0128,B,M1,True,R,-1.2983125642745506,100,0.0,100,0,-1.2983125642745506,
M3,128,nominal,M3_nominal_0128,B,M1,True,L,-1.53923552157922,100,0.01,99,1,-1.54497313683716,-0.971211611043169
M3,128,nominal,M3_nominal_0128,B,M2,True,R,-1.2965915890598623,100,0.0,100,0,-1.2965915890598623,
M3,128,nominal,M3_nominal_0128,B,M2,True,L,-1.5286758623016883,100,0.11,89,11,-1.5627657916801043,-1.2528573427854133
M3,128,nominal,M3_nominal_0128,B,M3,True,R,-1.2936528099755373,100,0.0,100,0,-1.2936528099755373,
M3,128,nominal,M3_nominal_0128,B,M3,True,L,-1.5490195527105337,100,0.0,100,0,-1.5490195527105337,
M3,129,nominal,M3_nominal_0129,B,M1,True,R,-40.49662110977793,100,0.63,37,63,-1.0659092202427498,-63.65434079093348
M3,129,nominal,M3_nominal_0129,B,M1,True,L,-1.7041540811269777,100,0.01,99,1,-1.7045369098940955,-1.6662540331823323
M3,129,nominal,M3_nominal_0129,B,M2,True,R,-199256.04325795677,100,0.66,34,66,-1.0660262680478698,-301902.5466803418
M3,129,nominal,M3_nominal_0129,B,M2,True,L,-1.6973773276570634,100,0.0,100,0,-1.6973773276570634,
M3,129,nominal,M3_nominal_0129,B,M3,True,R,-12.914963836244588,100,0.56,44,56,-1.1160696314020369,-22.185523568620876
M3,129,nominal,M3_nominal_0129,B,M3,True,L,-1.6976807729254721,100,0.0,100,0,-1.6976807729254721,
M3,130,nominal,M3_nominal_0130,B,M1,True,R,-1.4547506638936962,100,0.6,40,60,-0.803083615288139,-1.8891953629640672
M3,130,nominal,M3_nominal_0130,B,M1,True,L,-1.0465256506339562,100,0.0,100,0,-1.0465256506339562,
M3,130,nominal,M3_nominal_0130,B,M2,True,R,-72.63037314207801,100,0.74,26,74,-0.7037304935790553,-97.90189623479385
M3,130,nominal,M3_nominal_0130,B,M2,True,L,-1.0457819521500098,100,0.0,100,0,-1.0457819521500098,
M3,130,nominal,M3_nominal_0130,B,M3,True,R,-1.0038008037382895,100,0.54,46,54,-0.9803662891337348,-1.023763538401428
M3,130,nominal,M3_nominal_0130,B,M3,True,L,-1.0452006628813613,100,0.0,100,0,-1.0452006628813613,
M3,131,nominal,M3_nominal_0131,B,M1,True,R,-1.5621710824091162,100,0.0,100,0,-1.5621710824091162,
M3,131,nominal,M3_nominal_0131,B,M1,True,L,-1.4029136662867479,100,0.0,100,0,-1.4029136662867479,
M3,131,nominal,M3_nominal_0131,B,M2,True,R,-1.556604325322214,100,0.0,100,0,-1.556604325322214,
M3,131,nominal,M3_nominal_0131,B,M2,True,L,-1.404355614599127,100,0.0,100,0,-1.404355614599127,
M3,131,nominal,M3_nominal_0131,B,M3,True,R,-1.548857718428441,100,0.03,97,3,-1.5690993527439543,-0.8943782088935327
M3,131,nominal,M3_nominal_0131,B,M3,True,L,-1.4031861234266139,100,0.0,100,0,-1.4031861234266139,
M3,132,nominal,M3_nominal_0132,B,M1,True,R,-1.3880217398321846,100,0.0,100,0,-1.3880217398321846,
M3,132,nominal,M3_nominal_0132,B,M1,True,L,-1.3554946116498792,100,0.01,99,1,-1.3596388017983307,-0.9452197869531997
M3,132,nominal,M3_nominal_0132,B,M2,True,R,-1.3879375846730386,100,0.02,98,2,-1.3979267549128975,-0.8984682429199585
M3,132,nominal,M3_nominal_0132,B,M2,True,L,-1.3542569235865407,100,0.0,100,0,-1.3542569235865407,
M3,132,nominal,M3_nominal_0132,B,M3,True,R,-1.387697613899289,100,0.0,100,0,-1.387697613899289,
M3,132,nominal,M3_nominal_0132,B,M3,True,L,-1.3557508523560688,100,0.0,100,0,-1.3557508523560688,
M3,133,nominal,M3_nominal_0133,B,M1,True,R,-1.0904394901550132,100,0.01,99,1,-1.0954510661233685,-0.5942934692878041
M3,133,nominal,M3_nominal_0133,B,M1,True,L,-1.3257033741327988,100,0.0,100,0,-1.3257033741327988,
M3,133,nominal,M3_nominal_0133,B,M2,True,R,-1.0927175106641291,100,0.0,100,0,-1.0927175106641291,
M3,133,nominal,M3_nominal_0133,B,M2,True,L,-1.332093214391169,100,0.0,100,0,-1.332093214391169,
M3,133,nominal,M3_nominal_0133,B,M3,True,R,-1.0919048249029724,100,0.0,100,0,-1.0919048249029724,
M3,133,nominal,M3_nominal_0133,B,M3,True,L,-1.32835866944318,100,0.0,100,0,-1.32835866944318,
M3,134,nominal,M3_nominal_0134,B,M1,True,R,-1.5063025146203222,100,0.0,100,0,-1.5063025146203222,
M3,134,nominal,M3_nominal_0134,B,M1,True,L,-2.135727684496694,100,0.0,100,0,-2.135727684496694,
M3,134,nominal,M3_nominal_0134,B,M2,True,R,-1.5063910941980374,100,0.01,99,1,-1.5129368013272841,-0.8583660884025877
M3,134,nominal,M3_nominal_0134,B,M2,True,L,-2.1380352761996093,100,0.0,100,0,-2.1380352761996093,
M3,134,nominal,M3_nominal_0134,B,M3,True,R,-1.5056049160582805,100,0.0,100,0,-1.5056049160582805,
M3,134,nominal,M3_nominal_0134,B,M3,True,L,-2.1345173693619452,100,0.0,100,0,-2.1345173693619452,
M3,135,nominal,M3_nominal_0135,B,M1,True,R,-0.8736724363878967,100,0.02,98,2,-0.8666158835422085,-1.2194435258266252
M3,135,nominal,M3_nominal_0135,B,M1,True,L,-0.9940870449024949,100,0.0,100,0,-0.9940870449024949,
M3,135,nominal,M3_nominal_0135,B,M2,True,R,-0.86722370548874,100,0.01,99,1,-0.8715572052975499,-0.4382072244165512
M3,135,nominal,M3_nominal_0135,B,M2,True,L,-0.9992752679922886,100,0.0,100,0,-0.9992752679922886,
M3,135,nominal,M3_nominal_0135,B,M3,True,R,-0.8807200059006532,100,0.0,100,0,-0.8807200059006532,
M3,135,nominal,M3_nominal_0135,B,M3,True,L,-0.9942640906579421,100,0.02,98,2,-0.9921797233875422,-1.0963980869075325
M3,136,nominal,M3_nominal_0136,B,M1,True,R,-2.1245017396207033,100,0.0,100,0,-2.1245017396207033,
M3,136,nominal,M3_nominal_0136,B,M1,True,L,-2.342868574360333,100,0.0,100,0,-2.342868574360333,
M3,136,nominal,M3_nominal_0136,B,M2,True,R,-2.12879848189075,100,0.0,100,0,-2.12879848189075,
M3,136,nominal,M3_nominal_0136,B,M2,True,L,-2.3471666347228783,100,0.0,100,0,-2.3471666347228783,
M3,136,nominal,M3_nominal_0136,B,M3,True,R,-2.1301783924952438,100,0.02,98,2,-2.1235359599785117,-2.455657585815119
M3,136,nominal,M3_nominal_0136,B,M3,True,L,-2.345942492191578,100,0.01,99,1,-2.352702741784283,-1.676677782513751
M3,137,nominal,M3_nominal_0137,B,M1,True,R,-1.5348338706548916,100,0.01,99,1,-1.5398853136874924,-1.0347410104274066
M3,137,nominal,M3_nominal_0137,B,M1,True,L,-1.8280301680723954,100,0.01,99,1,-1.8284301796832387,-1.788429018598922
M3,137,nominal,M3_nominal_0137,B,M2,True,R,-1.5270383643305145,100,0.02,98,2,-1.5319221650943347,-1.2877321269033377
M3,137,nominal,M3_nominal_0137,B,M2,True,L,-1.8288335589597722,100,0.01,99,1,-1.8289488221433434,-1.8174225037861989
M3,137,nominal,M3_nominal_0137,B,M3,True,R,-1.5306373840883538,100,0.0,100,0,-1.5306373840883538,
M3,137,nominal,M3_nominal_0137,B,M3,True,L,-1.827826613180095,100,0.0,100,0,-1.827826613180095,
M3,138,nominal,M3_nominal_0138,B,M1,True,R,-1.2026985570269753,100,0.02,98,2,-1.2113999068310122,-0.7763324166291696
M3,138,nominal,M3_nominal_0138,B,M1,True,L,-1.3799482679343165,100,0.0,100,0,-1.3799482679343165,
M3,138,nominal,M3_nominal_0138,B,M2,True,R,-1.202277473311793,100,0.05,95,5,-1.2164518425913036,-0.9329644570010907
M3,138,nominal,M3_nominal_0138,B,M2,True,L,-1.3795272586708947,100,0.0,100,0,-1.3795272586708947,
M3,138,nominal,M3_nominal_0138,B,M3,True,R,-1.2008574691973422,100,0.0,100,0,-1.2008574691973422,
M3,138,nominal,M3_nominal_0138,B,M3,True,L,-1.382349196372287,100,0.0,100,0,-1.382349196372287,
M3,139,nominal,M3_nominal_0139,B,M1,True,R,-1.2407144500480232,100,0.0,100,0,-1.2407144500480232,
M3,139,nominal,M3_nominal_0139,B,M1,True,L,-2.4327296325236967,100,0.4,60,40,-1.139541466090496,-4.372511882173497
M3,139,nominal,M3_nominal_0139,B,M2,True,R,-1.2455605060518855,100,0.12,88,12,-1.235161618480805,-1.3218190149064766
M3,139,nominal,M3_nominal_0139,B,M2,True,L,-64.89185322222805,100,0.4,60,40,-1.1319411800674943,-160.5317212854689
M3,139,nominal,M3_nominal_0139,B,M3,True,R,-1.2511208083465486,100,0.01,99,1,-1.2571416246619023,-0.6550599931265533
M3,139,nominal,M3_nominal_0139,B,M3,True,L,-1.02636626222612,100,0.38,62,38,-1.0905695886906615,-0.9216134664155525
M3,140,nominal,M3_nominal_0140,B,M1,True,R,-1.4855187840077073,100,0.0,100,0,-1.4855187840077073,
M3,140,nominal,M3_nominal_0140,B,M1,True,L,-1.7266448744874503,100,0.01,99,1,-1.7320654038611212,-1.1900124664940142
M3,140,nominal,M3_nominal_0140,B,M2,True,R,-1.4903895398310953,100,0.0,100,0,-1.4903895398310953,
M3,140,nominal,M3_nominal_0140,B,M2,True,L,-1.7229359686304455,100,0.01,99,1,-1.728438104380174,-1.1782245294073295
M3,140,nominal,M3_nominal_0140,B,M3,True,R,-1.4769407820367146,100,0.0,100,0,-1.4769407820367146,
M3,140,nominal,M3_nominal_0140,B,M3,True,L,-1.7376395029665224,100,0.0,100,0,-1.7376395029665224,
M3,141,nominal,M3_nominal_0141,B,M1,True,R,-1.1086140862652318,100,0.0,100,0,-1.1086140862652318,
M3,141,nominal,M3_nominal_0141,B,M1,True,L,-1.2020069964313769,100,0.01,99,1,-1.207575227018537,-0.6507521683025267
M3,141,nominal,M3_nominal_0141,B,M2,True,R,-1.1110362847083863,100,0.0,100,0,-1.1110362847083863,
M3,141,nominal,M3_nominal_0141,B,M2,True,L,-1.2073220254995818,100,0.03,97,3,-1.2150538201168144,-0.9573273328757305
M3,141,nominal,M3_nominal_0141,B,M3,True,R,-1.1075740572263206,100,0.0,100,0,-1.1075740572263206,
M3,141,nominal,M3_nominal_0141,B,M3,True,L,-1.2015346216838052,100,0.0,100,0,-1.2015346216838052,
M3,142,nominal,M3_nominal_0142,B,M1,True,R,-0.9624601643978893,100,0.44,56,44,-0.3867291679834168,-1.6952087052890357
M3,142,nominal,M3_nominal_0142,B,M1,True,L,-1.0233438483378787,100,0.01,99,1,-1.0164401741221636,-1.7068075956936806
M3,142,nominal,M3_nominal_0142,B,M2,True,R,-10.149653944553712,100,0.44,56,44,-0.3981027078675811,-22.56071915488152
M3,142,nominal,M3_nominal_0142,B,M2,True,L,-1.024590152736466,100,0.01,99,1,-1.0170429709861994,-1.7717611460128757
M3,142,nominal,M3_nominal_0142,B,M3,True,R,-0.3968961097099342,100,0.33,67,33,-0.4726890898093426,-0.2430133925384079
M3,142,nominal,M3_nominal_0142,B,M3,True,L,-1.017946665228851,100,0.0,100,0,-1.017946665228851,
M3,143,nominal,M3_nominal_0143,B,M1,True,R,-1.680652963999887,100,0.0,100,0,-1.680652963999887,
M3,143,nominal,M3_nominal_0143,B,M1,True,L,-1.8956958323888558,100,0.0,100,0,-1.8956958323888558,
M3,143,nominal,M3_nominal_0143,B,M2,True,R,-1.6821770387142312,100,0.02,98,2,-1.6857042646447982,-1.509342968116441
M3,143,nominal,M3_nominal_0143,B,M2,True,L,-1.8965976543382117,100,0.0,100,0,-1.8965976543382117,
M3,143,nominal,M3_nominal_0143,B,M3,True,R,-1.6801703126713377,100,0.0,100,0,-1.6801703126713377,
M3,143,nominal,M3_nominal_0143,B,M3,True,L,-1.8976462423257021,100,0.0,100,0,-1.8976462423257021,
M3,144,nominal,M3_nominal_0144,B,M1,True,R,-0.9851207364135522,100,0.0,100,0,-0.9851207364135522,
M3,144,nominal,M3_nominal_0144,B,M1,True,L,-1.2060479419162276,100,0.09,91,9,-1.1974366165695942,-1.2931180093099686
M3,144,nominal,M3_nominal_0144,B,M2,True,R,-0.9859345399528843,100,0.0,100,0,-0.9859345399528843,
M3,144,nominal,M3_nominal_0144,B,M2,True,L,-1.196231333676324,100,0.0,100,0,-1.196231333676324,
M3,144,nominal,M3_nominal_0144,B,M3,True,R,-0.9840198469984389,100,0.04,96,4,-0.9828602902665748,-1.0118492085631758
M3,144,nominal,M3_nominal_0144,B,M3,True,L,-1.206021514199743,100,0.01,99,1,-1.1942022326803337,-2.3761303846212583
M3,145,nominal,M3_nominal_0145,B,M1,True,R,-1.2415527449578934,100,0.0,100,0,-1.2415527449578934,
M3,145,nominal,M3_nominal_0145,B,M1,True,L,-1.6146650451785751,100,0.21,79,21,-1.380366244627488,-2.4960748186802837
M3,145,nominal,M3_nominal_0145,B,M2,True,R,-1.2410722561125345,100,0.01,99,1,-1.2285026195472437,-2.4854662760763113
M3,145,nominal,M3_nominal_0145,B,M2,True,L,-3.4940981513349056,100,0.21,79,21,-1.4063293121566296,-11.348085689196044
M3,145,nominal,M3_nominal_0145,B,M3,True,R,-1.2585738988321824,100,0.0,100,0,-1.2585738988321824,
M3,145,nominal,M3_nominal_0145,B,M3,True,L,-1.3145107565679357,100,0.05,95,5,-1.3279957468782855,-1.0582959406712913
M3,146,nominal,M3_nominal_0146,B,M1,True,R,-1.1628815567712474,100,0.0,100,0,-1.1628815567712474,
M3,146,nominal,M3_nominal_0146,B,M1,True,L,-1.361067575319821,100,0.01,99,1,-1.3646703489080751,-1.0043929900826176
M3,146,nominal,M3_nominal_0146,B,M2,True,R,-1.159107890828724,100,0.0,100,0,-1.159107890828724,
M3,146,nominal,M3_nominal_0146,B,M2,True,L,-1.3577943704217232,100,0.01,99,1,-1.361322403975168,-1.0085190486307147
M3,146,nominal,M3_nominal_0146,B,M3,True,R,-1.1611000972691656,100,0.0,100,0,-1.1611000972691656,
M3,146,nominal,M3_nominal_0146,B,M3,True,L,-1.3592997298084537,100,0.0,100,0,-1.3592997298084537,
M3,147,nominal,M3_nominal_0147,B,M1,True,R,-1.240367568665836,100,0.0,100,0,-1.240367568665836,
M3,147,nominal,M3_nominal_0147,B,M1,True,L,-1.0756717151947908,100,0.0,100,0,-1.0756717151947908,
M3,147,nominal,M3_nominal_0147,B,M2,True,R,-1.2443007498277907,100,0.04,96,4,-1.2525091549351182,-1.0472990272519265
M3,147,nominal,M3_nominal_0147,B,M2,True,L,-1.072126859007281,100,0.01,99,1,-1.067182912171983,-1.5615775957017621
M3,147,nominal,M3_nominal_0147,B,M3,True,R,-1.2398903431699,100,0.01,99,1,-1.245386810062578,-0.6957401207947604
M3,147,nominal,M3_nominal_0147,B,M3,True,L,-1.0768936311644168,100,0.0,100,0,-1.0768936311644168,
M3,148,nominal,M3_nominal_0148,B,M1,True,R,-1.601773709793946,100,0.0,100,0,-1.601773709793946,
M3,148,nominal,M3_nominal_0148,B,M1,True,L,-1.871999344150959,100,0.0,100,0,-1.871999344150959,
M3,148,nominal,M3_nominal_0148,B,M2,True,R,-1.5980948733313216,100,0.0,100,0,-1.5980948733313216,
M3,148,nominal,M3_nominal_0148,B,M2,True,L,-1.871319918668787,100,0.0,100,0,-1.871319918668787,
M3,148,nominal,M3_nominal_0148,B,M3,True,R,-1.6006599166529685,100,0.0,100,0,-1.6006599166529685,
M3,148,nominal,M3_nominal_0148,B,M3,True,L,-1.8704049257647062,100,0.0,100,0,-1.8704049257647062,
M3,149,nominal,M3_nominal_0149,B,M1,True,R,-0.7043376970828783,100,0.0,100,0,-0.7043376970828783,
M3,149,nominal,M3_nominal_0149,B,M1,True,L,-0.7662287253332507,100,0.0,100,0,-0.7662287253332507,
M3,149,nominal,M3_nominal_0149,B,M2,True,R,-0.7040052113425631,100,0.0,100,0,-0.7040052113425631,
M3,149,nominal,M3_nominal_0149,B,M2,True,L,-0.7650424613097649,100,0.0,100,0,-0.7650424613097649,
M3,149,nominal,M3_nominal_0149,B,M3,True,R,-0.7040866486808066,100,0.0,100,0,-0.7040866486808066,
M3,149,nominal,M3_nominal_0149,B,M3,True,L,-0.7672613169088183,100,0.0,100,0,-0.7672613169088183,
M3,150,nominal,M3_nominal_0150,B,M1,True,R,-1.2392290125069503,100,0.0,100,0,-1.2392290125069503,
M3,150,nominal,M3_nominal_0150,B,M1,True,L,-1.9914989203061242,100,0.33,67,33,-1.28862149553562,-3.418553085749268
M3,150,nominal,M3_nominal_0150,B,M2,True,R,-1.232718916863353,100,0.02,98,2,-1.2423595829043075,-0.7603262808565692
M3,150,nominal,M3_nominal_0150,B,M2,True,L,-56.64617429795898,100,0.33,67,33,-1.2860240788569637,-169.04405504583278
M3,150,nominal,M3_nominal_0150,B,M3,True,R,-1.2372153874514158,100,0.0,100,0,-1.2372153874514158,
M3,150,nominal,M3_nominal_0150,B,M3,True,L,-1.354726632203834,100,0.2,80,20,-1.333026329495437,-1.4415278430374205
M3,151,nominal,M3_nominal_0151,B,M1,True,R,-1.0162384022336277,100,0.0,100,0,-1.0162384022336277,
M3,151,nominal,M3_nominal_0151,B,M1,True,L,-0.9181663176160706,100,0.0,100,0,-0.9181663176160706,
M3,151,nominal,M3_nominal_0151,B,M2,True,R,-1.0147128857892593,100,0.0,100,0,-1.0147128857892593,
M3,151,nominal,M3_nominal_0151,B,M2,True,L,-0.9197267393598751,100,0.0,100,0,-0.9197267393598751,
M3,151,nominal,M3_nominal_0151,B,M3,True,R,-1.0172745676030615,100,0.01,99,1,-0.9970533339392039,-3.0191767003249494
M3,151,nominal,M3_nominal_0151,B,M3,True,L,-0.9148924220567595,100,0.0,100,0,-0.9148924220567595,
M3,152,nominal,M3_nominal_0152,B,M1,True,R,-1.1968097295884768,100,0.0,100,0,-1.1968097295884768,
M3,152,nominal,M3_nominal_0152,B,M1,True,L,-1.3566827171704845,100,0.0,100,0,-1.3566827171704845,
M3,152,nominal,M3_nominal_0152,B,M2,True,R,-1.208139243977336,100,0.0,100,0,-1.208139243977336,
M3,152,nominal,M3_nominal_0152,B,M2,True,L,-1.3514628435463465,100,0.0,100,0,-1.3514628435463465,
M3,152,nominal,M3_nominal_0152,B,M3,True,R,-1.197549566146039,100,0.0,100,0,-1.197549566146039,
M3,152,nominal,M3_nominal_0152,B,M3,True,L,-1.3569317658886755,100,0.0,100,0,-1.3569317658886755,
M3,153,nominal,M3_nominal_0153,B,M1,True,R,-0.9013220951910453,100,0.0,100,0,-0.9013220951910453,
M3,153,nominal,M3_nominal_0153,B,M1,True,L,-1.1143582859903547,100,0.0,100,0,-1.1143582859903547,
M3,153,nominal,M3_nominal_0153,B,M2,True,R,-0.900514719456769,100,0.0,100,0,-0.900514719456769,
M3,153,nominal,M3_nominal_0153,B,M2,True,L,-1.1137429328650166,100,0.0,100,0,-1.1137429328650166,
M3,153,nominal,M3_nominal_0153,B,M3,True,R,-0.9014179613718071,100,0.0,100,0,-0.9014179613718071,
M3,153,nominal,M3_nominal_0153,B,M3,True,L,-1.112736567621101,100,0.01,99,1,-1.1183035147388172,-0.5616088029671938
M3,154,nominal,M3_nominal_0154,B,M1,True,R,-1.0311740802381124,100,0.0,100,0,-1.0311740802381124,
M3,154,nominal,M3_nominal_0154,B,M1,True,L,-0.8660572828268281,100,0.01,99,1,-0.8524554620200134,-2.212637542701483
M3,154,nominal,M3_nominal_0154,B,M2,True,R,-1.0337502423026375,100,0.01,99,1,-1.0379515823708734,-0.617817575547269
M3,154,nominal,M3_nominal_0154,B,M2,True,L,-0.8647958590800507,100,0.02,98,2,-0.8519998015178752,-1.491802679626664
M3,154,nominal,M3_nominal_0154,B,M3,True,R,-1.0353680977223725,100,0.0,100,0,-1.0353680977223725,
M3,154,nominal,M3_nominal_0154,B,M3,True,L,-0.8706906789835762,100,0.0,100,0,-0.8706906789835762,
M3,155,nominal,M3_nominal_0155,B,M1,True,R,0.1581557576593699,100,0.0,100,0,0.1581557576593699,
M3,155,nominal,M3_nominal_0155,B,M1,True,L,0.20017861500779244,100,0.01,99,1,0.2088034196230282,-0.6536770419005435
M3,155,nominal,M3_nominal_0155,B,M2,True,R,0.1741431248241808,100,0.0,100,0,0.1741431248241808,
M3,155,nominal,M3_nominal_0155,B,M2,True,L,0.2027266186880814,100,0.0,100,0,0.2027266186880814,
M3,155,nominal,M3_nominal_0155,B,M3,True,R,0.16031878050324702,100,0.0,100,0,0.16031878050324702,
M3,155,nominal,M3_nominal_0155,B,M3,True,L,0.19966095576555098,100,0.0,100,0,0.19966095576555098,
M3,156,nominal,M3_nominal_0156,B,M1,True,R,-38.797836505364415,100,0.49,51,49,-0.9522941182462554,-78.1880949082833
M3,156,nominal,M3_nominal_0156,B,M1,True,L,-0.9998670261921557,100,0.0,100,0,-0.9998670261921557,
M3,156,nominal,M3_nominal_0156,B,M2,True,R,-619563.7582132557,100,0.54,46,54,-0.9409402635528761,-1147339.4914458047
M3,156,nominal,M3_nominal_0156,B,M2,True,L,-1.0172988001041723,100,0.0,100,0,-1.0172988001041723,
M3,156,nominal,M3_nominal_0156,B,M3,True,R,-5.67841880341341,100,0.47,53,47,-0.9311825819748416,-11.031685180780308
M3,156,nominal,M3_nominal_0156,B,M3,True,L,-1.0153193147324293,100,0.0,100,0,-1.0153193147324293,
M3,157,nominal,M3_nominal_0157,B,M1,True,R,-1.1259418668407484,100,0.02,98,2,-1.1158020184018755,-1.6227944403455128
M3,157,nominal,M3_nominal_0157,B,M1,True,L,-1.4338261530977698,100,0.01,99,1,-1.4377483609190125,-1.045527578794741
M3,157,nominal,M3_nominal_0157,B,M2,True,R,-1.1257325034109606,100,0.03,97,3,-1.1264368906095938,-1.1029573173218148
M3,157,nominal,M3_nominal_0157,B,M2,True,L,-1.4329288991441376,100,0.0,100,0,-1.4329288991441376,
M3,157,nominal,M3_nominal_0157,B,M3,True,R,-1.126584899465017,100,0.0,100,0,-1.126584899465017,
M3,157,nominal,M3_nominal_0157,B,M3,True,L,-1.4357231147315779,100,0.0,100,0,-1.4357231147315779,
M3,158,nominal,M3_nominal_0158,B,M1,True,R,-1.153395712360805,100,0.2,80,20,-1.1618555063210105,-1.1195565365199824
M3,158,nominal,M3_nominal_0158,B,M1,True,L,-1.1684874751181968,100,0.01,99,1,-1.1719815112641614,-0.8225778966677217
M3,158,nominal,M3_nominal_0158,B,M2,True,R,-1.1548194515223853,100,0.06,94,6,-1.1510682284126736,-1.213588613574535
M3,158,nominal,M3_nominal_0158,B,M2,True,L,-1.1675355657276412,100,0.0,100,0,-1.1675355657276412,
M3,158,nominal,M3_nominal_0158,B,M3,True,R,-1.1531561714281273,100,0.0,100,0,-1.1531561714281273,
M3,158,nominal,M3_nominal_0158,B,M3,True,L,-1.1696428779079346,100,0.0,100,0,-1.1696428779079346,
M3,159,nominal,M3_nominal_0159,B,M1,True,R,-0.9855190381785284,100,0.0,100,0,-0.9855190381785284,
M3,159,nominal,M3_nominal_0159,B,M1,True,L,-1.3727215020348986,100,0.03,97,3,-1.3910270723272784,-0.7808413959146309
M3,159,nominal,M3_nominal_0159,B,M2,True,R,-0.9843681892709105,100,0.0,100,0,-0.9843681892709105,
M3,159,nominal,M3_nominal_0159,B,M2,True,L,-1.3732926682702127,100,0.02,98,2,-1.3823063096151338,-0.9316242423690811
M3,159,nominal,M3_nominal_0159,B,M3,True,R,-0.9848083475411645,100,0.0,100,0,-0.9848083475411645,
M3,159,nominal,M3_nominal_0159,B,M3,True,L,-1.3741445991915047,100,0.0,100,0,-1.3741445991915047,
M3,160,nominal,M3_nominal_0160,B,M1,True,R,-1.2929961044683154,100,0.0,100,0,-1.2929961044683154,
M3,160,nominal,M3_nominal_0160,B,M1,True,L,-1.7460446289750913,100,0.0,100,0,-1.7460446289750913,
M3,160,nominal,M3_nominal_0160,B,M2,True,R,-1.2926372928594585,100,0.0,100,0,-1.2926372928594585,
M3,160,nominal,M3_nominal_0160,B,M2,True,L,-1.7516375026946454,100,0.0,100,0,-1.7516375026946454,
M3,160,nominal,M3_nominal_0160,B,M3,True,R,-1.2960937763591713,100,0.0,100,0,-1.2960937763591713,
M3,160,nominal,M3_nominal_0160,B,M3,True,L,-1.7384278158864248,100,0.0,100,0,-1.7384278158864248,
M3,161,nominal,M3_nominal_0161,B,M1,True,R,-1.1713673458374352,100,0.06,94,6,-1.1429237980954128,-1.6169829271291212
M3,161,nominal,M3_nominal_0161,B,M1,True,L,-1.4996599221746831,100,0.03,97,3,-1.513360379323224,-1.056678474371868
M3,161,nominal,M3_nominal_0161,B,M2,True,R,-1.1737702437004576,100,0.06,94,6,-1.1443372982025475,-1.6348863898343806
M3,161,nominal,M3_nominal_0161,B,M2,True,L,-1.486197820853043,100,0.01,99,1,-1.4904891768401438,-1.061353578130055
M3,161,nominal,M3_nominal_0161,B,M3,True,R,-1.1713882484654332,100,0.0,100,0,-1.1713882484654332,
M3,161,nominal,M3_nominal_0161,B,M3,True,L,-1.5097912500753987,100,0.0,100,0,-1.5097912500753987,
M3,162,nominal,M3_nominal_0162,B,M1,True,R,-1.6765998112737186,100,0.0,100,0,-1.6765998112737186,
M3,162,nominal,M3_nominal_0162,B,M1,True,L,-1.4686872692279598,100,0.0,100,0,-1.4686872692279598,
M3,162,nominal,M3_nominal_0162,B,M2,True,R,-1.6751757830518383,100,0.01,99,1,-1.6811985624826284,-1.0789206194036214
M3,162,nominal,M3_nominal_0162,B,M2,True,L,-1.4679379593149926,100,0.0,100,0,-1.4679379593149926,
M3,162,nominal,M3_nominal_0162,B,M3,True,R,-1.6768152134710355,100,0.0,100,0,-1.6768152134710355,
M3,162,nominal,M3_nominal_0162,B,M3,True,L,-1.4700618009960644,100,0.0,100,0,-1.4700618009960644,
M3,163,nominal,M3_nominal_0163,B,M1,True,R,-1.3608143386874088,100,0.0,100,0,-1.3608143386874088,
M3,163,nominal,M3_nominal_0163,B,M1,True,L,-1.7342054502976632,100,0.01,99,1,-1.741226709299477,-1.039100809118065
M3,163,nominal,M3_nominal_0163,B,M2,True,R,-1.3621494921159092,100,0.0,100,0,-1.3621494921159092,
M3,163,nominal,M3_nominal_0163,B,M2,True,L,-1.736390829527079,100,0.03,97,3,-1.756290274728175,-1.0929754346916543
M3,163,nominal,M3_nominal_0163,B,M3,True,R,-1.361345746141614,100,0.0,100,0,-1.361345746141614,
M3,163,nominal,M3_nominal_0163,B,M3,True,L,-1.7357289189047183,100,0.0,100,0,-1.7357289189047183,
M3,164,nominal,M3_nominal_0164,B,M1,True,R,-1.7253687075667954,100,0.0,100,0,-1.7253687075667954,
M3,164,nominal,M3_nominal_0164,B,M1,True,L,-1.7375880667765644,100,0.08,92,8,-1.768217756605587,-1.3853466337428118
M3,164,nominal,M3_nominal_0164,B,M2,True,R,-1.7263648066342296,100,0.0,100,0,-1.7263648066342296,
M3,164,nominal,M3_nominal_0164,B,M2,True,L,-1.7409182524289668,100,0.03,97,3,-1.756946424721244,-1.2226740149786706
M3,164,nominal,M3_nominal_0164,B,M3,True,R,-1.725739411720458,100,0.0,100,0,-1.725739411720458,
M3,164,nominal,M3_nominal_0164,B,M3,True,L,-1.734639419200758,100,0.0,100,0,-1.734639419200758,
M3,165,nominal,M3_nominal_0165,B,M1,True,R,-1.1899808041256843,100,0.01,99,1,-1.1848359503449069,-1.699321328422641
M3,165,nominal,M3_nominal_0165,B,M1,True,L,-1.4825312889690565,100,0.05,95,5,-1.4986940605034273,-1.1754386298160113
M3,165,nominal,M3_nominal_0165,B,M2,True,R,-1.1886538016159423,100,0.0,100,0,-1.1886538016159423,
M3,165,nominal,M3_nominal_0165,B,M2,True,L,-1.4825520380471833,100,0.05,95,5,-1.4989816852831768,-1.1703887405633069
M3,165,nominal,M3_nominal_0165,B,M3,True,R,-1.1891986243087989,100,0.01,99,1,-1.1885481904637258,-1.253591574971008
M3,165,nominal,M3_nominal_0165,B,M3,True,L,-1.4900682709711908,100,0.02,98,2,-1.4979482744808754,-1.1039480989966521
M3,166,nominal,M3_nominal_0166,B,M1,True,R,-1.1684267296888804,100,0.0,100,0,-1.1684267296888804,
M3,166,nominal,M3_nominal_0166,B,M1,True,L,-1.5435603859420124,100,0.03,97,3,-1.534759444950882,-1.8281241446552368
M3,166,nominal,M3_nominal_0166,B,M2,True,R,-1.1648806246864252,100,0.02,98,2,-1.1587998318115764,-1.4628394755540224
M3,166,nominal,M3_nominal_0166,B,M2,True,L,-1.5419966309594297,100,0.02,98,2,-1.5339848232739264,-1.9345752075491074
M3,166,nominal,M3_nominal_0166,B,M3,True,R,-1.1442738214062012,100,0.0,100,0,-1.1442738214062012,
M3,166,nominal,M3_nominal_0166,B,M3,True,L,-1.5631373322911173,100,0.0,100,0,-1.5631373322911173,
M3,167,nominal,M3_nominal_0167,B,M1,True,R,-1.6694920460063012,100,0.0,100,0,-1.6694920460063012,
M3,167,nominal,M3_nominal_0167,B,M1,True,L,-1.6908457001009927,100,0.0,100,0,-1.6908457001009927,
M3,167,nominal,M3_nominal_0167,B,M2,True,R,-1.670535222122703,100,0.0,100,0,-1.670535222122703,
M3,167,nominal,M3_nominal_0167,B,M2,True,L,-1.6935930510470456,100,0.01,99,1,-1.687612568911977,-2.2856607824188417
M3,167,nominal,M3_nominal_0167,B,M3,True,R,-1.665954830712195,100,0.0,100,0,-1.665954830712195,
M3,167,nominal,M3_nominal_0167,B,M3,True,L,-1.6911996322513545,100,0.0,100,0,-1.6911996322513545,
M3,168,nominal,M3_nominal_0168,B,M1,True,R,-1.0166450972689902,100,0.01,99,1,-1.0152305622429305,-1.156684064848903
M3,168,nominal,M3_nominal_0168,B,M1,True,L,-1.332903927179849,100,0.0,100,0,-1.332903927179849,
M3,168,nominal,M3_nominal_0168,B,M2,True,R,-1.0189020931979176,100,0.0,100,0,-1.0189020931979176,
M3,168,nominal,M3_nominal_0168,B,M2,True,L,-1.3323217808842167,100,0.0,100,0,-1.3323217808842167,
M3,168,nominal,M3_nominal_0168,B,M3,True,R,-1.0156028461493845,100,0.0,100,0,-1.0156028461493845,
M3,168,nominal,M3_nominal_0168,B,M3,True,L,-1.332121201049105,100,0.0,100,0,-1.332121201049105,
M3,169,nominal,M3_nominal_0169,B,M1,True,R,-1.7513854977780776,100,0.0,100,0,-1.7513854977780776,
M3,169,nominal,M3_nominal_0169,B,M1,True,L,-1.5969594129402043,100,0.0,100,0,-1.5969594129402043,
M3,169,nominal,M3_nominal_0169,B,M2,True,R,-1.7481508264025456,100,0.0,100,0,-1.7481508264025456,
M3,169,nominal,M3_nominal_0169,B,M2,True,L,-1.5986050384980368,100,0.0,100,0,-1.5986050384980368,
M3,169,nominal,M3_nominal_0169,B,M3,True,R,-1.754015362997196,100,0.03,97,3,-1.7681096889644023,-1.2982988233908628
M3,169,nominal,M3_nominal_0169,B,M3,True,L,-1.5969037004672952,100,0.0,100,0,-1.5969037004672952,
M3,170,nominal,M3_nominal_0170,B,M1,True,R,-1.6458057534414723,100,0.0,100,0,-1.6458057534414723,
M3,170,nominal,M3_nominal_0170,B,M1,True,L,-2.088169836476,100,0.0,100,0,-2.088169836476,
M3,170,nominal,M3_nominal_0170,B,M2,True,R,-1.6409839378536994,100,0.0,100,0,-1.6409839378536994,
M3,170,nominal,M3_nominal_0170,B,M2,True,L,-2.0897250350598595,100,0.0,100,0,-2.0897250350598595,
M3,170,nominal,M3_nominal_0170,B,M3,True,R,-1.642810054559337,100,0.0,100,0,-1.642810054559337,
M3,170,nominal,M3_nominal_0170,B,M3,True,L,-2.089997616316693,100,0.0,100,0,-2.089997616316693,
M3,171,nominal,M3_nominal_0171,B,M1,True,R,-0.6081241004173054,100,0.03,97,3,-0.6209584148356341,-0.19314793422467488
M3,171,nominal,M3_nominal_0171,B,M1,True,L,-1.5062607221097775,100,0.0,100,0,-1.5062607221097775,
M3,171,nominal,M3_nominal_0171,B,M2,True,R,-0.6074321375631428,100,0.05,95,5,-0.6287798614133221,-0.20182538440973968
M3,171,nominal,M3_nominal_0171,B,M2,True,L,-1.506265799362478,100,0.0,100,0,-1.506265799362478,
M3,171,nominal,M3_nominal_0171,B,M3,True,R,-0.6084555139473722,100,0.0,100,0,-0.6084555139473722,
M3,171,nominal,M3_nominal_0171,B,M3,True,L,-1.5074358376665946,100,0.0,100,0,-1.5074358376665946,
M3,172,nominal,M3_nominal_0172,B,M1,True,R,-1.1176804497387787,100,0.01,99,1,-1.1208989031950334,-0.7990535575695609
M3,172,nominal,M3_nominal_0172,B,M1,True,L,-1.342116446861637,100,0.0,100,0,-1.342116446861637,
M3,172,nominal,M3_nominal_0172,B,M2,True,R,-1.117865782783298,100,0.0,100,0,-1.117865782783298,
M3,172,nominal,M3_nominal_0172,B,M2,True,L,-1.3443066863769786,100,0.0,100,0,-1.3443066863769786,
M3,172,nominal,M3_nominal_0172,B,M3,True,R,-1.1154208926234663,100,0.0,100,0,-1.1154208926234663,
M3,172,nominal,M3_nominal_0172,B,M3,True,L,-1.3439764153458154,100,0.0,100,0,-1.3439764153458154,
M3,173,nominal,M3_nominal_0173,B,M1,True,R,-1.274746546407043,100,0.0,100,0,-1.274746546407043,
M3,173,nominal,M3_nominal_0173,B,M1,True,L,-1.5161035707567274,100,0.01,99,1,-1.5240251712746753,-0.7318651194799296
M3,173,nominal,M3_nominal_0173,B,M2,True,R,-1.2752521110584292,100,0.0,100,0,-1.2752521110584292,
M3,173,nominal,M3_nominal_0173,B,M2,True,L,-1.5188174267985215,100,0.02,98,2,-1.533342013975221,-0.8071126551402436
M3,173,nominal,M3_nominal_0173,B,M3,True,R,-1.2707157613628082,100,0.01,99,1,-1.2710917137561732,-1.233496474419644
M3,173,nominal,M3_nominal_0173,B,M3,True,L,-1.5208862417515296,100,0.0,100,0,-1.5208862417515296,
M3,174,nominal,M3_nominal_0174,B,M1,True,R,-1.459410140124891,100,0.0,100,0,-1.459410140124891,
M3,174,nominal,M3_nominal_0174,B,M1,True,L,-1.8204358505284677,100,0.0,100,0,-1.8204358505284677,
M3,174,nominal,M3_nominal_0174,B,M2,True,R,-1.4572019224516723,100,0.0,100,0,-1.4572019224516723,
M3,174,nominal,M3_nominal_0174,B,M2,True,L,-1.816539787098774,100,0.0,100,0,-1.816539787098774,
M3,174,nominal,M3_nominal_0174,B,M3,True,R,-1.4565902112806013,100,0.0,100,0,-1.4565902112806013,
M3,174,nominal,M3_nominal_0174,B,M3,True,L,-1.8168074548001028,100,0.0,100,0,-1.8168074548001028,
M3,175,nominal,M3_nominal_0175,B,M1,True,R,-1.6480246155087548,100,0.0,100,0,-1.6480246155087548,
M3,175,nominal,M3_nominal_0175,B,M1,True,L,-1.9126784800775396,100,0.0,100,0,-1.9126784800775396,
M3,175,nominal,M3_nominal_0175,B,M2,True,R,-1.65272099728859,100,0.0,100,0,-1.65272099728859,
M3,175,nominal,M3_nominal_0175,B,M2,True,L,-1.9179884746540024,100,0.0,100,0,-1.9179884746540024,
M3,175,nominal,M3_nominal_0175,B,M3,True,R,-1.647441951373127,100,0.01,99,1,-1.6533228108975913,-1.0652368584511884
M3,175,nominal,M3_nominal_0175,B,M3,True,L,-1.9167609024008043,100,0.0,100,0,-1.9167609024008043,
M3,176,nominal,M3_nominal_0176,B,M1,True,R,-3.1515569409627933,100,0.41,59,41,-0.6964211257099738,-6.684557260472947
M3,176,nominal,M3_nominal_0176,B,M1,True,L,-0.7058802359322933,100,0.0,100,0,-0.7058802359322933,
M3,176,nominal,M3_nominal_0176,B,M2,True,R,-595.8126442710426,100,0.49,51,49,-0.6046317451703002,-1215.3148613898074
M3,176,nominal,M3_nominal_0176,B,M2,True,L,-0.698666742363308,100,0.02,98,2,-0.7082011802906456,-0.23147928392376946
M3,176,nominal,M3_nominal_0176,B,M3,True,R,-7.619259219459341,100,0.45,55,45,-0.9007685655040826,-15.830747796515766
M3,176,nominal,M3_nominal_0176,B,M3,True,L,-0.7218749045984367,100,0.0,100,0,-0.7218749045984367,
M3,177,nominal,M3_nominal_0177,B,M1,True,R,-1.278399661032663,100,0.0,100,0,-1.278399661032663,
M3,177,nominal,M3_nominal_0177,B,M1,True,L,-1.4411797768168781,100,0.01,99,1,-1.4431307079594822,-1.2480375936990358
M3,177,nominal,M3_nominal_0177,B,M2,True,R,-1.2771283043064756,100,0.0,100,0,-1.2771283043064756,
M3,177,nominal,M3_nominal_0177,B,M2,True,L,-1.4451090180412,100,0.02,98,2,-1.4407060426049714,-1.6608548144163908
M3,177,nominal,M3_nominal_0177,B,M3,True,R,-1.2787042676203475,100,0.0,100,0,-1.2787042676203475,
M3,177,nominal,M3_nominal_0177,B,M3,True,L,-1.4414988391504013,100,0.0,100,0,-1.4414988391504013,
M3,178,nominal,M3_nominal_0178,B,M1,True,R,-2.1260796848969146,100,0.49,51,49,-1.2183073035123326,-3.070904000215561
M3,178,nominal,M3_nominal_0178,B,M1,True,L,-1.4682429444593654,100,0.0,100,0,-1.4682429444593654,
M3,178,nominal,M3_nominal_0178,B,M2,True,R,-636.4971913305696,100,0.53,47,53,-1.259888427189364,-1199.820837301492
M3,178,nominal,M3_nominal_0178,B,M2,True,L,-1.4676189977380814,100,0.01,99,1,-1.4674433545687848,-1.4850076714984437
M3,178,nominal,M3_nominal_0178,B,M3,True,R,-1.9518463732297278,100,0.49,51,49,-1.2058356115176898,-2.728306553787155
M3,178,nominal,M3_nominal_0178,B,M3,True,L,-1.4674888267089035,100,0.0,100,0,-1.4674888267089035,
M3,179,nominal,M3_nominal_0179,B,M1,True,R,-4.517258000984983,100,0.67,33,67,-1.0690407786873275,-6.215633647788304
M3,179,nominal,M3_nominal_0179,B,M1,True,L,-1.125098857565431,100,0.0,100,0,-1.125098857565431,
M3,179,nominal,M3_nominal_0179,B,M2,True,R,-257.49284343265913,100,0.73,27,73,-0.8236907183544836,-352.4252697790457
M3,179,nominal,M3_nominal_0179,B,M2,True,L,-1.1202746144912177,100,0.0,100,0,-1.1202746144912177,
M3,179,nominal,M3_nominal_0179,B,M3,True,R,-3.738383161065931,100,0.56,44,56,-1.0060387535671949,-5.885225195529224
M3,179,nominal,M3_nominal_0179,B,M3,True,L,-1.1190595547612185,100,0.0,100,0,-1.1190595547612185,
M3,180,nominal,M3_nominal_0180,B,M1,True,R,-1.7328079318882306,100,0.0,100,0,-1.7328079318882306,
M3,180,nominal,M3_nominal_0180,B,M1,True,L,-1.7580455496770124,100,0.0,100,0,-1.7580455496770124,
M3,180,nominal,M3_nominal_0180,B,M2,True,R,-1.7534616100394618,100,0.0,100,0,-1.7534616100394618,
M3,180,nominal,M3_nominal_0180,B,M2,True,L,-1.766371306410849,100,0.0,100,0,-1.766371306410849,
M3,180,nominal,M3_nominal_0180,B,M3,True,R,-1.7357261349449797,100,0.03,97,3,-1.6642460943366393,-4.04691411461466
M3,180,nominal,M3_nominal_0180,B,M3,True,L,-1.748440985919221,100,0.0,100,0,-1.748440985919221,
M3,181,nominal,M3_nominal_0181,B,M1,True,R,-1.3781780865321127,100,0.0,100,0,-1.3781780865321127,
M3,181,nominal,M3_nominal_0181,B,M1,True,L,-1.3162981375690364,100,0.01,99,1,-1.319880665338892,-0.9616278883533549
M3,181,nominal,M3_nominal_0181,B,M2,True,R,-1.3777236143810794,100,0.0,100,0,-1.3777236143810794,
M3,181,nominal,M3_nominal_0181,B,M2,True,L,-1.3140810806972505,100,0.0,100,0,-1.3140810806972505,
M3,181,nominal,M3_nominal_0181,B,M3,True,R,-1.3769279450581968,100,0.0,100,0,-1.3769279450581968,
M3,181,nominal,M3_nominal_0181,B,M3,True,L,-1.3172076389904745,100,0.0,100,0,-1.3172076389904745,
M3,182,nominal,M3_nominal_0182,B,M1,True,R,-1.001152072319493,100,0.01,99,1,-0.9926519476648665,-1.8426644131275318
M3,182,nominal,M3_nominal_0182,B,M1,True,L,-1.202376260765597,100,0.0,100,0,-1.202376260765597,
M3,182,nominal,M3_nominal_0182,B,M2,True,R,-0.9992235162885545,100,0.03,97,3,-0.9917960194591027,-1.2393792471074985
M3,182,nominal,M3_nominal_0182,B,M2,True,L,-1.1997072034686183,100,0.0,100,0,-1.1997072034686183,
M3,182,nominal,M3_nominal_0182,B,M3,True,R,-1.001486392525716,100,0.0,100,0,-1.001486392525716,
M3,182,nominal,M3_nominal_0182,B,M3,True,L,-1.2060508888034636,100,0.0,100,0,-1.2060508888034636,
M3,183,nominal,M3_nominal_0183,B,M1,True,R,-1.4969934021285203,100,0.01,99,1,-1.4997876346728087,-1.2203643802439357
M3,183,nominal,M3_nominal_0183,B,M1,True,L,-1.992195660405193,100,0.04,96,4,-1.9982636167772132,-1.8465647074766964
M3,183,nominal,M3_nominal_0183,B,M2,True,R,-1.497022040118656,100,0.05,95,5,-1.5194827179726027,-1.0702691608936712
M3,183,nominal,M3_nominal_0183,B,M2,True,L,-1.9907880516074976,100,0.0,100,0,-1.9907880516074976,
M3,183,nominal,M3_nominal_0183,B,M3,True,R,-1.4970717459877485,100,0.0,100,0,-1.4970717459877485,
M3,183,nominal,M3_nominal_0183,B,M3,True,L,-1.992066992354699,100,0.0,100,0,-1.992066992354699,
M3,184,nominal,M3_nominal_0184,B,M1,True,R,-1.0297613639110694,100,0.0,100,0,-1.0297613639110694,
M3,184,nominal,M3_nominal_0184,B,M1,True,L,-1.095457779166386,100,0.0,100,0,-1.095457779166386,
M3,184,nominal,M3_nominal_0184,B,M2,True,R,-1.0347718444595015,100,0.01,99,1,-1.0414216567940313,-0.37644042334105277
M3,184,nominal,M3_nominal_0184,B,M2,True,L,-1.0953115826196806,100,0.0,100,0,-1.0953115826196806,
M3,184,nominal,M3_nominal_0184,B,M3,True,R,-1.03012134736774,100,0.0,100,0,-1.03012134736774,
M3,184,nominal,M3_nominal_0184,B,M3,True,L,-1.0939051660695296,100,0.02,98,2,-1.103173042233231,-0.6397792340481556
M3,185,nominal,M3_nominal_0185,B,M1,True,R,-2.0421926963341677,100,0.0,100,0,-2.0421926963341677,
M3,185,nominal,M3_nominal_0185,B,M1,True,L,-2.4721622036623256,100,0.0,100,0,-2.4721622036623256,
M3,185,nominal,M3_nominal_0185,B,M2,True,R,-2.0370173372397202,100,0.0,100,0,-2.0370173372397202,
M3,185,nominal,M3_nominal_0185,B,M2,True,L,-2.4723017481777747,100,0.0,100,0,-2.4723017481777747,
M3,185,nominal,M3_nominal_0185,B,M3,True,R,-2.0465234872148756,100,0.02,98,2,-2.0696429522919466,-0.9136696984383873
M3,185,nominal,M3_nominal_0185,B,M3,True,L,-2.4696892572399145,100,0.01,99,1,-2.444795450715378,-4.934176103169031
M3,186,nominal,M3_nominal_0186,B,M1,True,R,-1.4330844027846592,100,0.01,99,1,-1.4383766100797206,-0.9091558805735787
M3,186,nominal,M3_nominal_0186,B,M1,True,L,-1.901566521232028,100,0.01,99,1,-1.8956153791767394,-2.490729584705581
M3,186,nominal,M3_nominal_0186,B,M2,True,R,-1.4354323457186626,100,0.04,96,4,-1.4518819423100398,-1.040642027525621
M3,186,nominal,M3_nominal_0186,B,M2,True,L,-1.9001831869525652,100,0.0,100,0,-1.9001831869525652,
M3,186,nominal,M3_nominal_0186,B,M3,True,R,-1.429342472593758,100,0.0,100,0,-1.429342472593758,
M3,186,nominal,M3_nominal_0186,B,M3,True,L,-1.9006343242566677,100,0.0,100,0,-1.9006343242566677,
M3,187,nominal,M3_nominal_0187,B,M1,True,R,-1.188246379302243,100,0.0,100,0,-1.188246379302243,
M3,187,nominal,M3_nominal_0187,B,M1,True,L,-1.37642236375956,100,0.0,100,0,-1.37642236375956,
M3,187,nominal,M3_nominal_0187,B,M2,True,R,-1.1865813993953984,100,0.0,100,0,-1.1865813993953984,
M3,187,nominal,M3_nominal_0187,B,M2,True,L,-1.3750765029107839,100,0.0,100,0,-1.3750765029107839,
M3,187,nominal,M3_nominal_0187,B,M3,True,R,-1.1877350340531905,100,0.0,100,0,-1.1877350340531905,
M3,187,nominal,M3_nominal_0187,B,M3,True,L,-1.3714707119644256,100,0.0,100,0,-1.3714707119644256,
M3,188,nominal,M3_nominal_0188,B,M1,True,R,-1.3205573101595953,100,0.01,99,1,-1.3165820784005478,-1.7141052543053257
M3,188,nominal,M3_nominal_0188,B,M1,True,L,-1.0594491795174368,100,0.3,70,30,-1.1686971451608024,-0.804537259682917
M3,188,nominal,M3_nominal_0188,B,M2,True,R,-1.32397699959135,100,0.01,99,1,-1.3196482265401321,-1.7525255316619326
M3,188,nominal,M3_nominal_0188,B,M2,True,L,-1.0885078466897071,100,0.24,76,24,-1.1605303537854628,-0.8604365742198147
M3,188,nominal,M3_nominal_0188,B,M3,True,R,-1.313909131703797,100,0.01,99,1,-1.319933885704288,-0.7174584856551804
M3,188,nominal,M3_nominal_0188,B,M3,True,L,-1.0518790337246524,100,0.28,72,28,-1.1675680213300508,-0.7543930655964852
M3,189,nominal,M3_nominal_0189,B,M1,True,R,-1.5430466220183923,100,0.0,100,0,-1.5430466220183923,
M3,189,nominal,M3_nominal_0189,B,M1,True,L,-1.6782512051323035,100,0.0,100,0,-1.6782512051323035,
M3,189,nominal,M3_nominal_0189,B,M2,True,R,-1.5429841151444033,100,0.0,100,0,-1.5429841151444033,
M3,189,nominal,M3_nominal_0189,B,M2,True,L,-1.6781675511335248,100,0.0,100,0,-1.6781675511335248,
M3,189,nominal,M3_nominal_0189,B,M3,True,R,-1.544239460119677,100,0.0,100,0,-1.544239460119677,
M3,189,nominal,M3_nominal_0189,B,M3,True,L,-1.6782734416255127,100,0.0,100,0,-1.6782734416255127,
M3,190,nominal,M3_nominal_0190,B,M1,True,R,-0.972154409479367,100,0.02,98,2,-0.9787053905155743,-0.6511563387052057
M3,190,nominal,M3_nominal_0190,B,M1,True,L,-1.1382242345640714,100,0.01,99,1,-1.1426590680910957,-0.6991757153886378
M3,190,nominal,M3_nominal_0190,B,M2,True,R,-0.9731615569073749,100,0.04,96,4,-0.9776587870498291,-0.8652280334884748
M3,190,nominal,M3_nominal_0190,B,M2,True,L,-1.1354651654639027,100,0.03,97,3,-1.134913946235687,-1.1532879205095425
M3,190,nominal,M3_nominal_0190,B,M3,True,R,-0.9718789351123266,100,0.0,100,0,-0.9718789351123266,
M3,190,nominal,M3_nominal_0190,B,M3,True,L,-1.1379952883206017,100,0.0,100,0,-1.1379952883206017,
M3,191,nominal,M3_nominal_0191,B,M1,True,R,-5.945439817626055,100,0.67,33,67,-0.7074803052959383,-8.525330323699098
M3,191,nominal,M3_nominal_0191,B,M1,True,L,-0.9037933696286388,100,0.0,100,0,-0.9037933696286388,
M3,191,nominal,M3_nominal_0191,B,M2,True,R,-912.1840487768875,100,0.67,33,67,-0.7077741005695659,-1361.1201243637306
M3,191,nominal,M3_nominal_0191,B,M2,True,L,-0.9024513586550278,100,0.0,100,0,-0.9024513586550278,
M3,191,nominal,M3_nominal_0191,B,M3,True,R,-0.8665223281972755,100,0.49,51,49,-0.5817401438199387,-1.1629282752022583
M3,191,nominal,M3_nominal_0191,B,M3,True,L,-0.9056432251496909,100,0.0,100,0,-0.9056432251496909,
M3,192,nominal,M3_nominal_0192,B,M1,True,R,-1.6837908327732745,100,0.01,99,1,-1.6877567496070223,-1.2911650662322576
M3,192,nominal,M3_nominal_0192,B,M1,True,L,-1.7806595878651812,100,0.02,98,2,-1.7818001370097754,-1.7247726797800378
M3,192,nominal,M3_nominal_0192,B,M2,True,R,-1.6813730793452868,100,0.04,96,4,-1.6964328026795517,-1.31993971932293
M3,192,nominal,M3_nominal_0192,B,M2,True,L,-1.7796586209377494,100,0.01,99,1,-1.7787586254044858,-1.8687581787308578
M3,192,nominal,M3_nominal_0192,B,M3,True,R,-1.6842264069807253,100,0.0,100,0,-1.6842264069807253,
M3,192,nominal,M3_nominal_0192,B,M3,True,L,-1.7800752371603514,100,0.0,100,0,-1.7800752371603514,
M3,193,nominal,M3_nominal_0193,B,M1,True,R,-1.0291187516402995,100,0.0,100,0,-1.0291187516402995,
M3,193,nominal,M3_nominal_0193,B,M1,True,L,-1.0338857359210587,100,0.0,100,0,-1.0338857359210587,
M3,193,nominal,M3_nominal_0193,B,M2,True,R,-1.0267595874788753,100,0.0,100,0,-1.0267595874788753,
M3,193,nominal,M3_nominal_0193,B,M2,True,L,-1.0416868254621887,100,0.0,100,0,-1.0416868254621887,
M3,193,nominal,M3_nominal_0193,B,M3,True,R,-1.027036167411448,100,0.02,98,2,-1.033123623082734,-0.7287508395184367
M3,193,nominal,M3_nominal_0193,B,M3,True,L,-1.034342400945481,100,0.01,99,1,-1.0379290779074486,-0.6792613817106623
M3,194,nominal,M3_nominal_0194,B,M1,True,R,-1.2154367642560644,100,0.0,100,0,-1.2154367642560644,
M3,194,nominal,M3_nominal_0194,B,M1,True,L,-1.4762142701258198,100,0.21,79,21,-1.326148087784708,-2.040748956075719
M3,194,nominal,M3_nominal_0194,B,M2,True,R,-1.2027171332388318,100,0.0,100,0,-1.2027171332388318,
M3,194,nominal,M3_nominal_0194,B,M2,True,L,-3.4473454403330037,100,0.21,79,21,-1.3646776257989865,-11.282143409294312
M3,194,nominal,M3_nominal_0194,B,M3,True,R,-1.2055677156475644,100,0.0,100,0,-1.2055677156475644,
M3,194,nominal,M3_nominal_0194,B,M3,True,L,-1.1908364791913228,100,0.02,98,2,-1.1907793673480127,-1.193634959513515
M3,195,nominal,M3_nominal_0195,B,M1,True,R,-1.069118815904476,100,0.0,100,0,-1.069118815904476,
M3,195,nominal,M3_nominal_0195,B,M1,True,L,-1.5272554099752957,100,0.0,100,0,-1.5272554099752957,
M3,195,nominal,M3_nominal_0195,B,M2,True,R,-1.0690416854212705,100,0.0,100,0,-1.0690416854212705,
M3,195,nominal,M3_nominal_0195,B,M2,True,L,-1.5281965314087416,100,0.03,97,3,-1.5165641631898221,-1.9043097704871574
M3,195,nominal,M3_nominal_0195,B,M3,True,R,-1.0696554858003233,100,0.0,100,0,-1.0696554858003233,
M3,195,nominal,M3_nominal_0195,B,M3,True,L,-1.52553852025154,100,0.0,100,0,-1.52553852025154,
M3,196,nominal,M3_nominal_0196,B,M1,True,R,-1.1478830397871014,100,0.0,100,0,-1.1478830397871014,
M3,196,nominal,M3_nominal_0196,B,M1,True,L,-1.1159003193185049,100,0.0,100,0,-1.1159003193185049,
M3,196,nominal,M3_nominal_0196,B,M2,True,R,-1.14713951904632,100,0.0,100,0,-1.14713951904632,
M3,196,nominal,M3_nominal_0196,B,M2,True,L,-1.118225660806708,100,0.0,100,0,-1.118225660806708,
M3,196,nominal,M3_nominal_0196,B,M3,True,R,-1.1495953115232787,100,0.01,99,1,-1.1331043683604543,-2.7821986846429096
M3,196,nominal,M3_nominal_0196,B,M3,True,L,-1.1103726037121806,100,0.0,100,0,-1.1103726037121806,
M3,197,nominal,M3_nominal_0197,B,M1,True,R,-1.5612874537226902,100,0.0,100,0,-1.5612874537226902,
M3,197,nominal,M3_nominal_0197,B,M1,True,L,-1.83144338641305,100,0.02,98,2,-1.820771536669896,-2.3543640238275785
M3,197,nominal,M3_nominal_0197,B,M2,True,R,-1.562256398548576,100,0.0,100,0,-1.562256398548576,
M3,197,nominal,M3_nominal_0197,B,M2,True,L,-1.8304338708649917,100,0.01,99,1,-1.8175751588368085,-3.1034463616551387
M3,197,nominal,M3_nominal_0197,B,M3,True,R,-1.5611927526716423,100,0.0,100,0,-1.5611927526716423,
M3,197,nominal,M3_nominal_0197,B,M3,True,L,-1.8333332734385632,100,0.0,100,0,-1.8333332734385632,
M3,198,nominal,M3_nominal_0198,B,M1,True,R,-0.6338879851218132,100,0.0,100,0,-0.6338879851218132,
M3,198,nominal,M3_nominal_0198,B,M1,True,L,-0.8291943413826809,100,0.0,100,0,-0.8291943413826809,
M3,198,nominal,M3_nominal_0198,B,M2,True,R,-0.6321005761100799,100,0.0,100,0,-0.6321005761100799,
M3,198,nominal,M3_nominal_0198,B,M2,True,L,-0.8287315785877751,100,0.0,100,0,-0.8287315785877751,
M3,198,nominal,M3_nominal_0198,B,M3,True,R,-0.6343929062113357,100,0.0,100,0,-0.6343929062113357,
M3,198,nominal,M3_nominal_0198,B,M3,True,L,-0.8310454981500612,100,0.0,100,0,-0.8310454981500612,
M3,199,nominal,M3_nominal_0199,B,M1,True,R,-1.182888595742418,100,0.0,100,0,-1.182888595742418,
M3,199,nominal,M3_nominal_0199,B,M1,True,L,-1.2662862539433528,100,0.29,71,29,-1.2841355202783882,-1.2225863260196443
M3,199,nominal,M3_nominal_0199,B,M2,True,R,-1.1825081130240802,100,0.0,100,0,-1.1825081130240802,
M3,199,nominal,M3_nominal_0199,B,M2,True,L,-7.675922230979609,100,0.31,69,31,-1.2682809394355818,-21.938091557319538
M3,199,nominal,M3_nominal_0199,B,M3,True,R,-1.1802951193871314,100,0.0,100,0,-1.1802951193871314,
M3,199,nominal,M3_nominal_0199,B,M3,True,L,-1.2505536230557768,100,0.2,80,20,-1.3263406254308436,-0.9474056135555091
M3,0,stress,M3_stress_0000,B,M1,True,R,-88.50684504407485,100,0.49,51,49,-0.9170592285809945,-179.67172415816032
M3,0,stress,M3_stress_0000,B,M1,True,L,-0.8997023598811427,100,0.0,100,0,-0.8997023598811427,
M3,0,stress,M3_stress_0000,B,M2,True,R,-503927.1848684648,100,0.54,46,54,-0.9399991498650568,-933197.6897571407
M3,0,stress,M3_stress_0000,B,M2,True,L,-0.8925016652748226,100,0.0,100,0,-0.8925016652748226,
M3,0,stress,M3_stress_0000,B,M3,True,R,-29.18653188805973,100,0.5,50,50,-0.8777644760879347,-57.49529930003152
M3,0,stress,M3_stress_0000,B,M3,True,L,-0.8980015955172757,100,0.0,100,0,-0.8980015955172757,
M3,1,stress,M3_stress_0001,B,M1,True,R,-144.502788223014,100,0.55,45,55,-0.9642488824795785,-261.9434113198149
M3,1,stress,M3_stress_0001,B,M1,True,L,-1.6763415317578623,100,0.0,100,0,-1.6763415317578623,
M3,1,stress,M3_stress_0001,B,M2,True,R,-500993.89728548477,100,0.66,34,66,-0.998274963896381,-759081.1482909046
M3,1,stress,M3_stress_0001,B,M2,True,L,-1.6663545345780322,100,0.0,100,0,-1.6663545345780322,
M3,1,stress,M3_stress_0001,B,M3,True,R,-19.751015245879934,100,0.55,45,55,-1.1155414152920387,-34.998221107270034
M3,1,stress,M3_stress_0001,B,M3,True,L,-1.6458520852904897,100,0.0,100,0,-1.6458520852904897,
M3,2,stress,M3_stress_0002,B,M1,True,R,-2.7377472528362516,100,0.45,55,45,-0.7258509181422449,-5.196731661906706
M3,2,stress,M3_stress_0002,B,M1,True,L,-0.6684129090103029,100,0.01,99,1,-0.6478668925195284,-2.70246854159696
M3,2,stress,M3_stress_0002,B,M2,True,R,-178.30132304375604,100,0.49,51,49,-0.7161136131909283,-363.1349083694463
M3,2,stress,M3_stress_0002,B,M2,True,L,-0.6750759360729244,100,0.0,100,0,-0.6750759360729244,
M3,2,stress,M3_stress_0002,B,M3,True,R,-0.6937184973714491,100,0.39,61,39,-0.6716689938256674,-0.7282061824045948
M3,2,stress,M3_stress_0002,B,M3,True,L,-0.6713555987056706,100,0.0,100,0,-0.6713555987056706,
M3,3,stress,M3_stress_0003,B,M1,True,R,-1.5619953448296438,100,0.48,52,48,-1.271021720380694,-1.8772167713160055
M3,3,stress,M3_stress_0003,B,M1,True,L,-0.8534539241030052,100,0.0,100,0,-0.8534539241030052,
M3,3,stress,M3_stress_0003,B,M2,True,R,-23.17914356615431,100,0.51,49,51,-1.3621902993450183,-44.14053003818677
M3,3,stress,M3_stress_0003,B,M2,True,L,-0.8592154832422594,100,0.0,100,0,-0.8592154832422594,
M3,3,stress,M3_stress_0003,B,M3,True,R,-1.3907773056359694,100,0.43,57,43,-1.3304652138541946,-1.470725892416462
M3,3,stress,M3_stress_0003,B,M3,True,L,-0.8534847406503738,100,0.0,100,0,-0.8534847406503738,
M3,4,stress,M3_stress_0004,B,M1,True,R,0.003336771651789652,100,0.0,100,0,0.003336771651789652,
M3,4,stress,M3_stress_0004,B,M1,True,L,0.32166077607409865,100,0.0,100,0,0.32166077607409865,
M3,4,stress,M3_stress_0004,B,M2,True,R,0.04887367770255212,100,0.0,100,0,0.04887367770255212,
M3,4,stress,M3_stress_0004,B,M2,True,L,0.31032148019423156,100,0.01,99,1,0.30653183658088684,0.6854961979153618
M3,4,stress,M3_stress_0004,B,M3,True,R,0.0004205686772815542,100,0.0,100,0,0.0004205686772815542,
M3,4,stress,M3_stress_0004,B,M3,True,L,0.3224018736863806,100,0.0,100,0,0.3224018736863806,
M3,5,stress,M3_stress_0005,B,M1,True,R,-0.6402550222317994,100,0.37,63,37,-0.6449282304087847,-0.6322979380385544
M3,5,stress,M3_stress_0005,B,M1,True,L,-0.9808247876031083,100,0.01,99,1,-0.9823529805895771,-0.8295336819427179
M3,5,stress,M3_stress_0005,B,M2,True,R,-3.896769052788302,100,0.43,57,43,-0.6554102328639108,-8.193454000129936
M3,5,stress,M3_stress_0005,B,M2,True,L,-0.9797828827520292,100,0.01,99,1,-0.9810332890874874,-0.8559926555416744
M3,5,stress,M3_stress_0005,B,M3,True,R,-0.6628726139255308,100,0.3,70,30,-0.6952335613441019,-0.5873637366155312
M3,5,stress,M3_stress_0005,B,M3,True,L,-0.9696512412238669,100,0.0,100,0,-0.9696512412238669,
M3,6,stress,M3_stress_0006,B,M1,True,R,-1550.326832740555,100,0.55,45,55,-0.8974267013716711,-2818.041801318068
M3,6,stress,M3_stress_0006,B,M1,True,L,-1.2699037649342697,100,0.0,100,0,-1.2699037649342697,
M3,6,stress,M3_stress_0006,B,M2,True,R,-33196540.874311313,100,0.57,43,57,-0.9436347565523294,-58239544.681663804
M3,6,stress,M3_stress_0006,B,M2,True,L,-1.5226920532343118,100,0.04,96,4,-1.1907056174565864,-9.490366511899715
M3,6,stress,M3_stress_0006,B,M3,True,R,-493.1976394312029,100,0.56,44,56,-0.7816024971850887,-880.0959541650742
M3,6,stress,M3_stress_0006,B,M3,True,L,-1.1473873647714663,100,0.0,100,0,-1.1473873647714663,
M3,7,stress,M3_stress_0007,B,M1,True,R,-14.104306250041937,100,0.55,45,55,-1.1495134617784053,-24.7036821677121
M3,7,stress,M3_stress_0007,B,M1,True,L,-1.559850301579275,100,0.0,100,0,-1.559850301579275,
M3,7,stress,M3_stress_0007,B,M2,True,R,-15195.094969049314,100,0.55,45,55,-1.145827081330111,-27626.50790338676
M3,7,stress,M3_stress_0007,B,M2,True,L,-1.5529554616559307,100,0.0,100,0,-1.5529554616559307,
M3,7,stress,M3_stress_0007,B,M3,True,R,-1.828277836369323,100,0.54,46,54,-1.1341882305041309,-2.419539352476709
M3,7,stress,M3_stress_0007,B,M3,True,L,-1.5571625346465638,100,0.0,100,0,-1.5571625346465638,
M3,8,stress,M3_stress_0008,B,M1,True,R,-1.4760291071365064,100,0.38,62,38,-0.5990355515430303,-2.906913329420599
M3,8,stress,M3_stress_0008,B,M1,True,L,-0.7626923799276969,100,0.15,85,15,-0.7412686177194733,-0.8840936991076309
M3,8,stress,M3_stress_0008,B,M2,True,R,-49.00473176863056,100,0.44,56,44,-0.6484141800126209,-110.54913597232611
M3,8,stress,M3_stress_0008,B,M2,True,L,-0.7579979315574044,100,0.0,100,0,-0.7579979315574044,
M3,8,stress,M3_stress_0008,B,M3,True,R,-0.4343070841539092,100,0.25,75,25,-0.4236294250415851,-0.4663400614908817
M3,8,stress,M3_stress_0008,B,M3,True,L,-0.7683826655631752,100,0.0,100,0,-0.7683826655631752,
M3,9,stress,M3_stress_0009,B,M1,True,R,-3.0027552124575516,100,0.66,34,66,-0.8233452463000915,-4.125481558659879
M3,9,stress,M3_stress_0009,B,M1,True,L,-0.8485141221629725,100,0.0,100,0,-0.8485141221629725,
M3,9,stress,M3_stress_0009,B,M2,True,R,-263.59825342884267,100,0.73,27,73,-0.8955122049363301,-360.76228100480796
M3,9,stress,M3_stress_0009,B,M2,True,L,-0.8479792882170706,100,0.0,100,0,-0.8479792882170706,
M3,9,stress,M3_stress_0009,B,M3,True,R,-1.1917056103276054,100,0.5,50,50,-0.937768247817996,-1.4456429728372149
M3,9,stress,M3_stress_0009,B,M3,True,L,-0.85275546380121,100,0.0,100,0,-0.85275546380121,
M3,10,stress,M3_stress_0010,B,M1,True,R,0.14928694706061607,100,0.0,100,0,0.14928694706061607,
M3,10,stress,M3_stress_0010,B,M1,True,L,0.21766934396800258,100,0.03,97,3,0.20324242249457533,0.6841398049421524
M3,10,stress,M3_stress_0010,B,M2,True,R,0.1416363893129911,100,0.0,100,0,0.1416363893129911,
M3,10,stress,M3_stress_0010,B,M2,True,L,0.21959216613988378,100,0.0,100,0,0.21959216613988378,
M3,10,stress,M3_stress_0010,B,M3,True,R,0.14845731352467909,100,0.0,100,0,0.14845731352467909,
M3,10,stress,M3_stress_0010,B,M3,True,L,0.21744320983484505,100,0.0,100,0,0.21744320983484505,
M3,11,stress,M3_stress_0011,B,M1,True,R,-3.5551899285187485,100,0.52,48,52,-0.7857569913760715,-6.111589562804298
M3,11,stress,M3_stress_0011,B,M1,True,L,-0.9008016211227106,100,0.0,100,0,-0.9008016211227106,
M3,11,stress,M3_stress_0011,B,M2,True,R,-277.08228500394836,100,0.57,43,57,-0.8483551820527158,-485.46928469415025
M3,11,stress,M3_stress_0011,B,M2,True,L,-0.898473708956613,100,0.0,100,0,-0.898473708956613,
M3,11,stress,M3_stress_0011,B,M3,True,R,-1.5066116886919234,100,0.48,52,48,-0.7978738132450183,-2.2744110537594042
M3,11,stress,M3_stress_0011,B,M3,True,L,-0.9118683479492766,100,0.0,100,0,-0.9118683479492766,
M3,12,stress,M3_stress_0012,B,M1,True,R,-204.4819119223171,100,0.52,48,52,-0.9070788650653624,-392.39714243670335
M3,12,stress,M3_stress_0012,B,M1,True,L,-0.9589970868934149,100,0.0,100,0,-0.9589970868934149,
M3,12,stress,M3_stress_0012,B,M2,True,R,-1724601.2429195535,100,0.54,46,54,-0.9891499195096,-3193705.162797389
M3,12,stress,M3_stress_0012,B,M2,True,L,-0.9545655999601803,100,0.0,100,0,-0.9545655999601803,
M3,12,stress,M3_stress_0012,B,M3,True,R,-90.6254107926039,100,0.51,49,51,-0.9042515186628789,-176.82809323227272
M3,12,stress,M3_stress_0012,B,M3,True,L,-0.931772870838874,100,0.0,100,0,-0.931772870838874,
M3,13,stress,M3_stress_0013,B,M1,True,R,-61.68597393644508,100,0.6,40,60,-1.0786265570575266,-102.0908721893701
M3,13,stress,M3_stress_0013,B,M1,True,L,-1.5322995007601776,100,0.01,99,1,-1.5366174232260048,-1.1048251766432973
M3,13,stress,M3_stress_0013,B,M2,True,R,-144490.02198915946,100,0.63,37,63,-1.1226104193702595,-229348.5819417528
M3,13,stress,M3_stress_0013,B,M2,True,L,-1.5378740401483133,100,0.0,100,0,-1.5378740401483133,
M3,13,stress,M3_stress_0013,B,M3,True,R,-29.501510382512997,100,0.55,45,55,-1.126860255676847,-52.717133213560764
M3,13,stress,M3_stress_0013,B,M3,True,L,-1.5270504365730178,100,0.0,100,0,-1.5270504365730178,
M3,14,stress,M3_stress_0014,B,M1,True,R,-0.43070360444941097,100,0.35,65,35,-0.5197704857842438,-0.2652936819704359
M3,14,stress,M3_stress_0014,B,M1,True,L,-0.8903080382861401,100,0.01,99,1,-0.8812968662942584,-1.782414065482428
M3,14,stress,M3_stress_0014,B,M2,True,R,-10.64065444703621,100,0.44,56,44,-0.4826152557531782,-23.569067963214618
M3,14,stress,M3_stress_0014,B,M2,True,L,-0.8898418419232069,100,0.0,100,0,-0.8898418419232069,
M3,14,stress,M3_stress_0014,B,M3,True,R,-0.4158734990225301,100,0.3,70,30,-0.5110141623425598,-0.1938786179424606
M3,14,stress,M3_stress_0014,B,M3,True,L,-0.8901989944969797,100,0.0,100,0,-0.8901989944969797,
M3,15,stress,M3_stress_0015,B,M1,True,R,-1.0175017385922753,100,0.47,53,47,-0.8646177540885402,-1.1899028275007424
M3,15,stress,M3_stress_0015,B,M1,True,L,-1.2201210475293012,100,0.02,98,2,-1.2308393508381565,-0.6949241853953846
M3,15,stress,M3_stress_0015,B,M2,True,R,-57.06521371719493,100,0.63,37,63,-0.9121450405248371,-90.0440000828583
M3,15,stress,M3_stress_0015,B,M2,True,L,-1.2194356941914197,100,0.0,100,0,-1.2194356941914197,
M3,15,stress,M3_stress_0015,B,M3,True,R,-0.9531725621066599,100,0.45,55,45,-0.9280642627714136,-0.9838604835164056
M3,15,stress,M3_stress_0015,B,M3,True,L,-1.216942131874855,100,0.0,100,0,-1.216942131874855,
M3,16,stress,M3_stress_0016,B,M1,True,R,0.1382814823578352,100,0.0,100,0,0.1382814823578352,
M3,16,stress,M3_stress_0016,B,M1,True,L,0.25280305309109474,100,0.02,98,2,0.24311571653253003,0.7274825444607618
M3,16,stress,M3_stress_0016,B,M2,True,R,0.14390068142761975,100,0.0,100,0,0.14390068142761975,
M3,16,stress,M3_stress_0016,B,M2,True,L,0.25236511233786696,100,0.0,100,0,0.25236511233786696,
M3,16,stress,M3_stress_0016,B,M3,True,R,0.1368883168947672,100,0.0,100,0,0.1368883168947672,
M3,16,stress,M3_stress_0016,B,M3,True,L,0.25279776701008283,100,0.0,100,0,0.25279776701008283,
M3,17,stress,M3_stress_0017,B,M1,True,R,-6.3676886665410555,100,0.62,38,62,-0.6845695522345279,-9.850890704341833
M3,17,stress,M3_stress_0017,B,M1,True,L,-0.9090587052998577,100,0.0,100,0,-0.9090587052998577,
M3,17,stress,M3_stress_0017,B,M2,True,R,-698.1358897257035,100,0.67,33,67,-0.6313779027077645,-1041.6828880862834
M3,17,stress,M3_stress_0017,B,M2,True,L,-0.9180287291880789,100,0.0,100,0,-0.9180287291880789,
M3,17,stress,M3_stress_0017,B,M3,True,R,-0.6969823823536546,100,0.38,62,38,-0.5104603307491703,-1.0013078349714974
M3,17,stress,M3_stress_0017,B,M3,True,L,-0.9088627386684018,100,0.0,100,0,-0.9088627386684018,
M3,18,stress,M3_stress_0018,B,M1,True,R,-856.598601366806,100,0.57,43,57,-0.7634303783312011,-1502.2286426388134
M3,18,stress,M3_stress_0018,B,M1,True,L,-1.0343363303878919,100,0.0,100,0,-1.0343363303878919,
M3,18,stress,M3_stress_0018,B,M2,True,R,-34959798.884933636,100,0.58,42,58,-0.7777199904917247,-60275514.75567455
M3,18,stress,M3_stress_0018,B,M2,True,L,-1.1078469891504543,100,0.04,96,4,-1.0405766921881137,-2.7223341162466315
M3,18,stress,M3_stress_0018,B,M3,True,R,-195.76411566427186,100,0.56,44,56,-0.7439661922377128,-348.9942331065844
M3,18,stress,M3_stress_0018,B,M3,True,L,-1.0448714633322145,100,0.0,100,0,-1.0448714633322145,
M3,19,stress,M3_stress_0019,B,M1,True,R,-35.40130163514484,100,0.55,45,55,-1.0279241006624344,-63.52497416335772
M3,19,stress,M3_stress_0019,B,M1,True,L,-1.5778559380427764,100,0.01,99,1,-1.5716990135856477,-2.187391459298502
M3,19,stress,M3_stress_0019,B,M2,True,R,-57666.48657384496,100,0.55,45,55,-1.0500876048864045,-104847.29824440501
M3,19,stress,M3_stress_0019,B,M2,True,L,-1.578571141349303,100,0.01,99,1,-1.5721169121401912,-2.217539833051362
M3,19,stress,M3_stress_0019,B,M3,True,R,-7.76348455597244,100,0.55,45,55,-1.0264745330751537,-13.275583665615674
M3,19,stress,M3_stress_0019,B,M3,True,L,-1.5769943405653737,100,0.0,100,0,-1.5769943405653737,
M3,20,stress,M3_stress_0020,B,M1,True,R,-1.32807959221187,100,0.52,48,52,-0.474576387655091,-2.115928704110436
M3,20,stress,M3_stress_0020,B,M1,True,L,-0.8345479543543622,100,0.0,100,0,-0.8345479543543622,
M3,20,stress,M3_stress_0020,B,M2,True,R,-505.1363262491223,100,0.6,40,60,-0.4302486512201448,-841.6070446477237
M3,20,stress,M3_stress_0020,B,M2,True,L,-0.8353300101247673,100,0.0,100,0,-0.8353300101247673,
M3,20,stress,M3_stress_0020,B,M3,True,R,-2.7098152441022556,100,0.53,47,53,-0.5162495894311413,-4.655052711452113
M3,20,stress,M3_stress_0020,B,M3,True,L,-0.8313444319515451,100,0.0,100,0,-0.8313444319515451,
M3,21,stress,M3_stress_0021,B,M1,True,R,-3.7703017026431795,100,0.69,31,69,-0.9290856947058643,-5.0467900540353074
M3,21,stress,M3_stress_0021,B,M1,True,L,-0.8511493315379216,100,0.0,100,0,-0.8511493315379216,
M3,21,stress,M3_stress_0021,B,M2,True,R,-165.52205437611246,100,0.65,35,65,-1.3945952066326508,-253.8983785442939
M3,21,stress,M3_stress_0021,B,M2,True,L,-0.8503215885587884,100,0.0,100,0,-0.8503215885587884,
M3,21,stress,M3_stress_0021,B,M3,True,R,-1.123998079566327,100,0.5,50,50,-0.9325895174094514,-1.3154066417232029
M3,21,stress,M3_stress_0021,B,M3,True,L,-0.8533000907820406,100,0.0,100,0,-0.8533000907820406,
M3,22,stress,M3_stress_0022,B,M1,True,R,0.18966268122970745,100,0.0,100,0,0.18966268122970745,
M3,22,stress,M3_stress_0022,B,M1,True,L,0.3104876901371626,100,0.0,100,0,0.3104876901371626,
M3,22,stress,M3_stress_0022,B,M2,True,R,0.21029955937547778,100,0.0,100,0,0.21029955937547778,
M3,22,stress,M3_stress_0022,B,M2,True,L,0.3172261481446137,100,0.0,100,0,0.3172261481446137,
M3,22,stress,M3_stress_0022,B,M3,True,R,0.19086373667154777,100,0.0,100,0,0.19086373667154777,
M3,22,stress,M3_stress_0022,B,M3,True,L,0.30811356147175006,100,0.0,100,0,0.30811356147175006,
M3,23,stress,M3_stress_0023,B,M1,True,R,-2.142967265472423,100,0.46,54,46,-0.6156239099592071,-3.935935552379242
M3,23,stress,M3_stress_0023,B,M1,True,L,-0.9701242581381586,100,0.0,100,0,-0.9701242581381586,
M3,23,stress,M3_stress_0023,B,M2,True,R,-85.98043865251935,100,0.47,53,47,-0.6650361901761684,-182.18716908877872
M3,23,stress,M3_stress_0023,B,M2,True,L,-0.9712311690059817,100,0.0,100,0,-0.9712311690059817,
M3,23,stress,M3_stress_0023,B,M3,True,R,-0.9478377385384092,100,0.38,62,38,-0.5935980236463577,-1.525807799678072
M3,23,stress,M3_stress_0023,B,M3,True,L,-0.9696846880400597,100,0.0,100,0,-0.9696846880400597,
M3,24,stress,M3_stress_0024,B,M1,True,R,-2383.1079461969703,100,0.58,42,58,-0.8957092194556812,-4108.158186766895
M3,24,stress,M3_stress_0024,B,M1,True,L,-1.2486327589531447,100,0.04,96,4,-1.0976348144855894,-4.8725834261744705
M3,24,stress,M3_stress_0024,B,M2,True,R,-30088828.62139271,100,0.58,42,58,-0.8921365582658934,-51877290.080509216
M3,24,stress,M3_stress_0024,B,M2,True,L,-1.3115390990525873,100,0.05,95,5,-1.087610682190567,-5.566179019430974
M3,24,stress,M3_stress_0024,B,M3,True,R,-991.6689535863917,100,0.57,43,57,-1.072450421115446,-1738.9610524654602
M3,24,stress,M3_stress_0024,B,M3,True,L,-1.1472312121085688,100,0.0,100,0,-1.1472312121085688,
M3,25,stress,M3_stress_0025,B,M1,True,R,-3.4593292452160513,100,0.55,45,55,-1.0381128661799932,-5.440324464427371
M3,25,stress,M3_stress_0025,B,M1,True,L,-1.6601573765581086,100,0.01,99,1,-1.6661804892245504,-1.0638692225803905
M3,25,stress,M3_stress_0025,B,M2,True,R,-6104.873824664971,100,0.55,45,55,-1.0345472223105554,-11098.924142572603
M3,25,stress,M3_stress_0025,B,M2,True,L,-1.662741222302597,100,0.0,100,0,-1.662741222302597,
M3,25,stress,M3_stress_0025,B,M3,True,R,-1.0682100782636437,100,0.54,46,54,-1.0755692652526803,-1.061941141198909
M3,25,stress,M3_stress_0025,B,M3,True,L,-1.6612914474442277,100,0.0,100,0,-1.6612914474442277,
M3,26,stress,M3_stress_0026,B,M1,True,R,-0.3363096069774606,100,0.44,56,44,-0.47233354900293184,-0.16318822621777004
M3,26,stress,M3_stress_0026,B,M1,True,L,-0.6304645184836468,100,0.02,98,2,-0.6092346892945562,-1.6707261487490928
M3,26,stress,M3_stress_0026,B,M2,True,R,-49.599720685024934,100,0.5,50,50,-0.5020082687519634,-98.69743310129792
M3,26,stress,M3_stress_0026,B,M2,True,L,-0.6298360533591426,100,0.0,100,0,-0.6298360533591426,
M3,26,stress,M3_stress_0026,B,M3,True,R,-0.32654810818567803,100,0.44,56,44,-0.4777095950099949,-0.13416076131836577
M3,26,stress,M3_stress_0026,B,M3,True,L,-0.6309953525541451,100,0.0,100,0,-0.6309953525541451,
M3,27,stress,M3_stress_0027,B,M1,True,R,-1.0660996561771194,100,0.49,51,49,-1.2277610982657792,-0.8978397878807592
M3,27,stress,M3_stress_0027,B,M1,True,L,-0.998118400576602,100,0.0,100,0,-0.998118400576602,
M3,27,stress,M3_stress_0027,B,M2,True,R,-4.999924634185495,100,0.53,47,53,-1.173794546513397,-8.392907919479619
M3,27,stress,M3_stress_0027,B,M2,True,L,-0.9980998861495485,100,0.0,100,0,-0.9980998861495485,
M3,27,stress,M3_stress_0027,B,M3,True,R,-1.0616514390209737,100,0.43,57,43,-1.1852572760626372,-0.8978018410820239
M3,27,stress,M3_stress_0027,B,M3,True,L,-1.0000562341365435,100,0.0,100,0,-1.0000562341365435,
M3,28,stress,M3_stress_0028,B,M1,True,R,0.07898581158046496,100,0.0,100,0,0.07898581158046496,
M3,28,stress,M3_stress_0028,B,M1,True,L,0.28037795982471087,100,0.03,97,3,0.26708601073869737,0.7101509802724824
M3,28,stress,M3_stress_0028,B,M2,True,R,0.10938946899388206,100,0.0,100,0,0.10938946899388206,
M3,28,stress,M3_stress_0028,B,M2,True,L,0.28180125274605383,100,0.0,100,0,0.28180125274605383,
M3,28,stress,M3_stress_0028,B,M3,True,R,0.08680523954548025,100,0.0,100,0,0.08680523954548025,
M3,28,stress,M3_stress_0028,B,M3,True,L,0.28060330907732334,100,0.0,100,0,0.28060330907732334,
M3,29,stress,M3_stress_0029,B,M1,True,R,-0.9434043568528998,100,0.56,44,56,-0.2878862917913561,-1.458454265115541
M3,29,stress,M3_stress_0029,B,M1,True,L,-1.0814163624212554,100,0.01,99,1,-1.0880765883300043,-0.4220539974551011
M3,29,stress,M3_stress_0029,B,M2,True,R,-170.26462721024188,100,0.56,44,56,-0.3099291224771484,-303.800461422057
M3,29,stress,M3_stress_0029,B,M2,True,L,-1.0882661355356162,100,0.01,99,1,-1.095047939218738,-0.41686757090658116
M3,29,stress,M3_stress_0029,B,M3,True,R,-0.42676139728641127,100,0.47,53,47,-0.36366078907397675,-0.49791740229192255
M3,29,stress,M3_stress_0029,B,M3,True,L,-1.087154874420544,100,0.0,100,0,-1.087154874420544,
M3,30,stress,M3_stress_0030,B,M1,True,R,-8.734238193239124,100,0.45,55,45,-0.9402095352443252,-18.260273219677213
M3,30,stress,M3_stress_0030,B,M1,True,L,-0.9814828249551185,100,0.0,100,0,-0.9814828249551185,
M3,30,stress,M3_stress_0030,B,M2,True,R,-48420.30128832726,100,0.53,47,53,-0.9594370193933569,-91358.208213072
M3,30,stress,M3_stress_0030,B,M2,True,L,-1.329091809679262,100,0.04,96,4,-0.9858179575413709,-9.567664260988648
M3,30,stress,M3_stress_0030,B,M3,True,R,-30.628355948706133,100,0.5,50,50,-0.8419519229502397,-60.414759974462044
M3,30,stress,M3_stress_0030,B,M3,True,L,-0.9564385312556399,100,0.0,100,0,-0.9564385312556399,
M3,31,stress,M3_stress_0031,B,M1,True,R,-20.690174965308177,100,0.55,45,55,-1.1397227806533927,-36.68599948002573
M3,31,stress,M3_stress_0031,B,M1,True,L,-1.5511031681319443,100,0.01,99,1,-1.5543270261395625,-1.2319412253777209
M3,31,stress,M3_stress_0031,B,M2,True,R,-39543.2376253076,100,0.6,40,60,-1.1861495276376435,-65904.60527582758
M3,31,stress,M3_stress_0031,B,M2,True,L,-1.5526338618947233,100,0.01,99,1,-1.5561620002964185,-1.203348160126875
M3,31,stress,M3_stress_0031,B,M3,True,R,-5.03532343916076,100,0.55,45,55,-1.141211430609509,-8.221415082520874
M3,31,stress,M3_stress_0031,B,M3,True,L,-1.5490642818133356,100,0.0,100,0,-1.5490642818133356,
M3,32,stress,M3_stress_0032,B,M1,True,R,-771.9451600984598,100,0.74,26,74,-0.7319587358130579,-1042.9119605772278
M3,32,stress,M3_stress_0032,B,M1,True,L,-0.7370602811839873,100,0.0,100,0,-0.7370602811839873,
M3,32,stress,M3_stress_0032,B,M2,True,R,-50080.48495509714,100,0.68,32,68,-0.8675087021839201,-73647.36375340066
M3,32,stress,M3_stress_0032,B,M2,True,L,-0.7252950472405567,100,0.0,100,0,-0.7252950472405567,
M3,32,stress,M3_stress_0032,B,M3,True,R,-36.96043428892865,100,0.56,44,56,-0.677165531701598,-65.46871688389275
M3,32,stress,M3_stress_0032,B,M3,True,L,-0.7376593012714929,100,0.0,100,0,-0.7376593012714929,
M3,33,stress,M3_stress_0033,B,M1,True,R,-8.837450697558598,100,0.85,15,85,-1.1515472586546884,-10.193786598541642
M3,33,stress,M3_stress_0033,B,M1,True,L,-0.8014138982033391,100,0.0,100,0,-0.8014138982033391,
M3,33,stress,M3_stress_0033,B,M2,True,R,-1799.9044400578766,100,0.86,14,86,-1.230717071337773,-2092.7117903114995
M3,33,stress,M3_stress_0033,B,M2,True,L,-0.8009796978944759,100,0.0,100,0,-0.8009796978944759,
M3,33,stress,M3_stress_0033,B,M3,True,R,-2.273955288878327,100,0.76,24,76,-0.885815195771004,-2.71231531828064
M3,33,stress,M3_stress_0033,B,M3,True,L,-0.7973309038099268,100,0.0,100,0,-0.7973309038099268,
M3,34,stress,M3_stress_0034,B,M1,True,R,-0.08386260390429102,100,0.0,100,0,-0.08386260390429102,
M3,34,stress,M3_stress_0034,B,M1,True,L,0.2179133414980423,100,0.0,100,0,0.2179133414980423,
M3,34,stress,M3_stress_0034,B,M2,True,R,-0.026835170561479754,100,0.0,100,0,-0.026835170561479754,
M3,34,stress,M3_stress_0034,B,M2,True,L,0.22857156027592346,100,0.0,100,0,0.22857156027592346,
M3,34,stress,M3_stress_0034,B,M3,True,R,-0.06474430051273301,100,0.0,100,0,-0.06474430051273301,
M3,34,stress,M3_stress_0034,B,M3,True,L,0.2160749751997531,100,0.0,100,0,0.2160749751997531,
M3,35,stress,M3_stress_0035,B,M1,True,R,-0.5127910596104945,100,0.43,57,43,-0.4551888828652773,-0.58914743343555
M3,35,stress,M3_stress_0035,B,M1,True,L,-0.8772753444204917,100,0.0,100,0,-0.8772753444204917,
M3,35,stress,M3_stress_0035,B,M2,True,R,-5.480418766575212,100,0.45,55,45,-0.4796495262831578,-11.592470060265496
M3,35,stress,M3_stress_0035,B,M2,True,L,-0.8666510598362478,100,0.0,100,0,-0.8666510598362478,
M3,35,stress,M3_stress_0035,B,M3,True,R,-0.3445109693155403,100,0.2,80,20,-0.38895398799060776,-0.16673889461527058
M3,35,stress,M3_stress_0035,B,M3,True,L,-0.8726358995988805,100,0.0,100,0,-0.8726358995988805,
M3,36,stress,M3_stress_0036,B,M1,True,R,-361.1812964726149,100,0.54,46,54,-0.9046533098457757,-668.0836221297885
M3,36,stress,M3_stress_0036,B,M1,True,L,-1.1752303660193568,100,0.0,100,0,-1.1752303660193568,
M3,36,stress,M3_stress_0036,B,M2,True,R,-316336.6430493358,100,0.55,45,55,-0.8758243527535526,-575156.816233413
M3,36,stress,M3_stress_0036,B,M2,True,L,-1.1954887165365826,100,0.0,100,0,-1.1954887165365826,
M3,36,stress,M3_stress_0036,B,M3,True,R,-24.087465702036916,100,0.51,49,51,-0.8053264885194005,-46.45657984835767
M3,36,stress,M3_stress_0036,B,M3,True,L,-1.125310856581924,100,0.0,100,0,-1.125310856581924,
M3,37,stress,M3_stress_0037,B,M1,True,R,-1.5709658138267273,100,0.48,52,48,-1.0335379380001184,-2.1531793459722195
M3,37,stress,M3_stress_0037,B,M1,True,L,-1.6726975420852759,100,0.0,100,0,-1.6726975420852759,
M3,37,stress,M3_stress_0037,B,M2,True,R,-433.7719359065757,100,0.5,50,50,-1.017054275541346,-866.5268175376102
M3,37,stress,M3_stress_0037,B,M2,True,L,-1.668463016706642,100,0.01,99,1,-1.6697719630121362,-1.5388773324626956
M3,37,stress,M3_stress_0037,B,M3,True,R,-1.1013374041407507,100,0.46,54,46,-1.033266923666309,-1.18124622904553
M3,37,stress,M3_stress_0037,B,M3,True,L,-1.6702856137005253,100,0.0,100,0,-1.6702856137005253,
M3,38,stress,M3_stress_0038,B,M1,True,R,-3.0849493136359785,100,0.48,52,48,-0.5476398658613404,-5.833701215391836
M3,38,stress,M3_stress_0038,B,M1,True,L,-0.7305989145767936,100,0.01,99,1,-0.7356577590017962,-0.22977331650154015
M3,38,stress,M3_stress_0038,B,M2,True,R,-485.99076282410516,100,0.5,50,50,-0.5827481249149292,-971.3987775232956
M3,38,stress,M3_stress_0038,B,M2,True,L,-0.729328644483116,100,0.0,100,0,-0.729328644483116,
M3,38,stress,M3_stress_0038,B,M3,True,R,-1.7376939875514636,100,0.49,51,49,-0.5480401728833474,-2.9759051007774624
M3,38,stress,M3_stress_0038,B,M3,True,L,-0.728370735931236,100,0.0,100,0,-0.728370735931236,
M3,39,stress,M3_stress_0039,B,M1,True,R,-0.9341007043376394,100,0.33,67,33,-0.8541352616736905,-1.0964547848977775
M3,39,stress,M3_stress_0039,B,M1,True,L,-0.8298749124253925,100,0.0,100,0,-0.8298749124253925,
M3,39,stress,M3_stress_0039,B,M2,True,R,-7.252375487158059,100,0.44,56,44,-0.9175874994820422,-15.314832926018443
M3,39,stress,M3_stress_0039,B,M2,True,L,-0.8284914560693742,100,0.0,100,0,-0.8284914560693742,
M3,39,stress,M3_stress_0039,B,M3,True,R,-0.8074591553000537,100,0.22,78,22,-0.7907647928915148,-0.8666482583848732
M3,39,stress,M3_stress_0039,B,M3,True,L,-0.828215476043912,100,0.0,100,0,-0.828215476043912,
M3,40,stress,M3_stress_0040,B,M1,True,R,0.07894453033680947,100,0.0,100,0,0.07894453033680947,
M3,40,stress,M3_stress_0040,B,M1,True,L,0.4395413463832537,100,0.03,97,3,0.4365230628205308,0.5371325149112943
M3,40,stress,M3_stress_0040,B,M2,True,R,0.12846642785641682,100,0.0,100,0,0.12846642785641682,
M3,40,stress,M3_stress_0040,B,M2,True,L,0.4393505151304109,100,0.0,100,0,0.4393505151304109,
M3,40,stress,M3_stress_0040,B,M3,True,R,0.0852233773971769,100,0.0,100,0,0.0852233773971769,
M3,40,stress,M3_stress_0040,B,M3,True,L,0.439505911803574,100,0.0,100,0,0.439505911803574,
M3,41,stress,M3_stress_0041,B,M1,True,R,-0.8956305653593861,100,0.3,70,30,-0.606583128678805,-1.5700745842807422
M3,41,stress,M3_stress_0041,B,M1,True,L,-1.0392305741502565,100,0.0,100,0,-1.0392305741502565,
M3,41,stress,M3_stress_0041,B,M2,True,R,-8.518389472016024,100,0.38,62,38,-0.6316757123502149,-21.3861856062076
M3,41,stress,M3_stress_0041,B,M2,True,L,-1.0309269028450252,100,0.0,100,0,-1.0309269028450252,
M3,41,stress,M3_stress_0041,B,M3,True,R,-0.61562844247474,100,0.2,80,20,-0.5866418069589794,-0.7315749845377821
M3,41,stress,M3_stress_0041,B,M3,True,L,-1.0244270865350718,100,0.0,100,0,-1.0244270865350718,
M3,42,stress,M3_stress_0042,B,M1,True,R,-46.6053131549189,100,0.49,51,49,-0.8591728899448218,-94.21864281846337
M3,42,stress,M3_stress_0042,B,M1,True,L,-0.9951467529399857,100,0.0,100,0,-0.9951467529399857,
M3,42,stress,M3_stress_0042,B,M2,True,R,-802175.3317098457,100,0.54,46,54,-0.901830930434063,-1485509.1053104028
M3,42,stress,M3_stress_0042,B,M2,True,L,-1.0005799386906364,100,0.0,100,0,-1.0005799386906364,
M3,42,stress,M3_stress_0042,B,M3,True,R,-34.974425115679246,100,0.5,50,50,-0.8086503612839437,-69.14019987007455
M3,42,stress,M3_stress_0042,B,M3,True,L,-1.0069189685481743,100,0.0,100,0,-1.0069189685481743,
M3,43,stress,M3_stress_0043,B,M1,True,R,-2.1898278651445517,100,0.5,50,50,-1.081252855482618,-3.298402874806486
M3,43,stress,M3_stress_0043,B,M1,True,L,-1.5467291533842518,100,0.02,98,2,-1.5338162152741424,-2.179463120779631
M3,43,stress,M3_stress_0043,B,M2,True,R,-1706.3239737353326,100,0.54,46,54,-1.1047191341423603,-3158.9181535807897
M3,43,stress,M3_stress_0043,B,M2,True,L,-1.548385564135671,100,0.01,99,1,-1.5377556349569803,-2.6007485528260244
M3,43,stress,M3_stress_0043,B,M3,True,R,-2.445909539248289,100,0.51,49,51,-1.0860420985115191,-3.7524488450542055
M3,43,stress,M3_stress_0043,B,M3,True,L,-1.5450965842417934,100,0.0,100,0,-1.5450965842417934,
M3,44,stress,M3_stress_0044,B,M1,True,R,-1.8218300438592567,100,0.46,54,46,-0.4596654751953864,-3.4208927983777135
M3,44,stress,M3_stress_0044,B,M1,True,L,-0.8190049912162395,100,0.0,100,0,-0.8190049912162395,
M3,44,stress,M3_stress_0044,B,M2,True,R,-103.14543910188742,100,0.49,51,49,-0.4525134354962301,-210.0299127546619
M3,44,stress,M3_stress_0044,B,M2,True,L,-0.8196782524652058,100,0.0,100,0,-0.8196782524652058,
M3,44,stress,M3_stress_0044,B,M3,True,R,-1.4613504792344785,100,0.46,54,46,-0.44436397155476515,-2.6552042056410983
M3,44,stress,M3_stress_0044,B,M3,True,L,-0.8220724717911194,100,0.0,100,0,-0.8220724717911194,
M3,45,stress,M3_stress_0045,B,M1,True,R,-1.084259158786958,100,0.26,74,26,-0.8246753444402917,-1.8230746303890084
M3,45,stress,M3_stress_0045,B,M1,True,L,-0.7975432109544879,100,0.04,96,4,-0.8041730998334159,-0.6384258778602128
M3,45,stress,M3_stress_0045,B,M2,True,R,-17.23537923778526,100,0.47,53,47,-0.8773980271735254,-35.68161336890063
M3,45,stress,M3_stress_0045,B,M2,True,L,-0.790720686164939,100,0.0,100,0,-0.790720686164939,
M3,45,stress,M3_stress_0045,B,M3,True,R,-0.9841290931648746,100,0.26,74,26,-0.8022039182641156,-1.5019161294208798
M3,45,stress,M3_stress_0045,B,M3,True,L,-0.7997671775081696,100,0.0,100,0,-0.7997671775081696,
M3,46,stress,M3_stress_0046,B,M1,True,R,0.1225575601546899,100,0.0,100,0,0.1225575601546899,
M3,46,stress,M3_stress_0046,B,M1,True,L,0.09021053692150659,100,0.03,97,3,0.10679350941720352,-0.4459722404393609
M3,46,stress,M3_stress_0046,B,M2,True,R,0.12059674943640139,100,0.0,100,0,0.12059674943640139,
M3,46,stress,M3_stress_0046,B,M2,True,L,0.09381465912270777,100,0.01,99,1,0.08692261264696124,0.7761272602216132
M3,46,stress,M3_stress_0046,B,M3,True,R,0.12362534100712166,100,0.0,100,0,0.12362534100712166,
M3,46,stress,M3_stress_0046,B,M3,True,L,0.08997690607688737,100,0.0,100,0,0.08997690607688737,
M3,47,stress,M3_stress_0047,B,M1,True,R,-0.7850267861077371,100,0.45,55,45,-0.86328129018489,-0.6893823922356614
M3,47,stress,M3_stress_0047,B,M1,True,L,-0.8876973289889443,100,0.01,99,1,-0.8925230937497592,-0.4099466176682502
M3,47,stress,M3_stress_0047,B,M2,True,R,-18.825093823385814,100,0.48,52,48,-0.8518876844985479,-38.29606714051369
M3,47,stress,M3_stress_0047,B,M2,True,L,-0.8875995641448347,100,0.01,99,1,-0.8924011906352929,-0.4122385415894845
M3,47,stress,M3_stress_0047,B,M3,True,R,-0.48978507619437633,100,0.36,64,36,-0.8057919547378386,0.07200493010511237
M3,47,stress,M3_stress_0047,B,M3,True,L,-0.8862589754547426,100,0.0,100,0,-0.8862589754547426,
M3,48,stress,M3_stress_0048,B,M1,True,R,-188.06904065313043,100,0.54,46,54,-0.7860765931658612,-347.60638040791514
M3,48,stress,M3_stress_0048,B,M1,True,L,-1.0920115626807125,100,0.0,100,0,-1.0920115626807125,
M3,48,stress,M3_stress_0048,B,M2,True,R,-925196.5078438706,100,0.55,45,55,-0.8185559649378508,-1682174.7990794296
M3,48,stress,M3_stress_0048,B,M2,True,L,-1.0953957382956552,100,0.0,100,0,-1.0953957382956552,
M3,48,stress,M3_stress_0048,B,M3,True,R,-104.63332846747542,100,0.55,45,55,-0.7944955573521448,-189.5923735757581
M3,48,stress,M3_stress_0048,B,M3,True,L,-1.0908943884735463,100,0.0,100,0,-1.0908943884735463,
M3,49,stress,M3_stress_0049,B,M1,True,R,-54.1343366676156,100,0.63,37,63,-1.1161019812571529,-85.27203005484198
M3,49,stress,M3_stress_0049,B,M1,True,L,-1.607778579854448,100,0.0,100,0,-1.607778579854448,
M3,49,stress,M3_stress_0049,B,M2,True,R,-329203.05619082926,100,0.7,30,70,-1.0157366453852865,-470289.644956908
M3,49,stress,M3_stress_0049,B,M2,True,L,-1.6008777825419047,100,0.0,100,0,-1.6008777825419047,
M3,49,stress,M3_stress_0049,B,M3,True,R,-8.645502691014856,100,0.56,44,56,-1.194943634790067,-14.499513378048622
M3,49,stress,M3_stress_0049,B,M3,True,L,-1.6070638315252819,100,0.0,100,0,-1.6070638315252819,
