participant,model,choice_only,objective,success,best_start_index,message,log_k_R,log_k_L,log_beta,alpha,delta_L,log_b,log_sigma,fit_run,multistarts_used,config_sha256,processed_data_sha256,data_pipeline_sha256,git_commit,runtime_sha256
2rrjzhgj9,choice_only,True,111.06763589514624,True,2,CONVERGENCE: RELATIVE REDUCTION OF F <= FACTR*EPSMCH,0.40870821853186917,0.06000435438645111,-0.36255901281236186,,,,,A,20,9c6a70fe945cecdf08e25aaec2217259df4d3eb77eb5823cb1610cb322c8d4ae,e2bb506ef9bd17c4b8e062646715087a07621486b7af1360eb8ceed5703b1835,f71efda674188b9ec8628b61a0f2b64271849bb4c5f54ae6d6e3b0c20002333f,71aa972db3202b878f1753acf952ef79da923129,4d7c71ad74e5ded15364fc3a314ed4cf89909d7f524d8b8936312d49302ed545
3lmzwis6r,choice_only,True,102.01183112321428,True,17,CONVERGENCE: RELATIVE REDUCTION OF F <= FACTR*EPSMCH,1.1475844117353087,0.03451501880715065,0.23397751767262182,,,,,A,20,9c6a70fe945cecdf08e25aaec2217259df4d3eb77eb5823cb1610cb322c8d4ae,e2bb506ef9bd17c4b8e062646715087a07621486b7af1360eb8ceed5703b1835,f71efda674188b9ec8628b61a0f2b64271849bb4c5f54ae6d6e3b0c20002333f,71aa972db3202b878f1753acf952ef79da923129,4d7c71ad74e5ded15364fc3a314ed4cf89909d7f524d8b8936312d49302ed545
4f8msviwg,choice_only,True,102.88389688321084,True,17,CONVERGENCE: RELATIVE REDUCTION OF F <= FACTR*EPSMCH,-0.369803943703627,-2.2934478105163327,-0.5849147210463174,,,,,A,20,9c6a70fe945cecdf08e25aaec2217259df4d3eb77eb5823cb1610cb322c8d4ae,e2bb506ef9bd17c4b8e062646715087a07621486b7af1360eb8ceed5703b1835,f71efda674188b9ec8628b61a0f2b64271849bb4c5f54ae6d6e3b0c20002333f,71aa972db3202b878f1753acf952ef79da923129,4d7c71ad74e5ded15364fc3a314ed4cf89909d7f524d8b8936312d49302ed545
52b64k0rp,choice_only,True,137.53090433052427,True,15,CONVERGENCE: RELATIVE REDUCTION OF F <= FACTR*EPSMCH,3.768686219152152,0.9382886674990419,-1.727794258781715,,,,,A,20,9c6a70fe945cecdf08e25aaec2217259df4d3eb77eb5823cb1610cb322c8d4ae,e2bb506ef9bd17c4b8e062646715087a07621486b7af1360eb8ceed5703b1835,f71efda674188b9ec8628b61a0f2b64271849bb4c5f54ae6d6e3b0c20002333f,71aa972db3202b878f1753acf952ef79da923129,4d7c71ad74e5ded15364fc3a314ed4cf89909d7f524d8b8936312d49302ed545
5wlmihb4c,choice_only,True,116.39372861824091,True,15,CONVERGENCE: RELATIVE REDUCTION OF F <= FACTR*EPSMCH,2.072179787632686,-0.3270668490663976,-0.45000826828919144,,,,,A,20,9c6a70fe945cecdf08e25aaec2217259df4d3eb77eb5823cb1610cb322c8d4ae,e2bb506ef9bd17c4b8e062646715087a07621486b7af1360eb8ceed5703b1835,f71efda674188b9ec8628b61a0f2b64271849bb4c5f54ae6d6e3b0c20002333f,71aa972db3202b878f1753acf952ef79da923129,4d7c71ad74e5ded15364fc3a314ed4cf89909d7f524d8b8936312d49302ed545
6owg3par9,choice_only,True,75.55161215315863,True,7,CONVERGENCE: RELATIVE REDUCTION OF F <= FACTR*EPSMCH,0.2351437754513642,-0.05736903029911427,1.2080065298115001,,,,,A,20,9c6a70fe945cecdf08e25aaec2217259df4d3eb77eb5823cb1610cb322c8d4ae,e2bb506ef9bd17c4b8e062646715087a07621486b7af1360eb8ceed5703b1835,f71efda674188b9ec8628b61a0f2b64271849bb4c5f54ae6d6e3b0c20002333f,71aa972db3202b878f1753acf952ef79da923129,4d7c71ad74e5ded15364fc3a314ed4cf89909d7f524d8b8936312d49302ed545
8py7pm5i0,choice_only,True,123.42916463311109,True,10,CONVERGENCE: RELATIVE REDUCTION OF F <= FACTR*EPSMCH,1.189612852254393,1.3621802423628178,-0.5195603032618377,,,,,A,20,9c6a70fe945cecdf08e25aaec2217259df4d3eb77eb5823cb1610cb322c8d4ae,e2bb506ef9bd17c4b8e062646715087a07621486b7af1360eb8ceed5703b1835,f71efda674188b9ec8628b61a0f2b64271849bb4c5f54ae6d6e3b0c20002333f,71aa972db3202b878f1753acf952ef79da923129,4d7c71ad74e5ded15364fc3a314ed4cf89909d7f524d8b8936312d49302ed545
95vrrzevd,choice_only,True,80.3631491083938,True,13,CONVERGENCE: RELATIVE REDUCTION OF F <= FACTR*EPSMCH,1.0222440850558623,-1.646023406772196,0.8756303116880407,,,,,A,20,9c6a70fe945cecdf08e25aaec2217259df4d3eb77eb5823cb1610cb322c8d4ae,e2bb506ef9bd17c4b8e062646715087a07621486b7af1360eb8ceed5703b1835,f71efda674188b9ec8628b61a0f2b64271849bb4c5f54ae6d6e3b0c20002333f,71aa972db3202b878f1753acf952ef79da923129,4d7c71ad74e5ded15364fc3a314ed4cf89909d7f524d8b8936312d49302ed545
bh348lli7,choice_only,True,9.048159974836476,True,18,CONVERGENCE: NORM OF PROJECTED GRADIENT <= PGTOL,2.8542891418491947,-3.5444511263128504,4.60517,,,,,A,20,9c6a70fe945cecdf08e25aaec2217259df4d3eb77eb5823cb1610cb322c8d4ae,e2bb506ef9bd17c4b8e062646715087a07621486b7af1360eb8ceed5703b1835,f71efda674188b9ec8628b61a0f2b64271849bb4c5f54ae6d6e3b0c20002333f,71aa972db3202b878f1753acf952ef79da923129,4d7c71ad74e5ded15364fc3a314ed4cf89909d7f524d8b8936312d49302ed545
c0ry57ax9,choice_only,True,136.03925112615605,True,7,CONVERGENCE: RELATIVE REDUCTION OF F <= FACTR*EPSMCH,2.9779374653330395,0.1804776241805032,-1.8940228215764796,,,,,A,20,9c6a70fe945cecdf08e25aaec2217259df4d3eb77eb5823cb1610cb322c8d4ae,e2bb506ef9bd17c4b8e062646715087a07621486b7af1360eb8ceed5703b1835,f71efda674188b9ec8628b61a0f2b64271849bb4c5f54ae6d6e3b0c20002333f,71aa972db3202b878f1753acf952ef79da923129,4d7c71ad74e5ded15364fc3a314ed4cf89909d7f524d8b8936312d49302ed545
ck5f3lx8c,choice_only,True,89.59282940350893,True,1,CONVERGENCE: NORM OF PROJECTED GRADIENT <= PGTOL,0.9746410960038209,0.031161978378295884,0.7864869881795817,,,,,A,20,9c6a70fe945cecdf08e25aaec2217259df4d3eb77eb5823cb1610cb322c8d4ae,e2bb506ef9bd17c4b8e062646715087a07621486b7af1360eb8ceed5703b1835,f71efda674188b9ec8628b61a0f2b64271849bb4c5f54ae6d6e3b0c20002333f,71aa972db3202b878f1753acf952ef79da923129,4d7c71ad74e5ded15364fc3a314ed4cf89909d7f524d8b8936312d49302ed545
ctdyczfpw,choice_only,True,80.89807098674342,True,5,CONVERGENCE: RELATIVE REDUCTION OF F <= FACTR*EPSMCH,0.44968336916520046,-1.7552086409880008,0.6992505368764196,,,,,A,20,9c6a70fe945cecdf08e25aaec2217259df4d3eb77eb5823cb1610cb322c8d4ae,e2bb506ef9bd17c4b8e062646715087a07621486b7af1360eb8ceed5703b1835,f71efda674188b9ec8628b61a0f2b64271849bb4c5f54ae6d6e3b0c20002333f,71aa972db3202b878f1753acf952ef79da923129,4d7c71ad74e5ded15364fc3a314ed4cf89909d7f524d8b8936312d49302ed545
dasemqdsv,choice_only,True,108.59358122039612,True,18,CONVERGENCE: RELATIVE REDUCTION OF F <= FACTR*EPSMCH,1.791856254540428,-0.5420662510065246,-0.1677176004921707,,,,,A,20,9c6a70fe945cecdf08e25aaec2217259df4d3eb77eb5823cb1610cb322c8d4ae,e2bb506ef9bd17c4b8e062646715087a07621486b7af1360eb8ceed5703b1835,f71efda674188b9ec8628b61a0f2b64271849bb4c5f54ae6d6e3b0c20002333f,71aa972db3202b878f1753acf952ef79da923129,4d7c71ad74e5ded15364fc3a314ed4cf89909d7f524d8b8936312d49302ed545
derouhkrw,choice_only,True,73.6596117392657,True,8,CONVERGENCE: RELATIVE REDUCTION OF F <= FACTR*EPSMCH,0.5808177123532916,-0.07508743387318542,1.2602045517669525,,,,,A,20,9c6a70fe945cecdf08e25aaec2217259df4d3eb77eb5823cb1610cb322c8d4ae,e2bb506ef9bd17c4b8e062646715087a07621486b7af1360eb8ceed5703b1835,f71efda674188b9ec8628b61a0f2b64271849bb4c5f54ae6d6e3b0c20002333f,71aa972db3202b878f1753acf952ef79da923129,4d7c71ad74e5ded15364fc3a314ed4cf89909d7f524d8b8936312d49302ed545
dm8t9csqy,choice_only,True,92.38987766746901,True,17,CONVERGENCE: RELATIVE REDUCTION OF F <= FACTR*EPSMCH,2.235415682058151,-1.0064813684737812,0.42593068284523367,,,,,A,20,9c6a70fe945cecdf08e25aaec2217259df4d3eb77eb5823cb1610cb322c8d4ae,e2bb506ef9bd17c4b8e062646715087a07621486b7af1360eb8ceed5703b1835,f71efda674188b9ec8628b61a0f2b64271849bb4c5f54ae6d6e3b0c20002333f,71aa972db3202b878f1753acf952ef79da923129,4d7c71ad74e5ded15364fc3a314ed4cf89909d7f524d8b8936312d49302ed545
eqi6zanpf,choice_only,True,92.46518507446696,True,1,CONVERGENCE: RELATIVE REDUCTION OF F <= FACTR*EPSMCH,1.5079252453427958,-1.9459165358532855,0.30797987959787093,,,,,A,20,9c6a70fe945cecdf08e25aaec2217259df4d3eb77eb5823cb1610cb322c8d4ae,e2bb506ef9bd17c4b8e062646715087a07621486b7af1360eb8ceed5703b1835,f71efda674188b9ec8628b61a0f2b64271849bb4c5f54ae6d6e3b0c20002333f,71aa972db3202b878f1753acf952ef79da923129,4d7c71ad74e5ded15364fc3a314ed4cf89909d7f524d8b8936312d49302ed545
etxmnk1pg,choice_only,True,111.75834863996654,True,18,CONVERGENCE: RELATIVE REDUCTION OF F <= FACTR*EPSMCH,1.8293576266685014,-1.290517172809822,-0.464791625141606,,,,,A,20,9c6a70fe945cecdf08e25aaec2217259df4d3eb77eb5823cb1610cb322c8d4ae,e2bb506ef9bd17c4b8e062646715087a07621486b7af1360eb8ceed5703b1835,f71efda674188b9ec8628b61a0f2b64271849bb4c5f54ae6d6e3b0c20002333f,71aa972db3202b878f1753acf952ef79da923129,4d7c71ad74e5ded15364fc3a314ed4cf89909d7f524d8b8936312d49302ed545
goz8d3fp9,choice_only,True,90.33993884130972,True,1,CONVERGENCE: NORM OF PROJECTED GRADIENT <= PGTOL,1.8979933371364786,-0.6034425854219644,0.5311753046856974,,,,,A,20,9c6a70fe945cecdf08e25aaec2217259df4d3eb77eb5823cb1610cb322c8d4ae,e2bb506ef9bd17c4b8e062646715087a07621486b7af1360eb8ceed5703b1835,f71efda674188b9ec8628b61a0f2b64271849bb4c5f54ae6d6e3b0c20002333f,71aa972db3202b878f1753acf952ef79da923129,4d7c71ad74e5ded15364fc3a314ed4cf89909d7f524d8b8936312d49302ed545
hrqn8w6vu,choice_only,True,135.2815045414222,True,16,CONVERGENCE: RELATIVE REDUCTION OF F <= FACTR*EPSMCH,1.7880236495601936,1.7618695425785633,-1.199101929490527,,,,,A,20,9c6a70fe945cecdf08e25aaec2217259df4d3eb77eb5823cb1610cb322c8d4ae,e2bb506ef9bd17c4b8e062646715087a07621486b7af1360eb8ceed5703b1835,f71efda674188b9ec8628b61a0f2b64271849bb4c5f54ae6d6e3b0c20002333f,71aa972db3202b878f1753acf952ef79da923129,4d7c71ad74e5ded15364fc3a314ed4cf89909d7f524d8b8936312d49302ed545
ig1j8ozi9,choice_only,True,110.10900933325482,True,8,CONVERGENCE: RELATIVE REDUCTION OF F <= FACTR*EPSMCH,3.749777520895193,1.3648364482933382,-0.09486079143184413,,,,,A,20,9c6a70fe945cecdf08e25aaec2217259df4d3eb77eb5823cb1610cb322c8d4ae,e2bb506ef9bd17c4b8e062646715087a07621486b7af1360eb8ceed5703b1835,f71efda674188b9ec8628b61a0f2b64271849bb4c5f54ae6d6e3b0c20002333f,71aa972db3202b878f1753acf952ef79da923129,4d7c71ad74e5ded15364fc3a314ed4cf89909d7f524d8b8936312d49302ed545
iogaivfgt,choice_only,True,116.43006059701123,True,4,CONVERGENCE: RELATIVE REDUCTION OF F <= FACTR*EPSMCH,0.9888189244711932,0.2735783802951562,-0.4122905589202411,,,,,A,20,9c6a70fe945cecdf08e25aaec2217259df4d3eb77eb5823cb1610cb322c8d4ae,e2bb506ef9bd17c4b8e062646715087a07621486b7af1360eb8ceed5703b1835,f71efda674188b9ec8628b61a0f2b64271849bb4c5f54ae6d6e3b0c20002333f,71aa972db3202b878f1753acf952ef79da923129,4d7c71ad74e5ded15364fc3a314ed4cf89909d7f524d8b8936312d49302ed545
ir0t9ca41,choice_only,True,114.08307171383322,True,14,CONVERGENCE: RELATIVE REDUCTION OF F <= FACTR*EPSMCH,-0.13467009251541356,-0.049818736457425364,-0.6832189500102566,,,,,A,20,9c6a70fe945cecdf08e25aaec2217259df4d3eb77eb5823cb1610cb322c8d4ae,e2bb506ef9bd17c4b8e062646715087a07621486b7af1360eb8ceed5703b1835,f71efda674188b9ec8628b61a0f2b64271849bb4c5f54ae6d6e3b0c20002333f,71aa972db3202b878f1753acf952ef79da923129,4d7c71ad74e5ded15364fc3a314ed4cf89909d7f524d8b8936312d49302ed545
jtf46arcd,choice_only,True,116.90653301379274,True,5,CONVERGENCE: RELATIVE REDUCTION OF F <= FACTR*EPSMCH,1.4395202291308544,-1.8129856965876605,-1.222836994092163,,,,,A,20,9c6a70fe945cecdf08e25aaec2217259df4d3eb77eb5823cb1610cb322c8d4ae,e2bb506ef9bd17c4b8e062646715087a07621486b7af1360eb8ceed5703b1835,f71efda674188b9ec8628b61a0f2b64271849bb4c5f54ae6d6e3b0c20002333f,71aa972db3202b878f1753acf952ef79da923129,4d7c71ad74e5ded15364fc3a314ed4cf89909d7f524d8b8936312d49302ed545
kimjztxjq,choice_only,True,113.5857955468134,True,19,CONVERGENCE: RELATIVE REDUCTION OF F <= FACTR*EPSMCH,1.7293324369711252,0.8611903506319842,-0.21587651937327718,,,,,A,20,9c6a70fe945cecdf08e25aaec2217259df4d3eb77eb5823cb1610cb322c8d4ae,e2bb506ef9bd17c4b8e062646715087a07621486b7af1360eb8ceed5703b1835,f71efda674188b9ec8628b61a0f2b64271849bb4c5f54ae6d6e3b0c20002333f,71aa972db3202b878f1753acf952ef79da923129,4d7c71ad74e5ded15364fc3a314ed4cf89909d7f524d8b8936312d49302ed545
kqi5vqk0e,choice_only,True,102.22301010076703,True,8,CONVERGENCE: RELATIVE REDUCTION OF F <= FACTR*EPSMCH,2.8348630209441503,0.265490762136131,0.16377210690366714,,,,,A,20,9c6a70fe945cecdf08e25aaec2217259df4d3eb77eb5823cb1610cb322c8d4ae,e2bb506ef9bd17c4b8e062646715087a07621486b7af1360eb8ceed5703b1835,f71efda674188b9ec8628b61a0f2b64271849bb4c5f54ae6d6e3b0c20002333f,71aa972db3202b878f1753acf952ef79da923129,4d7c71ad74e5ded15364fc3a314ed4cf89909d7f524d8b8936312d49302ed545
ljm2sl8s0,choice_only,True,89.90349475367513,True,4,CONVERGENCE: RELATIVE REDUCTION OF F <= FACTR*EPSMCH,1.0163651811340333,-0.02051367142537281,0.7798942115496421,,,,,A,20,9c6a70fe945cecdf08e25aaec2217259df4d3eb77eb5823cb1610cb322c8d4ae,e2bb506ef9bd17c4b8e062646715087a07621486b7af1360eb8ceed5703b1835,f71efda674188b9ec8628b61a0f2b64271849bb4c5f54ae6d6e3b0c20002333f,71aa972db3202b878f1753acf952ef79da923129,4d7c71ad74e5ded15364fc3a314ed4cf89909d7f524d8b8936312d49302ed545
mu73zwng6,choice_only,True,120.61893458907502,True,17,CONVERGENCE: RELATIVE REDUCTION OF F <= FACTR*EPSMCH,1.5155769687761302,0.4349049363624262,-0.5218538646230412,,,,,A,20,9c6a70fe945cecdf08e25aaec2217259df4d3eb77eb5823cb1610cb322c8d4ae,e2bb506ef9bd17c4b8e062646715087a07621486b7af1360eb8ceed5703b1835,f71efda674188b9ec8628b61a0f2b64271849bb4c5f54ae6d6e3b0c20002333f,71aa972db3202b878f1753acf952ef79da923129,4d7c71ad74e5ded15364fc3a314ed4cf89909d7f524d8b8936312d49302ed545
n08qsd76x,choice_only,True,117.91028037059654,True,14,CONVERGENCE: RELATIVE REDUCTION OF F <= FACTR*EPSMCH,1.022868092840665,0.7628485600914202,-0.3481408205126926,,,,,A,20,9c6a70fe945cecdf08e25aaec2217259df4d3eb77eb5823cb1610cb322c8d4ae,e2bb506ef9bd17c4b8e062646715087a07621486b7af1360eb8ceed5703b1835,f71efda674188b9ec8628b61a0f2b64271849bb4c5f54ae6d6e3b0c20002333f,71aa972db3202b878f1753acf952ef79da923129,4d7c71ad74e5ded15364fc3a314ed4cf89909d7f524d8b8936312d49302ed545
nvbinkqjq,choice_only,True,110.96679837628606,True,5,CONVERGENCE: RELATIVE REDUCTION OF F <= FACTR*EPSMCH,1.34271379242203,-0.7785400311582649,-0.4585416649372861,,,,,A,20,9c6a70fe945cecdf08e25aaec2217259df4d3eb77eb5823cb1610cb322c8d4ae,e2bb506ef9bd17c4b8e062646715087a07621486b7af1360eb8ceed5703b1835,f71efda674188b9ec8628b61a0f2b64271849bb4c5f54ae6d6e3b0c20002333f,71aa972db3202b878f1753acf952ef79da923129,4d7c71ad74e5ded15364fc3a314ed4cf89909d7f524d8b8936312d49302ed545
o7piq7dwr,choice_only,True,126.96880026570132,True,3,CONVERGENCE: RELATIVE REDUCTION OF F <= FACTR*EPSMCH,3.4035586739564114,-0.10857243226465789,-1.1290163925194763,,,,,A,20,9c6a70fe945cecdf08e25aaec2217259df4d3eb77eb5823cb1610cb322c8d4ae,e2bb506ef9bd17c4b8e062646715087a07621486b7af1360eb8ceed5703b1835,f71efda674188b9ec8628b61a0f2b64271849bb4c5f54ae6d6e3b0c20002333f,71aa972db3202b878f1753acf952ef79da923129,4d7c71ad74e5ded15364fc3a314ed4cf89909d7f524d8b8936312d49302ed545
od96gfdym,choice_only,True,111.43567798040108,True,16,CONVERGENCE: RELATIVE REDUCTION OF F <= FACTR*EPSMCH,2.253601529994409,-0.19503407112277873,-0.1719132667022308,,,,,A,20,9c6a70fe945cecdf08e25aaec2217259df4d3eb77eb5823cb1610cb322c8d4ae,e2bb506ef9bd17c4b8e062646715087a07621486b7af1360eb8ceed5703b1835,f71efda674188b9ec8628b61a0f2b64271849bb4c5f54ae6d6e3b0c20002333f,71aa972db3202b878f1753acf952ef79da923129,4d7c71ad74e5ded15364fc3a314ed4cf89909d7f524d8b8936312d49302ed545
omy06qkfz,choice_only,True,134.72584099982845,True,5,CONVERGENCE: RELATIVE REDUCTION OF F <= FACTR*EPSMCH,3.42288260449723,0.35307202881791616,-1.621845858304718,,,,,A,20,9c6a70fe945cecdf08e25aaec2217259df4d3eb77eb5823cb1610cb322c8d4ae,e2bb506ef9bd17c4b8e062646715087a07621486b7af1360eb8ceed5703b1835,f71efda674188b9ec8628b61a0f2b64271849bb4c5f54ae6d6e3b0c20002333f,71aa972db3202b878f1753acf952ef79da923129,4d7c71ad74e5ded15364fc3a314ed4cf89909d7f524d8b8936312d49302ed545
orxx7nl6z,choice_only,True,127.66291612602777,True,11,CONVERGENCE: RELATIVE REDUCTION OF F <= FACTR*EPSMCH,4.083137226870915,0.022604027294451153,-1.1400816295072271,,,,,A,20,9c6a70fe945cecdf08e25aaec2217259df4d3eb77eb5823cb1610cb322c8d4ae,e2bb506ef9bd17c4b8e062646715087a07621486b7af1360eb8ceed5703b1835,f71efda674188b9ec8628b61a0f2b64271849bb4c5f54ae6d6e3b0c20002333f,71aa972db3202b878f1753acf952ef79da923129,4d7c71ad74e5ded15364fc3a314ed4cf89909d7f524d8b8936312d49302ed545
p5lejwwzi,choice_only,True,126.30353472657609,True,17,CONVERGENCE: RELATIVE REDUCTION OF F <= FACTR*EPSMCH,0.05064195302221641,-1.2980316324497445,-2.152873685610534,,,,,A,20,9c6a70fe945cecdf08e25aaec2217259df4d3eb77eb5823cb1610cb322c8d4ae,e2bb506ef9bd17c4b8e062646715087a07621486b7af1360eb8ceed5703b1835,f71efda674188b9ec8628b61a0f2b64271849bb4c5f54ae6d6e3b0c20002333f,71aa972db3202b878f1753acf952ef79da923129,4d7c71ad74e5ded15364fc3a314ed4cf89909d7f524d8b8936312d49302ed545
qhp782ect,choice_only,True,99.1248361807671,True,19,CONVERGENCE: RELATIVE REDUCTION OF F <= FACTR*EPSMCH,2.0042099576268604,-2.1093482806020405,-0.002750733338129168,,,,,A,20,9c6a70fe945cecdf08e25aaec2217259df4d3eb77eb5823cb1610cb322c8d4ae,e2bb506ef9bd17c4b8e062646715087a07621486b7af1360eb8ceed5703b1835,f71efda674188b9ec8628b61a0f2b64271849bb4c5f54ae6d6e3b0c20002333f,71aa972db3202b878f1753acf952ef79da923129,4d7c71ad74e5ded15364fc3a314ed4cf89909d7f524d8b8936312d49302ed545
rncbe0zlg,choice_only,True,86.29284292405902,True,2,CONVERGENCE: RELATIVE REDUCTION OF F <= FACTR*EPSMCH,-0.1031778656364559,-0.03765301693629407,0.7564226075387993,,,,,A,20,9c6a70fe945cecdf08e25aaec2217259df4d3eb77eb5823cb1610cb322c8d4ae,e2bb506ef9bd17c4b8e062646715087a07621486b7af1360eb8ceed5703b1835,f71efda674188b9ec8628b61a0f2b64271849bb4c5f54ae6d6e3b0c20002333f,71aa972db3202b878f1753acf952ef79da923129,4d7c71ad74e5ded15364fc3a314ed4cf89909d7f524d8b8936312d49302ed545
ru26ufirj,choice_only,True,77.10073126253184,True,0,CONVERGENCE: RELATIVE REDUCTION OF F <= FACTR*EPSMCH,1.8890807903071387,-1.9891081750777777,0.8972486924708227,,,,,A,20,9c6a70fe945cecdf08e25aaec2217259df4d3eb77eb5823cb1610cb322c8d4ae,e2bb506ef9bd17c4b8e062646715087a07621486b7af1360eb8ceed5703b1835,f71efda674188b9ec8628b61a0f2b64271849bb4c5f54ae6d6e3b0c20002333f,71aa972db3202b878f1753acf952ef79da923129,4d7c71ad74e5ded15364fc3a314ed4cf89909d7f524d8b8936312d49302ed545
rv0b4sx2y,choice_only,True,117.11247530028272,True,9,CONVERGENCE: RELATIVE REDUCTION OF F <= FACTR*EPSMCH,-2.6126988982109083,1.642921953583755,-0.9524662757572012,,,,,A,20,9c6a70fe945cecdf08e25aaec2217259df4d3eb77eb5823cb1610cb322c8d4ae,e2bb506ef9bd17c4b8e062646715087a07621486b7af1360eb8ceed5703b1835,f71efda674188b9ec8628b61a0f2b64271849bb4c5f54ae6d6e3b0c20002333f,71aa972db3202b878f1753acf952ef79da923129,4d7c71ad74e5ded15364fc3a314ed4cf89909d7f524d8b8936312d49302ed545
s4xqtibhr,choice_only,True,129.46620321383176,True,17,CONVERGENCE: RELATIVE REDUCTION OF F <= FACTR*EPSMCH,0.476304345964177,0.6296411332847649,-1.769276112238717,,,,,A,20,9c6a70fe945cecdf08e25aaec2217259df4d3eb77eb5823cb1610cb322c8d4ae,e2bb506ef9bd17c4b8e062646715087a07621486b7af1360eb8ceed5703b1835,f71efda674188b9ec8628b61a0f2b64271849bb4c5f54ae6d6e3b0c20002333f,71aa972db3202b878f1753acf952ef79da923129,4d7c71ad74e5ded15364fc3a314ed4cf89909d7f524d8b8936312d49302ed545
t0p3bj6ne,choice_only,True,86.39874309154729,True,11,CONVERGENCE: RELATIVE REDUCTION OF F <= FACTR*EPSMCH,-0.48789117569805523,0.5969103655857064,0.5806972954876801,,,,,A,20,9c6a70fe945cecdf08e25aaec2217259df4d3eb77eb5823cb1610cb322c8d4ae,e2bb506ef9bd17c4b8e062646715087a07621486b7af1360eb8ceed5703b1835,f71efda674188b9ec8628b61a0f2b64271849bb4c5f54ae6d6e3b0c20002333f,71aa972db3202b878f1753acf952ef79da923129,4d7c71ad74e5ded15364fc3a314ed4cf89909d7f524d8b8936312d49302ed545
ta33uq804,choice_only,True,117.59075745271541,True,5,CONVERGENCE: RELATIVE REDUCTION OF F <= FACTR*EPSMCH,2.026898476737682,-0.010111884449384585,-0.42595970332088834,,,,,A,20,9c6a70fe945cecdf08e25aaec2217259df4d3eb77eb5823cb1610cb322c8d4ae,e2bb506ef9bd17c4b8e062646715087a07621486b7af1360eb8ceed5703b1835,f71efda674188b9ec8628b61a0f2b64271849bb4c5f54ae6d6e3b0c20002333f,71aa972db3202b878f1753acf952ef79da923129,4d7c71ad74e5ded15364fc3a314ed4cf89909d7f524d8b8936312d49302ed545
u3yyfob1i,choice_only,True,138.56796548703755,True,3,CONVERGENCE: RELATIVE REDUCTION OF F <= FACTR*EPSMCH,1.8420669543376407,1.736456551432177,-1.74337900707428,,,,,A,20,9c6a70fe945cecdf08e25aaec2217259df4d3eb77eb5823cb1610cb322c8d4ae,e2bb506ef9bd17c4b8e062646715087a07621486b7af1360eb8ceed5703b1835,f71efda674188b9ec8628b61a0f2b64271849bb4c5f54ae6d6e3b0c20002333f,71aa972db3202b878f1753acf952ef79da923129,4d7c71ad74e5ded15364fc3a314ed4cf89909d7f524d8b8936312d49302ed545
uq15yb622,choice_only,True,94.74430574170746,True,14,CONVERGENCE: RELATIVE REDUCTION OF F <= FACTR*EPSMCH,1.0757285478904937,0.6456645223580862,0.5968398502149832,,,,,A,20,9c6a70fe945cecdf08e25aaec2217259df4d3eb77eb5823cb1610cb322c8d4ae,e2bb506ef9bd17c4b8e062646715087a07621486b7af1360eb8ceed5703b1835,f71efda674188b9ec8628b61a0f2b64271849bb4c5f54ae6d6e3b0c20002333f,71aa972db3202b878f1753acf952ef79da923129,4d7c71ad74e5ded15364fc3a314ed4cf89909d7f524d8b8936312d49302ed545
vdnjz8uta,choice_only,True,33.99685230818987,True,15,CONVERGENCE: RELATIVE REDUCTION OF F <= FACTR*EPSMCH,-0.1292667207436254,-0.6680624226244861,2.934967820889509,,,,,A,20,9c6a70fe945cecdf08e25aaec2217259df4d3eb77eb5823cb1610cb322c8d4ae,e2bb506ef9bd17c4b8e062646715087a07621486b7af1360eb8ceed5703b1835,f71efda674188b9ec8628b61a0f2b64271849bb4c5f54ae6d6e3b0c20002333f,71aa972db3202b878f1753acf952ef79da923129,4d7c71ad74e5ded15364fc3a314ed4cf89909d7f524d8b8936312d49302ed545
vr0a0xs4k,choice_only,True,129.08122797562066,True,12,CONVERGENCE: RELATIVE REDUCTION OF F <= FACTR*EPSMCH,3.0358069853371195,1.0693526651158418,-0.9044006545095247,,,,,A,20,9c6a70fe945cecdf08e25aaec2217259df4d3eb77eb5823cb1610cb322c8d4ae,e2bb506ef9bd17c4b8e062646715087a07621486b7af1360eb8ceed5703b1835,f71efda674188b9ec8628b61a0f2b64271849bb4c5f54ae6d6e3b0c20002333f,71aa972db3202b878f1753acf952ef79da923129,4d7c71ad74e5ded15364fc3a314ed4cf89909d7f524d8b8936312d49302ed545
x71tw2ykd,choice_only,True,96.67826736188066,True,14,CONVERGENCE: RELATIVE REDUCTION OF F <= FACTR*EPSMCH,-0.9646149302965981,0.9996992235070465,0.15423943806935111,,,,,A,20,9c6a70fe945cecdf08e25aaec2217259df4d3eb77eb5823cb1610cb322c8d4ae,e2bb506ef9bd17c4b8e062646715087a07621486b7af1360eb8ceed5703b1835,f71efda674188b9ec8628b61a0f2b64271849bb4c5f54ae6d6e3b0c20002333f,71aa972db3202b878f1753acf952ef79da923129,4d7c71ad74e5ded15364fc3a314ed4cf89909d7f524d8b8936312d49302ed545
xh8tt6q04,choice_only,True,106.14695493750625,True,8,CONVERGENCE: RELATIVE REDUCTION OF F <= FACTR*EPSMCH,-1.3488174293769477,-2.295578601403724,-1.0160003159184046,,,,,A,20,9c6a70fe945cecdf08e25aaec2217259df4d3eb77eb5823cb1610cb322c8d4ae,e2bb506ef9bd17c4b8e062646715087a07621486b7af1360eb8ceed5703b1835,f71efda674188b9ec8628b61a0f2b64271849bb4c5f54ae6d6e3b0c20002333f,71aa972db3202b878f1753acf952ef79da923129,4d7c71ad74e5ded15364fc3a314ed4cf89909d7f524d8b8936312d49302ed545
xq3i744zg,choice_only,True,136.8719559072107,True,6,CONVERGENCE: RELATIVE REDUCTION OF F <= FACTR*EPSMCH,1.9205558292472649,1.463148066201234,-1.467935336346508,,,,,A,20,9c6a70fe945cecdf08e25aaec2217259df4d3eb77eb5823cb1610cb322c8d4ae,e2bb506ef9bd17c4b8e062646715087a07621486b7af1360eb8ceed5703b1835,f71efda674188b9ec8628b61a0f2b64271849bb4c5f54ae6d6e3b0c20002333f,71aa972db3202b878f1753acf952ef79da923129,4d7c71ad74e5ded15364fc3a314ed4cf89909d7f524d8b8936312d49302ed545
yj444yij9,choice_only,True,121.69386864052908,True,0,CONVERGENCE: RELATIVE REDUCTION OF F <= FACTR*EPSMCH,2.088670141017024,0.1550138533415849,-0.6040778350190582,,,,,A,20,9c6a70fe945cecdf08e25aaec2217259df4d3eb77eb5823cb1610cb322c8d4ae,e2bb506ef9bd17c4b8e062646715087a07621486b7af1360eb8ceed5703b1835,f71efda674188b9ec8628b61a0f2b64271849bb4c5f54ae6d6e3b0c20002333f,71aa972db3202b878f1753acf952ef79da923129,4d7c71ad74e5ded15364fc3a314ed4cf89909d7f524d8b8936312d49302ed545
2rrjzhgj9,M1,False,349.99193238044813,True,7,CONVERGENCE: RELATIVE REDUCTION OF F <= FACTR*EPSMCH,0.4521103700704899,0.07230123015668545,-0.34869622280703544,0.8504582948703217,0.007790056946150393,-4.7343784975509875,-1.0589105464183062,A,20,9c6a70fe945cecdf08e25aaec2217259df4d3eb77eb5823cb1610cb322c8d4ae,e2bb506ef9bd17c4b8e062646715087a07621486b7af1360eb8ceed5703b1835,f71efda674188b9ec8628b61a0f2b64271849bb4c5f54ae6d6e3b0c20002333f,71aa972db3202b878f1753acf952ef79da923129,4d7c71ad74e5ded15364fc3a314ed4cf89909d7f524d8b8936312d49302ed545
3lmzwis6r,M1,False,444.31016931427894,True,17,CONVERGENCE: RELATIVE REDUCTION OF F <= FACTR*EPSMCH,1.164381982767911,0.05720892873629111,0.2370445544247464,1.019399091609713,0.33246065270314684,-4.389822647369406,-0.8658783414483303,A,20,9c6a70fe945cecdf08e25aaec2217259df4d3eb77eb5823cb1610cb322c8d4ae,e2bb506ef9bd17c4b8e062646715087a07621486b7af1360eb8ceed5703b1835,f71efda674188b9ec8628b61a0f2b64271849bb4c5f54ae6d6e3b0c20002333f,71aa972db3202b878f1753acf952ef79da923129,4d7c71ad74e5ded15364fc3a314ed4cf89909d7f524d8b8936312d49302ed545
4f8msviwg,M1,False,254.26524078009922,True,19,CONVERGENCE: RELATIVE REDUCTION OF F <= FACTR*EPSMCH,-0.333273063060833,-1.3722748644925606,-0.49493765042695614,0.5541355821838654,0.1921540163795153,-6.620128545846345,-1.3268918497447308,A,20,9c6a70fe945cecdf08e25aaec2217259df4d3eb77eb5823cb1610cb322c8d4ae,e2bb506ef9bd17c4b8e062646715087a07621486b7af1360eb8ceed5703b1835,f71efda674188b9ec8628b61a0f2b64271849bb4c5f54ae6d6e3b0c20002333f,71aa972db3202b878f1753acf952ef79da923129,4d7c71ad74e5ded15364fc3a314ed4cf89909d7f524d8b8936312d49302ed545
52b64k0rp,M1,False,393.7965003473647,True,4,CONVERGENCE: RELATIVE REDUCTION OF F <= FACTR*EPSMCH,2.3025850894122595,2.302585091956681,-2.6354864553871393,0.7052505383744884,0.0017488254506881939,-2.633621766155249,-0.7949961148033567,A,20,9c6a70fe945cecdf08e25aaec2217259df4d3eb77eb5823cb1610cb322c8d4ae,e2bb506ef9bd17c4b8e062646715087a07621486b7af1360eb8ceed5703b1835,f71efda674188b9ec8628b61a0f2b64271849bb4c5f54ae6d6e3b0c20002333f,71aa972db3202b878f1753acf952ef79da923129,4d7c71ad74e5ded15364fc3a314ed4cf89909d7f524d8b8936312d49302ed545
5wlmihb4c,M1,False,298.1115457089938,True,0,CONVERGENCE: RELATIVE REDUCTION OF F <= FACTR*EPSMCH,2.0521217007409005,-0.2339256203762255,-0.4260509829256397,0.8056480230729212,-0.1207890649731444,-5.178916283799567,-1.2518622522656835,A,20,9c6a70fe945cecdf08e25aaec2217259df4d3eb77eb5823cb1610cb322c8d4ae,e2bb506ef9bd17c4b8e062646715087a07621486b7af1360eb8ceed5703b1835,f71efda674188b9ec8628b61a0f2b64271849bb4c5f54ae6d6e3b0c20002333f,71aa972db3202b878f1753acf952ef79da923129,4d7c71ad74e5ded15364fc3a314ed4cf89909d7f524d8b8936312d49302ed545
6owg3par9,M1,False,334.7777895455758,True,6,CONVERGENCE: RELATIVE REDUCTION OF F <= FACTR*EPSMCH,0.22563538558842414,-0.052260120564213745,1.212153108478453,0.6818394041668809,0.24402314281381882,-4.9992928300956585,-0.9027158597323208,A,20,9c6a70fe945cecdf08e25aaec2217259df4d3eb77eb5823cb1610cb322c8d4ae,e2bb506ef9bd17c4b8e062646715087a07621486b7af1360eb8ceed5703b1835,f71efda674188b9ec8628b61a0f2b64271849bb4c5f54ae6d6e3b0c20002333f,71aa972db3202b878f1753acf952ef79da923129,4d7c71ad74e5ded15364fc3a314ed4cf89909d7f524d8b8936312d49302ed545
8py7pm5i0,M1,False,325.0722728855993,True,16,CONVERGENCE: RELATIVE REDUCTION OF F <= FACTR*EPSMCH,1.2400661071266124,1.3461628192795139,-0.5157809036572176,0.34607216829825094,0.237579419040841,-4.50297060283049,-0.8678393566146735,A,20,9c6a70fe945cecdf08e25aaec2217259df4d3eb77eb5823cb1610cb322c8d4ae,e2bb506ef9bd17c4b8e062646715087a07621486b7af1360eb8ceed5703b1835,f71efda674188b9ec8628b61a0f2b64271849bb4c5f54ae6d6e3b0c20002333f,71aa972db3202b878f1753acf952ef79da923129,4d7c71ad74e5ded15364fc3a314ed4cf89909d7f524d8b8936312d49302ed545
95vrrzevd,M1,False,262.7603619462997,True,0,CONVERGENCE: RELATIVE REDUCTION OF F <= FACTR*EPSMCH,1.011126523687007,-0.9763627005394373,0.8781098961260376,0.7750666930484075,-0.09799991717707048,-5.104395331460236,-1.2231762256950514,A,20,9c6a70fe945cecdf08e25aaec2217259df4d3eb77eb5823cb1610cb322c8d4ae,e2bb506ef9bd17c4b8e062646715087a07621486b7af1360eb8ceed5703b1835,f71efda674188b9ec8628b61a0f2b64271849bb4c5f54ae6d6e3b0c20002333f,71aa972db3202b878f1753acf952ef79da923129,4d7c71ad74e5ded15364fc3a314ed4cf89909d7f524d8b8936312d49302ed545
bh348lli7,M1,False,-23.95934415632722,True,1,CONVERGENCE: RELATIVE REDUCTION OF F <= FACTR*EPSMCH,2.8525401998913558,-3.2799661526087363,4.60517,-0.6240918522404056,-0.19059484862112794,-6.9491900472500525,-0.8834249326325534,A,20,9c6a70fe945cecdf08e25aaec2217259df4d3eb77eb5823cb1610cb322c8d4ae,e2bb506ef9bd17c4b8e062646715087a07621486b7af1360eb8ceed5703b1835,f71efda674188b9ec8628b61a0f2b64271849bb4c5f54ae6d6e3b0c20002333f,71aa972db3202b878f1753acf952ef79da923129,4d7c71ad74e5ded15364fc3a314ed4cf89909d7f524d8b8936312d49302ed545
c0ry57ax9,M1,False,320.53987411259067,True,12,CONVERGENCE: RELATIVE REDUCTION OF F <= FACTR*EPSMCH,2.8967246947453695,-0.4253849543640987,-2.2211685427686665,0.36582785007968477,0.19210335169082873,-4.404993127073829,-0.9331638366040054,A,20,9c6a70fe945cecdf08e25aaec2217259df4d3eb77eb5823cb1610cb322c8d4ae,e2bb506ef9bd17c4b8e062646715087a07621486b7af1360eb8ceed5703b1835,f71efda674188b9ec8628b61a0f2b64271849bb4c5f54ae6d6e3b0c20002333f,71aa972db3202b878f1753acf952ef79da923129,4d7c71ad74e5ded15364fc3a314ed4cf89909d7f524d8b8936312d49302ed545
ck5f3lx8c,M1,False,339.8453099523735,True,14,CONVERGENCE: RELATIVE REDUCTION OF F <= FACTR*EPSMCH,0.9837292590581878,0.04634662582371633,0.7904292376798765,0.7983349412759522,0.268362334481587,-4.979941325163674,-1.0870056117167304,A,20,9c6a70fe945cecdf08e25aaec2217259df4d3eb77eb5823cb1610cb322c8d4ae,e2bb506ef9bd17c4b8e062646715087a07621486b7af1360eb8ceed5703b1835,f71efda674188b9ec8628b61a0f2b64271849bb4c5f54ae6d6e3b0c20002333f,71aa972db3202b878f1753acf952ef79da923129,4d7c71ad74e5ded15364fc3a314ed4cf89909d7f524d8b8936312d49302ed545
ctdyczfpw,M1,False,300.59695450576515,True,8,CONVERGENCE: RELATIVE REDUCTION OF F <= FACTR*EPSMCH,0.33739879275887086,-1.560898863719939,0.6863325366576906,0.8116715528530465,-0.08677616683118088,-4.977496349488974,-1.0642786484066316,A,20,9c6a70fe945cecdf08e25aaec2217259df4d3eb77eb5823cb1610cb322c8d4ae,e2bb506ef9bd17c4b8e062646715087a07621486b7af1360eb8ceed5703b1835,f71efda674188b9ec8628b61a0f2b64271849bb4c5f54ae6d6e3b0c20002333f,71aa972db3202b878f1753acf952ef79da923129,4d7c71ad74e5ded15364fc3a314ed4cf89909d7f524d8b8936312d49302ed545
dasemqdsv,M1,False,323.7767464188172,True,15,CONVERGENCE: RELATIVE REDUCTION OF F <= FACTR*EPSMCH,1.7965055598565844,-0.46508441177934723,-0.14782561171651645,0.6495711099722514,0.03872472380120419,-5.2074643124087014,-1.0068874824294167,A,20,9c6a70fe945cecdf08e25aaec2217259df4d3eb77eb5823cb1610cb322c8d4ae,e2bb506ef9bd17c4b8e062646715087a07621486b7af1360eb8ceed5703b1835,f71efda674188b9ec8628b61a0f2b64271849bb4c5f54ae6d6e3b0c20002333f,71aa972db3202b878f1753acf952ef79da923129,4d7c71ad74e5ded15364fc3a314ed4cf89909d7f524d8b8936312d49302ed545
derouhkrw,M1,False,374.53527935292055,True,4,CONVERGENCE: RELATIVE REDUCTION OF F <= FACTR*EPSMCH,0.570891140582323,-0.06617423794472345,1.2630968448344502,0.8439315468144263,0.31525421131054665,-4.282676027178478,-0.882356912287125,A,20,9c6a70fe945cecdf08e25aaec2217259df4d3eb77eb5823cb1610cb322c8d4ae,e2bb506ef9bd17c4b8e062646715087a07621486b7af1360eb8ceed5703b1835,f71efda674188b9ec8628b61a0f2b64271849bb4c5f54ae6d6e3b0c20002333f,71aa972db3202b878f1753acf952ef79da923129,4d7c71ad74e5ded15364fc3a314ed4cf89909d7f524d8b8936312d49302ed545
dm8t9csqy,M1,False,365.25943190373005,True,14,CONVERGENCE: RELATIVE REDUCTION OF F <= FACTR*EPSMCH,2.235100302707544,-0.8668004373193915,0.44481931058651397,0.8704585934790375,0.19855761944616399,-5.874025373728569,-1.0218206498903013,A,20,9c6a70fe945cecdf08e25aaec2217259df4d3eb77eb5823cb1610cb322c8d4ae,e2bb506ef9bd17c4b8e062646715087a07621486b7af1360eb8ceed5703b1835,f71efda674188b9ec8628b61a0f2b64271849bb4c5f54ae6d6e3b0c20002333f,71aa972db3202b878f1753acf952ef79da923129,4d7c71ad74e5ded15364fc3a314ed4cf89909d7f524d8b8936312d49302ed545
eqi6zanpf,M1,False,406.0228415730757,True,2,CONVERGENCE: RELATIVE REDUCTION OF F <= FACTR*EPSMCH,1.4960471047661754,-1.8099453854965752,0.30967323000848546,1.1978373786353527,0.030259885079674316,-5.524291808215487,-1.056722796704711,A,20,9c6a70fe945cecdf08e25aaec2217259df4d3eb77eb5823cb1610cb322c8d4ae,e2bb506ef9bd17c4b8e062646715087a07621486b7af1360eb8ceed5703b1835,f71efda674188b9ec8628b61a0f2b64271849bb4c5f54ae6d6e3b0c20002333f,71aa972db3202b878f1753acf952ef79da923129,4d7c71ad74e5ded15364fc3a314ed4cf89909d7f524d8b8936312d49302ed545
etxmnk1pg,M1,False,417.06226197766057,True,0,CONVERGENCE: RELATIVE REDUCTION OF F <= FACTR*EPSMCH,1.8333617569610123,-1.0571876996015137,-0.42902247381416,0.7691844699539829,0.2480400131629934,-5.938881242686244,-0.7913348261208002,A,20,9c6a70fe945cecdf08e25aaec2217259df4d3eb77eb5823cb1610cb322c8d4ae,e2bb506ef9bd17c4b8e062646715087a07621486b7af1360eb8ceed5703b1835,f71efda674188b9ec8628b61a0f2b64271849bb4c5f54ae6d6e3b0c20002333f,71aa972db3202b878f1753acf952ef79da923129,4d7c71ad74e5ded15364fc3a314ed4cf89909d7f524d8b8936312d49302ed545
goz8d3fp9,M1,False,434.98255935080834,True,13,CONVERGENCE: RELATIVE REDUCTION OF F <= FACTR*EPSMCH,1.9112038605602408,-0.5163467032798267,0.5521610284040037,0.964760505230326,0.14422854954935704,-5.3199238742470305,-0.7307155080809146,A,20,9c6a70fe945cecdf08e25aaec2217259df4d3eb77eb5823cb1610cb322c8d4ae,e2bb506ef9bd17c4b8e062646715087a07621486b7af1360eb8ceed5703b1835,f71efda674188b9ec8628b61a0f2b64271849bb4c5f54ae6d6e3b0c20002333f,71aa972db3202b878f1753acf952ef79da923129,4d7c71ad74e5ded15364fc3a314ed4cf89909d7f524d8b8936312d49302ed545
hrqn8w6vu,M1,False,433.58033478147786,True,2,CONVERGENCE: RELATIVE REDUCTION OF F <= FACTR*EPSMCH,1.8159281678401293,1.781323872551721,-1.1930165709711995,0.6986151799604309,0.307435570827371,-4.582677819112497,-0.774754712287668,A,20,9c6a70fe945cecdf08e25aaec2217259df4d3eb77eb5823cb1610cb322c8d4ae,e2bb506ef9bd17c4b8e062646715087a07621486b7af1360eb8ceed5703b1835,f71efda674188b9ec8628b61a0f2b64271849bb4c5f54ae6d6e3b0c20002333f,71aa972db3202b878f1753acf952ef79da923129,4d7c71ad74e5ded15364fc3a314ed4cf89909d7f524d8b8936312d49302ed545
ig1j8ozi9,M1,False,381.9887520169208,True,12,CONVERGENCE: RELATIVE REDUCTION OF F <= FACTR*EPSMCH,3.7056743480077063,1.2913437623059907,-0.09648934690145407,0.7921542529837139,0.3111731105430464,-3.6166336594673187,-0.9740814315437833,A,20,9c6a70fe945cecdf08e25aaec2217259df4d3eb77eb5823cb1610cb322c8d4ae,e2bb506ef9bd17c4b8e062646715087a07621486b7af1360eb8ceed5703b1835,f71efda674188b9ec8628b61a0f2b64271849bb4c5f54ae6d6e3b0c20002333f,71aa972db3202b878f1753acf952ef79da923129,4d7c71ad74e5ded15364fc3a314ed4cf89909d7f524d8b8936312d49302ed545
iogaivfgt,M1,False,456.0604391681221,True,7,CONVERGENCE: RELATIVE REDUCTION OF F <= FACTR*EPSMCH,0.9865836316526462,0.3440473944030492,-0.3961200915064815,1.1702330659142788,0.10200637977643459,-5.225995952264226,-0.9422746003243809,A,20,9c6a70fe945cecdf08e25aaec2217259df4d3eb77eb5823cb1610cb322c8d4ae,e2bb506ef9bd17c4b8e062646715087a07621486b7af1360eb8ceed5703b1835,f71efda674188b9ec8628b61a0f2b64271849bb4c5f54ae6d6e3b0c20002333f,71aa972db3202b878f1753acf952ef79da923129,4d7c71ad74e5ded15364fc3a314ed4cf89909d7f524d8b8936312d49302ed545
ir0t9ca41,M1,False,350.47410551499945,True,18,CONVERGENCE: RELATIVE REDUCTION OF F <= FACTR*EPSMCH,-0.029378216469488398,-0.05033356264503626,-0.6547224780066918,0.4210784550214605,0.3170507152102979,-4.390835832588042,-0.7880670305451798,A,20,9c6a70fe945cecdf08e25aaec2217259df4d3eb77eb5823cb1610cb322c8d4ae,e2bb506ef9bd17c4b8e062646715087a07621486b7af1360eb8ceed5703b1835,f71efda674188b9ec8628b61a0f2b64271849bb4c5f54ae6d6e3b0c20002333f,71aa972db3202b878f1753acf952ef79da923129,4d7c71ad74e5ded15364fc3a314ed4cf89909d7f524d8b8936312d49302ed545
jtf46arcd,M1,False,455.57587730670105,True,14,CONVERGENCE: RELATIVE REDUCTION OF F <= FACTR*EPSMCH,1.3605415636977973,-1.8098239539903307,-1.240550327701963,1.2321705374032303,-0.1286177013735122,-5.377703617182712,-0.8143284812751033,A,20,9c6a70fe945cecdf08e25aaec2217259df4d3eb77eb5823cb1610cb322c8d4ae,e2bb506ef9bd17c4b8e062646715087a07621486b7af1360eb8ceed5703b1835,f71efda674188b9ec8628b61a0f2b64271849bb4c5f54ae6d6e3b0c20002333f,71aa972db3202b878f1753acf952ef79da923129,4d7c71ad74e5ded15364fc3a314ed4cf89909d7f524d8b8936312d49302ed545
kimjztxjq,M1,False,483.1863915192107,True,7,CONVERGENCE: RELATIVE REDUCTION OF F <= FACTR*EPSMCH,1.7928252526734885,0.8755215365594013,-0.20605812879797403,1.211282169270167,0.3621848265930009,-3.8869470324786324,-0.8733312824724905,A,20,9c6a70fe945cecdf08e25aaec2217259df4d3eb77eb5823cb1610cb322c8d4ae,e2bb506ef9bd17c4b8e062646715087a07621486b7af1360eb8ceed5703b1835,f71efda674188b9ec8628b61a0f2b64271849bb4c5f54ae6d6e3b0c20002333f,71aa972db3202b878f1753acf952ef79da923129,4d7c71ad74e5ded15364fc3a314ed4cf89909d7f524d8b8936312d49302ed545
kqi5vqk0e,M1,False,334.45318999626056,True,11,CONVERGENCE: RELATIVE REDUCTION OF F <= FACTR*EPSMCH,2.8116239492459316,0.29275640543223874,0.1722197630895999,-0.11968119225116494,0.981377965254549,-4.552072697227182,-0.6197514477896037,A,20,9c6a70fe945cecdf08e25aaec2217259df4d3eb77eb5823cb1610cb322c8d4ae,e2bb506ef9bd17c4b8e062646715087a07621486b7af1360eb8ceed5703b1835,f71efda674188b9ec8628b61a0f2b64271849bb4c5f54ae6d6e3b0c20002333f,71aa972db3202b878f1753acf952ef79da923129,4d7c71ad74e5ded15364fc3a314ed4cf89909d7f524d8b8936312d49302ed545
ljm2sl8s0,M1,False,355.8580793147178,True,7,CONVERGENCE: RELATIVE REDUCTION OF F <= FACTR*EPSMCH,1.0353298757221134,-0.020676517065586146,0.7839689603417132,0.9860331097484217,0.06216183398262297,-4.367280099205335,-1.0857150015035966,A,20,9c6a70fe945cecdf08e25aaec2217259df4d3eb77eb5823cb1610cb322c8d4ae,e2bb506ef9bd17c4b8e062646715087a07621486b7af1360eb8ceed5703b1835,f71efda674188b9ec8628b61a0f2b64271849bb4c5f54ae6d6e3b0c20002333f,71aa972db3202b878f1753acf952ef79da923129,4d7c71ad74e5ded15364fc3a314ed4cf89909d7f524d8b8936312d49302ed545
mu73zwng6,M1,False,392.5445623890423,True,13,CONVERGENCE: RELATIVE REDUCTION OF F <= FACTR*EPSMCH,1.6056318285047968,0.43639161976163476,-0.5123437000616995,0.7230812712410015,0.14628024632743705,-4.0478894438266195,-0.8328439703009963,A,20,9c6a70fe945cecdf08e25aaec2217259df4d3eb77eb5823cb1610cb322c8d4ae,e2bb506ef9bd17c4b8e062646715087a07621486b7af1360eb8ceed5703b1835,f71efda674188b9ec8628b61a0f2b64271849bb4c5f54ae6d6e3b0c20002333f,71aa972db3202b878f1753acf952ef79da923129,4d7c71ad74e5ded15364fc3a314ed4cf89909d7f524d8b8936312d49302ed545
n08qsd76x,M1,False,433.8075870590457,True,9,CONVERGENCE: RELATIVE REDUCTION OF F <= FACTR*EPSMCH,1.0309257882402327,0.7565964047315666,-0.3485543397250206,0.8850323877783284,0.3388301343920936,-4.67153984156938,-0.8867038562691124,A,20,9c6a70fe945cecdf08e25aaec2217259df4d3eb77eb5823cb1610cb322c8d4ae,e2bb506ef9bd17c4b8e062646715087a07621486b7af1360eb8ceed5703b1835,f71efda674188b9ec8628b61a0f2b64271849bb4c5f54ae6d6e3b0c20002333f,71aa972db3202b878f1753acf952ef79da923129,4d7c71ad74e5ded15364fc3a314ed4cf89909d7f524d8b8936312d49302ed545
nvbinkqjq,M1,False,438.05849305558087,True,6,CONVERGENCE: RELATIVE REDUCTION OF F <= FACTR*EPSMCH,1.3646804502039085,-0.578464659668974,-0.40779368465240307,1.096750538471944,0.18056126805375713,-4.6265654896773105,-0.9261133987673466,A,20,9c6a70fe945cecdf08e25aaec2217259df4d3eb77eb5823cb1610cb322c8d4ae,e2bb506ef9bd17c4b8e062646715087a07621486b7af1360eb8ceed5703b1835,f71efda674188b9ec8628b61a0f2b64271849bb4c5f54ae6d6e3b0c20002333f,71aa972db3202b878f1753acf952ef79da923129,4d7c71ad74e5ded15364fc3a314ed4cf89909d7f524d8b8936312d49302ed545
o7piq7dwr,M1,False,257.1584163075533,True,4,CONVERGENCE: RELATIVE REDUCTION OF F <= FACTR*EPSMCH,3.4537123128767457,-0.11629383106222607,-1.1332796284888613,0.3359785163655984,0.18215568473605304,-4.895723798712299,-1.185087392193487,A,20,9c6a70fe945cecdf08e25aaec2217259df4d3eb77eb5823cb1610cb322c8d4ae,e2bb506ef9bd17c4b8e062646715087a07621486b7af1360eb8ceed5703b1835,f71efda674188b9ec8628b61a0f2b64271849bb4c5f54ae6d6e3b0c20002333f,71aa972db3202b878f1753acf952ef79da923129,4d7c71ad74e5ded15364fc3a314ed4cf89909d7f524d8b8936312d49302ed545
od96gfdym,M1,False,380.73808269167955,True,5,CONVERGENCE: RELATIVE REDUCTION OF F <= FACTR*EPSMCH,2.259208562340344,-0.19973090305412222,-0.17382851863104598,0.6118830531231932,0.17766107552495775,-3.8447253643899155,-0.7330208217641657,A,20,9c6a70fe945cecdf08e25aaec2217259df4d3eb77eb5823cb1610cb322c8d4ae,e2bb506ef9bd17c4b8e062646715087a07621486b7af1360eb8ceed5703b1835,f71efda674188b9ec8628b61a0f2b64271849bb4c5f54ae6d6e3b0c20002333f,71aa972db3202b878f1753acf952ef79da923129,4d7c71ad74e5ded15364fc3a314ed4cf89909d7f524d8b8936312d49302ed545
omy06qkfz,M1,False,408.39633570016036,True,17,CONVERGENCE: RELATIVE REDUCTION OF F <= FACTR*EPSMCH,3.4151019761502623,0.4068225670985687,-1.6008381745463296,0.49665192167358696,0.4512875820936433,-4.885850751772276,-0.7671150601975554,A,20,9c6a70fe945cecdf08e25aaec2217259df4d3eb77eb5823cb1610cb322c8d4ae,e2bb506ef9bd17c4b8e062646715087a07621486b7af1360eb8ceed5703b1835,f71efda674188b9ec8628b61a0f2b64271849bb4c5f54ae6d6e3b0c20002333f,71aa972db3202b878f1753acf952ef79da923129,4d7c71ad74e5ded15364fc3a314ed4cf89909d7f524d8b8936312d49302ed545
orxx7nl6z,M1,False,309.88617019806816,True,4,CONVERGENCE: RELATIVE REDUCTION OF F <= FACTR*EPSMCH,4.089901019579955,0.12213989751940034,-1.1124816052412958,-0.2359446683193691,0.013231925705181271,-4.988554424072053,-0.2747956073205935,A,20,9c6a70fe945cecdf08e25aaec2217259df4d3eb77eb5823cb1610cb322c8d4ae,e2bb506ef9bd17c4b8e062646715087a07621486b7af1360eb8ceed5703b1835,f71efda674188b9ec8628b61a0f2b64271849bb4c5f54ae6d6e3b0c20002333f,71aa972db3202b878f1753acf952ef79da923129,4d7c71ad74e5ded15364fc3a314ed4cf89909d7f524d8b8936312d49302ed545
p5lejwwzi,M1,False,431.9478548524765,True,19,CONVERGENCE: RELATIVE REDUCTION OF F <= FACTR*EPSMCH,-0.5231985471702968,-1.3028669592907083,-2.3352112027089236,0.6944505008232698,0.04664177217746643,-4.7873816005607885,-0.5351414398515211,A,20,9c6a70fe945cecdf08e25aaec2217259df4d3eb77eb5823cb1610cb322c8d4ae,e2bb506ef9bd17c4b8e062646715087a07621486b7af1360eb8ceed5703b1835,f71efda674188b9ec8628b61a0f2b64271849bb4c5f54ae6d6e3b0c20002333f,71aa972db3202b878f1753acf952ef79da923129,4d7c71ad74e5ded15364fc3a314ed4cf89909d7f524d8b8936312d49302ed545
qhp782ect,M1,False,379.4982654959464,True,3,CONVERGENCE: RELATIVE REDUCTION OF F <= FACTR*EPSMCH,2.0069701377214657,-1.8360621863431648,0.006766643466208157,0.871363073239228,0.0627512075546027,-6.353618000815235,-0.8931074118292295,A,20,9c6a70fe945cecdf08e25aaec2217259df4d3eb77eb5823cb1610cb322c8d4ae,e2bb506ef9bd17c4b8e062646715087a07621486b7af1360eb8ceed5703b1835,f71efda674188b9ec8628b61a0f2b64271849bb4c5f54ae6d6e3b0c20002333f,71aa972db3202b878f1753acf952ef79da923129,4d7c71ad74e5ded15364fc3a314ed4cf89909d7f524d8b8936312d49302ed545
rncbe0zlg,M1,False,308.2262957306844,True,6,CONVERGENCE: RELATIVE REDUCTION OF F <= FACTR*EPSMCH,-0.0551910665773594,-0.050626710955932346,0.7669501351111001,0.7756071874888553,0.2360709483813845,-4.968073113197819,-1.1908831719907422,A,20,9c6a70fe945cecdf08e25aaec2217259df4d3eb77eb5823cb1610cb322c8d4ae,e2bb506ef9bd17c4b8e062646715087a07621486b7af1360eb8ceed5703b1835,f71efda674188b9ec8628b61a0f2b64271849bb4c5f54ae6d6e3b0c20002333f,71aa972db3202b878f1753acf952ef79da923129,4d7c71ad74e5ded15364fc3a314ed4cf89909d7f524d8b8936312d49302ed545
ru26ufirj,M1,False,433.0029953331656,True,2,CONVERGENCE: RELATIVE REDUCTION OF F <= FACTR*EPSMCH,1.8866708626866064,-1.920071308200465,0.8920488137035647,0.5896859345627856,0.5435608808179214,-5.406159378119731,-0.45009054232117085,A,20,9c6a70fe945cecdf08e25aaec2217259df4d3eb77eb5823cb1610cb322c8d4ae,e2bb506ef9bd17c4b8e062646715087a07621486b7af1360eb8ceed5703b1835,f71efda674188b9ec8628b61a0f2b64271849bb4c5f54ae6d6e3b0c20002333f,71aa972db3202b878f1753acf952ef79da923129,4d7c71ad74e5ded15364fc3a314ed4cf89909d7f524d8b8936312d49302ed545
rv0b4sx2y,M1,False,315.5687532961781,True,4,CONVERGENCE: RELATIVE REDUCTION OF F <= FACTR*EPSMCH,-2.1429798723347067,1.6329794994587237,-0.9214070406101452,0.34260522699904283,0.14227252402280627,-5.5962167518830075,-0.8326153989809882,A,20,9c6a70fe945cecdf08e25aaec2217259df4d3eb77eb5823cb1610cb322c8d4ae,e2bb506ef9bd17c4b8e062646715087a07621486b7af1360eb8ceed5703b1835,f71efda674188b9ec8628b61a0f2b64271849bb4c5f54ae6d6e3b0c20002333f,71aa972db3202b878f1753acf952ef79da923129,4d7c71ad74e5ded15364fc3a314ed4cf89909d7f524d8b8936312d49302ed545
s4xqtibhr,M1,False,571.4426886217819,True,0,CONVERGENCE: RELATIVE REDUCTION OF F <= FACTR*EPSMCH,0.9545017816014014,0.7739601283470489,-1.5567112934188627,0.42728943974512723,0.3422816702532289,-3.6008015372853848,0.2903160368167066,A,20,9c6a70fe945cecdf08e25aaec2217259df4d3eb77eb5823cb1610cb322c8d4ae,e2bb506ef9bd17c4b8e062646715087a07621486b7af1360eb8ceed5703b1835,f71efda674188b9ec8628b61a0f2b64271849bb4c5f54ae6d6e3b0c20002333f,71aa972db3202b878f1753acf952ef79da923129,4d7c71ad74e5ded15364fc3a314ed4cf89909d7f524d8b8936312d49302ed545
t0p3bj6ne,M1,False,406.892083705451,True,4,CONVERGENCE: RELATIVE REDUCTION OF F <= FACTR*EPSMCH,-0.41579626159958627,0.5369180028179575,0.5899904267999938,0.8582754747161047,0.3161442680548473,-4.022562196573852,-0.7705180160670694,A,20,9c6a70fe945cecdf08e25aaec2217259df4d3eb77eb5823cb1610cb322c8d4ae,e2bb506ef9bd17c4b8e062646715087a07621486b7af1360eb8ceed5703b1835,f71efda674188b9ec8628b61a0f2b64271849bb4c5f54ae6d6e3b0c20002333f,71aa972db3202b878f1753acf952ef79da923129,4d7c71ad74e5ded15364fc3a314ed4cf89909d7f524d8b8936312d49302ed545
ta33uq804,M1,False,387.31673434638253,True,1,CONVERGENCE: RELATIVE REDUCTION OF F <= FACTR*EPSMCH,2.0238648909315526,0.09332631111115883,-0.40420513939908953,0.9485198597955566,0.18691935039932045,-5.013807655652439,-1.1082842587183261,A,20,9c6a70fe945cecdf08e25aaec2217259df4d3eb77eb5823cb1610cb322c8d4ae,e2bb506ef9bd17c4b8e062646715087a07621486b7af1360eb8ceed5703b1835,f71efda674188b9ec8628b61a0f2b64271849bb4c5f54ae6d6e3b0c20002333f,71aa972db3202b878f1753acf952ef79da923129,4d7c71ad74e5ded15364fc3a314ed4cf89909d7f524d8b8936312d49302ed545
u3yyfob1i,M1,False,371.9254826364665,True,9,CONVERGENCE: RELATIVE REDUCTION OF F <= FACTR*EPSMCH,0.3828646801134611,1.9196417537196333,-3.4821182700790247,0.7339782166780582,-0.19405542690079775,-3.4884967869716497,-0.8584106934490545,A,20,9c6a70fe945cecdf08e25aaec2217259df4d3eb77eb5823cb1610cb322c8d4ae,e2bb506ef9bd17c4b8e062646715087a07621486b7af1360eb8ceed5703b1835,f71efda674188b9ec8628b61a0f2b64271849bb4c5f54ae6d6e3b0c20002333f,71aa972db3202b878f1753acf952ef79da923129,4d7c71ad74e5ded15364fc3a314ed4cf89909d7f524d8b8936312d49302ed545
uq15yb622,M1,False,420.05498507677146,True,11,CONVERGENCE: RELATIVE REDUCTION OF F <= FACTR*EPSMCH,1.0899531249627086,0.6785786866842958,0.6032822366122742,1.1499090085740489,0.25366367658912925,-4.0674090616685445,-1.03989143273294,A,20,9c6a70fe945cecdf08e25aaec2217259df4d3eb77eb5823cb1610cb322c8d4ae,e2bb506ef9bd17c4b8e062646715087a07621486b7af1360eb8ceed5703b1835,f71efda674188b9ec8628b61a0f2b64271849bb4c5f54ae6d6e3b0c20002333f,71aa972db3202b878f1753acf952ef79da923129,4d7c71ad74e5ded15364fc3a314ed4cf89909d7f524d8b8936312d49302ed545
vdnjz8uta,M1,False,256.98780243384863,True,18,CONVERGENCE: RELATIVE REDUCTION OF F <= FACTR*EPSMCH,-0.1195165955438167,-0.7643348116410548,2.9428441028923253,0.7535436255476848,0.13659052878291358,-5.034374140494716,-1.1086552103049616,A,20,9c6a70fe945cecdf08e25aaec2217259df4d3eb77eb5823cb1610cb322c8d4ae,e2bb506ef9bd17c4b8e062646715087a07621486b7af1360eb8ceed5703b1835,f71efda674188b9ec8628b61a0f2b64271849bb4c5f54ae6d6e3b0c20002333f,71aa972db3202b878f1753acf952ef79da923129,4d7c71ad74e5ded15364fc3a314ed4cf89909d7f524d8b8936312d49302ed545
vr0a0xs4k,M1,False,278.22826046024727,True,16,CONVERGENCE: RELATIVE REDUCTION OF F <= FACTR*EPSMCH,3.3805595434739564,1.03798629608694,-0.9447606061810042,0.18050819969683074,0.33668492082996837,-3.401851996325588,-0.9799289921148809,A,20,9c6a70fe945cecdf08e25aaec2217259df4d3eb77eb5823cb1610cb322c8d4ae,e2bb506ef9bd17c4b8e062646715087a07621486b7af1360eb8ceed5703b1835,f71efda674188b9ec8628b61a0f2b64271849bb4c5f54ae6d6e3b0c20002333f,71aa972db3202b878f1753acf952ef79da923129,4d7c71ad74e5ded15364fc3a314ed4cf89909d7f524d8b8936312d49302ed545
x71tw2ykd,M1,False,449.2640085812682,True,1,CONVERGENCE: RELATIVE REDUCTION OF F <= FACTR*EPSMCH,-0.8046213463410279,1.0304710997487625,0.18769098235646703,1.1406043849241592,0.17527176382483883,-5.412033951369575,-0.8535975792658291,A,20,9c6a70fe945cecdf08e25aaec2217259df4d3eb77eb5823cb1610cb322c8d4ae,e2bb506ef9bd17c4b8e062646715087a07621486b7af1360eb8ceed5703b1835,f71efda674188b9ec8628b61a0f2b64271849bb4c5f54ae6d6e3b0c20002333f,71aa972db3202b878f1753acf952ef79da923129,4d7c71ad74e5ded15364fc3a314ed4cf89909d7f524d8b8936312d49302ed545
xh8tt6q04,M1,False,302.14545886353994,True,9,CONVERGENCE: RELATIVE REDUCTION OF F <= FACTR*EPSMCH,-1.122219495084661,-2.340257491827373,-0.9782335055400696,0.5628930560003306,0.12326454992187043,-5.585200327603677,-1.0445868030839427,A,20,9c6a70fe945cecdf08e25aaec2217259df4d3eb77eb5823cb1610cb322c8d4ae,e2bb506ef9bd17c4b8e062646715087a07621486b7af1360eb8ceed5703b1835,f71efda674188b9ec8628b61a0f2b64271849bb4c5f54ae6d6e3b0c20002333f,71aa972db3202b878f1753acf952ef79da923129,4d7c71ad74e5ded15364fc3a314ed4cf89909d7f524d8b8936312d49302ed545
xq3i744zg,M1,False,383.43063775390016,True,6,CONVERGENCE: RELATIVE REDUCTION OF F <= FACTR*EPSMCH,1.8717140628029416,1.1702453016418704,-1.6340093989512856,0.6183125016895731,0.10101528054535933,-2.941306860119604,-0.8007237374160933,A,20,9c6a70fe945cecdf08e25aaec2217259df4d3eb77eb5823cb1610cb322c8d4ae,e2bb506ef9bd17c4b8e062646715087a07621486b7af1360eb8ceed5703b1835,f71efda674188b9ec8628b61a0f2b64271849bb4c5f54ae6d6e3b0c20002333f,71aa972db3202b878f1753acf952ef79da923129,4d7c71ad74e5ded15364fc3a314ed4cf89909d7f524d8b8936312d49302ed545
yj444yij9,M1,False,381.75010859768497,True,16,CONVERGENCE: RELATIVE REDUCTION OF F <= FACTR*EPSMCH,2.065121792634059,0.20397445980589302,-0.5907958668845085,0.6654718803753964,0.20392738328351293,-4.778161617891567,-0.8783753938163666,A,20,9c6a70fe945cecdf08e25aaec2217259df4d3eb77eb5823cb1610cb322c8d4ae,e2bb506ef9bd17c4b8e062646715087a07621486b7af1360eb8ceed5703b1835,f71efda674188b9ec8628b61a0f2b64271849bb4c5f54ae6d6e3b0c20002333f,71aa972db3202b878f1753acf952ef79da923129,4d7c71ad74e5ded15364fc3a314ed4cf89909d7f524d8b8936312d49302ed545
2rrjzhgj9,M2,False,351.70074975090034,True,1,CONVERGENCE: RELATIVE REDUCTION OF F <= FACTR*EPSMCH,0.5000006222990111,0.1862249692909559,-0.3150230303128474,0.8401788228610807,0.007578782195080027,-7.968152782298607,-1.055825231374975,A,20,9c6a70fe945cecdf08e25aaec2217259df4d3eb77eb5823cb1610cb322c8d4ae,e2bb506ef9bd17c4b8e062646715087a07621486b7af1360eb8ceed5703b1835,f71efda674188b9ec8628b61a0f2b64271849bb4c5f54ae6d6e3b0c20002333f,71aa972db3202b878f1753acf952ef79da923129,4d7c71ad74e5ded15364fc3a314ed4cf89909d7f524d8b8936312d49302ed545
3lmzwis6r,M2,False,446.23718050479397,True,13,CONVERGENCE: RELATIVE REDUCTION OF F <= FACTR*EPSMCH,1.1606503272725595,0.1641041896538112,0.24195373730945854,1.0075529299155466,0.32823194614276496,-7.724920782754156,-0.8619412068672724,A,20,9c6a70fe945cecdf08e25aaec2217259df4d3eb77eb5823cb1610cb322c8d4ae,e2bb506ef9bd17c4b8e062646715087a07621486b7af1360eb8ceed5703b1835,f71efda674188b9ec8628b61a0f2b64271849bb4c5f54ae6d6e3b0c20002333f,71aa972db3202b878f1753acf952ef79da923129,4d7c71ad74e5ded15364fc3a314ed4cf89909d7f524d8b8936312d49302ed545
4f8msviwg,M2,False,258.71308060085926,True,10,CONVERGENCE: RELATIVE REDUCTION OF F <= FACTR*EPSMCH,-0.2859560778682714,-0.6502743448612183,-0.41434350221978017,0.5524864118275221,0.19011323962260374,-10.149733138529859,-1.3249584008158588,A,20,9c6a70fe945cecdf08e25aaec2217259df4d3eb77eb5823cb1610cb322c8d4ae,e2bb506ef9bd17c4b8e062646715087a07621486b7af1360eb8ceed5703b1835,f71efda674188b9ec8628b61a0f2b64271849bb4c5f54ae6d6e3b0c20002333f,71aa972db3202b878f1753acf952ef79da923129,4d7c71ad74e5ded15364fc3a314ed4cf89909d7f524d8b8936312d49302ed545
52b64k0rp,M2,False,395.3203716221579,True,0,CONVERGENCE: RELATIVE REDUCTION OF F <= FACTR*EPSMCH,3.176665521290285,2.0151999549770565,-1.9184236916994553,0.6689893416399889,-0.01079733755585425,-4.84216734783012,-0.7803548614306965,A,20,9c6a70fe945cecdf08e25aaec2217259df4d3eb77eb5823cb1610cb322c8d4ae,e2bb506ef9bd17c4b8e062646715087a07621486b7af1360eb8ceed5703b1835,f71efda674188b9ec8628b61a0f2b64271849bb4c5f54ae6d6e3b0c20002333f,71aa972db3202b878f1753acf952ef79da923129,4d7c71ad74e5ded15364fc3a314ed4cf89909d7f524d8b8936312d49302ed545
5wlmihb4c,M2,False,300.3807077995157,True,3,CONVERGENCE: RELATIVE REDUCTION OF F <= FACTR*EPSMCH,2.071870821163076,-0.04142928957059409,-0.3938794017196394,0.8007102955411122,-0.1243502080508946,-8.575255356672047,-1.2494360633509112,A,20,9c6a70fe945cecdf08e25aaec2217259df4d3eb77eb5823cb1610cb322c8d4ae,e2bb506ef9bd17c4b8e062646715087a07621486b7af1360eb8ceed5703b1835,f71efda674188b9ec8628b61a0f2b64271849bb4c5f54ae6d6e3b0c20002333f,71aa972db3202b878f1753acf952ef79da923129,4d7c71ad74e5ded15364fc3a314ed4cf89909d7f524d8b8936312d49302ed545
6owg3par9,M2,False,335.8520844022159,True,16,CONVERGENCE: RELATIVE REDUCTION OF F <= FACTR*EPSMCH,0.22889512084113003,-0.039635543845604825,1.2153672908837265,0.6745817299719242,0.24547748214340212,-8.26547763540306,-0.9029761830937408,A,20,9c6a70fe945cecdf08e25aaec2217259df4d3eb77eb5823cb1610cb322c8d4ae,e2bb506ef9bd17c4b8e062646715087a07621486b7af1360eb8ceed5703b1835,f71efda674188b9ec8628b61a0f2b64271849bb4c5f54ae6d6e3b0c20002333f,71aa972db3202b878f1753acf952ef79da923129,4d7c71ad74e5ded15364fc3a314ed4cf89909d7f524d8b8936312d49302ed545
8py7pm5i0,M2,False,324.32261299330963,True,19,CONVERGENCE: RELATIVE REDUCTION OF F <= FACTR*EPSMCH,1.27188952325838,1.3200857075627817,-0.5169399782023412,0.34089518173032407,0.23734931788707095,-6.328800837879869,-0.8693898002775348,A,20,9c6a70fe945cecdf08e25aaec2217259df4d3eb77eb5823cb1610cb322c8d4ae,e2bb506ef9bd17c4b8e062646715087a07621486b7af1360eb8ceed5703b1835,f71efda674188b9ec8628b61a0f2b64271849bb4c5f54ae6d6e3b0c20002333f,71aa972db3202b878f1753acf952ef79da923129,4d7c71ad74e5ded15364fc3a314ed4cf89909d7f524d8b8936312d49302ed545
95vrrzevd,M2,False,267.86177739538476,True,18,CONVERGENCE: RELATIVE REDUCTION OF F <= FACTR*EPSMCH,1.0190543197670419,-0.5650738744401064,0.9112609298813497,0.7683834523234673,-0.10890435204418934,-8.997346292653857,-1.2141210435187137,A,20,9c6a70fe945cecdf08e25aaec2217259df4d3eb77eb5823cb1610cb322c8d4ae,e2bb506ef9bd17c4b8e062646715087a07621486b7af1360eb8ceed5703b1835,f71efda674188b9ec8628b61a0f2b64271849bb4c5f54ae6d6e3b0c20002333f,71aa972db3202b878f1753acf952ef79da923129,4d7c71ad74e5ded15364fc3a314ed4cf89909d7f524d8b8936312d49302ed545
bh348lli7,M2,False,-14.508926808288576,True,12,CONVERGENCE: RELATIVE REDUCTION OF F <= FACTR*EPSMCH,2.8543003257736794,-2.7049838192240636,4.60517,-0.6251613494331705,-0.18927442175911727,-11.512925,-0.8685786203572461,A,20,9c6a70fe945cecdf08e25aaec2217259df4d3eb77eb5823cb1610cb322c8d4ae,e2bb506ef9bd17c4b8e062646715087a07621486b7af1360eb8ceed5703b1835,f71efda674188b9ec8628b61a0f2b64271849bb4c5f54ae6d6e3b0c20002333f,71aa972db3202b878f1753acf952ef79da923129,4d7c71ad74e5ded15364fc3a314ed4cf89909d7f524d8b8936312d49302ed545
c0ry57ax9,M2,False,320.7310738043228,True,17,CONVERGENCE: RELATIVE REDUCTION OF F <= FACTR*EPSMCH,3.004527744894556,0.6195693260329456,-1.7047558680236148,0.3567257030698946,0.18061400569652,-6.394149138093177,-0.9305795096419626,A,20,9c6a70fe945cecdf08e25aaec2217259df4d3eb77eb5823cb1610cb322c8d4ae,e2bb506ef9bd17c4b8e062646715087a07621486b7af1360eb8ceed5703b1835,f71efda674188b9ec8628b61a0f2b64271849bb4c5f54ae6d6e3b0c20002333f,71aa972db3202b878f1753acf952ef79da923129,4d7c71ad74e5ded15364fc3a314ed4cf89909d7f524d8b8936312d49302ed545
ck5f3lx8c,M2,False,341.22383877744534,True,6,CONVERGENCE: RELATIVE REDUCTION OF F <= FACTR*EPSMCH,0.9782196731651909,0.09628705138266375,0.7848780545166985,0.7915569744520184,0.26831015602400005,-8.217573187957575,-1.0858422024404133,A,20,9c6a70fe945cecdf08e25aaec2217259df4d3eb77eb5823cb1610cb322c8d4ae,e2bb506ef9bd17c4b8e062646715087a07621486b7af1360eb8ceed5703b1835,f71efda674188b9ec8628b61a0f2b64271849bb4c5f54ae6d6e3b0c20002333f,71aa972db3202b878f1753acf952ef79da923129,4d7c71ad74e5ded15364fc3a314ed4cf89909d7f524d8b8936312d49302ed545
ctdyczfpw,M2,False,308.2357399677084,True,0,CONVERGENCE: RELATIVE REDUCTION OF F <= FACTR*EPSMCH,0.38685823987815554,-1.1431584778128623,0.6710018655083502,0.7994811250171096,-0.10296229196682621,-9.413083409128163,-1.0464089532996104,A,20,9c6a70fe945cecdf08e25aaec2217259df4d3eb77eb5823cb1610cb322c8d4ae,e2bb506ef9bd17c4b8e062646715087a07621486b7af1360eb8ceed5703b1835,f71efda674188b9ec8628b61a0f2b64271849bb4c5f54ae6d6e3b0c20002333f,71aa972db3202b878f1753acf952ef79da923129,4d7c71ad74e5ded15364fc3a314ed4cf89909d7f524d8b8936312d49302ed545
dasemqdsv,M2,False,326.0573490563897,True,2,CONVERGENCE: RELATIVE REDUCTION OF F <= FACTR*EPSMCH,1.7981583458975834,-0.2722568507523458,-0.10862833550260208,0.6445296831796488,0.03485768331139254,-8.737383190583365,-1.0052141139742818,A,20,9c6a70fe945cecdf08e25aaec2217259df4d3eb77eb5823cb1610cb322c8d4ae,e2bb506ef9bd17c4b8e062646715087a07621486b7af1360eb8ceed5703b1835,f71efda674188b9ec8628b61a0f2b64271849bb4c5f54ae6d6e3b0c20002333f,71aa972db3202b878f1753acf952ef79da923129,4d7c71ad74e5ded15364fc3a314ed4cf89909d7f524d8b8936312d49302ed545
derouhkrw,M2,False,376.4995278112413,True,10,CONVERGENCE: RELATIVE REDUCTION OF F <= FACTR*EPSMCH,0.5425161576938682,-0.04824177543763254,1.2656186269567389,0.826856952468027,0.3148174699589655,-7.7898455468484125,-0.8785445127452998,A,20,9c6a70fe945cecdf08e25aaec2217259df4d3eb77eb5823cb1610cb322c8d4ae,e2bb506ef9bd17c4b8e062646715087a07621486b7af1360eb8ceed5703b1835,f71efda674188b9ec8628b61a0f2b64271849bb4c5f54ae6d6e3b0c20002333f,71aa972db3202b878f1753acf952ef79da923129,4d7c71ad74e5ded15364fc3a314ed4cf89909d7f524d8b8936312d49302ed545
dm8t9csqy,M2,False,368.74265390231017,True,8,CONVERGENCE: RELATIVE REDUCTION OF F <= FACTR*EPSMCH,2.235721475900522,-0.6536666094157808,0.46749096815187113,0.8679862951040036,0.1954627498438311,-9.67410157460406,-1.0195756759942523,A,20,9c6a70fe945cecdf08e25aaec2217259df4d3eb77eb5823cb1610cb322c8d4ae,e2bb506ef9bd17c4b8e062646715087a07621486b7af1360eb8ceed5703b1835,f71efda674188b9ec8628b61a0f2b64271849bb4c5f54ae6d6e3b0c20002333f,71aa972db3202b878f1753acf952ef79da923129,4d7c71ad74e5ded15364fc3a314ed4cf89909d7f524d8b8936312d49302ed545
eqi6zanpf,M2,False,411.91601920537136,True,0,CONVERGENCE: RELATIVE REDUCTION OF F <= FACTR*EPSMCH,1.5076572421012089,-1.4125374584085226,0.29648518894298215,1.1937782700786215,0.017679601432875898,-10.061506447718243,-1.050507140170906,A,20,9c6a70fe945cecdf08e25aaec2217259df4d3eb77eb5823cb1610cb322c8d4ae,e2bb506ef9bd17c4b8e062646715087a07621486b7af1360eb8ceed5703b1835,f71efda674188b9ec8628b61a0f2b64271849bb4c5f54ae6d6e3b0c20002333f,71aa972db3202b878f1753acf952ef79da923129,4d7c71ad74e5ded15364fc3a314ed4cf89909d7f524d8b8936312d49302ed545
etxmnk1pg,M2,False,420.0942426114479,True,1,CONVERGENCE: RELATIVE REDUCTION OF F <= FACTR*EPSMCH,1.8371229513164034,-0.707987588201678,-0.38911073413479424,0.7667663587190624,0.24647139440554,-9.50776273015965,-0.7904505292115801,A,20,9c6a70fe945cecdf08e25aaec2217259df4d3eb77eb5823cb1610cb322c8d4ae,e2bb506ef9bd17c4b8e062646715087a07621486b7af1360eb8ceed5703b1835,f71efda674188b9ec8628b61a0f2b64271849bb4c5f54ae6d6e3b0c20002333f,71aa972db3202b878f1753acf952ef79da923129,4d7c71ad74e5ded15364fc3a314ed4cf89909d7f524d8b8936312d49302ed545
goz8d3fp9,M2,False,437.23037551331566,True,3,CONVERGENCE: RELATIVE REDUCTION OF F <= FACTR*EPSMCH,1.9065520414845514,-0.3465923711168429,0.5870655033355142,0.9603371179262289,0.14145575865422524,-8.838282228137947,-0.7292916584512078,A,20,9c6a70fe945cecdf08e25aaec2217259df4d3eb77eb5823cb1610cb322c8d4ae,e2bb506ef9bd17c4b8e062646715087a07621486b7af1360eb8ceed5703b1835,f71efda674188b9ec8628b61a0f2b64271849bb4c5f54ae6d6e3b0c20002333f,71aa972db3202b878f1753acf952ef79da923129,4d7c71ad74e5ded15364fc3a314ed4cf89909d7f524d8b8936312d49302ed545
hrqn8w6vu,M2,False,432.56269832900756,True,19,CONVERGENCE: RELATIVE REDUCTION OF F <= FACTR*EPSMCH,1.8184030796037869,1.7988226952710746,-1.1908016125391738,0.693344915182297,0.30740152697363754,-6.15738319867873,-0.7765746820252815,A,20,9c6a70fe945cecdf08e25aaec2217259df4d3eb77eb5823cb1610cb322c8d4ae,e2bb506ef9bd17c4b8e062646715087a07621486b7af1360eb8ceed5703b1835,f71efda674188b9ec8628b61a0f2b64271849bb4c5f54ae6d6e3b0c20002333f,71aa972db3202b878f1753acf952ef79da923129,4d7c71ad74e5ded15364fc3a314ed4cf89909d7f524d8b8936312d49302ed545
ig1j8ozi9,M2,False,381.91858720618364,True,1,CONVERGENCE: RELATIVE REDUCTION OF F <= FACTR*EPSMCH,3.750254164829818,1.329653240608618,-0.09614619262402896,0.7703748418676748,0.3176555492284871,-5.546941210758618,-0.9730947577612612,A,20,9c6a70fe945cecdf08e25aaec2217259df4d3eb77eb5823cb1610cb322c8d4ae,e2bb506ef9bd17c4b8e062646715087a07621486b7af1360eb8ceed5703b1835,f71efda674188b9ec8628b61a0f2b64271849bb4c5f54ae6d6e3b0c20002333f,71aa972db3202b878f1753acf952ef79da923129,4d7c71ad74e5ded15364fc3a314ed4cf89909d7f524d8b8936312d49302ed545
iogaivfgt,M2,False,456.82221323583957,True,0,CONVERGENCE: RELATIVE REDUCTION OF F <= FACTR*EPSMCH,0.9861843514672185,0.44815689447045953,-0.37962786743758703,1.1657765847346926,0.10215096090840863,-7.9927269766174955,-0.9417929518551155,A,20,9c6a70fe945cecdf08e25aaec2217259df4d3eb77eb5823cb1610cb322c8d4ae,e2bb506ef9bd17c4b8e062646715087a07621486b7af1360eb8ceed5703b1835,f71efda674188b9ec8628b61a0f2b64271849bb4c5f54ae6d6e3b0c20002333f,71aa972db3202b878f1753acf952ef79da923129,4d7c71ad74e5ded15364fc3a314ed4cf89909d7f524d8b8936312d49302ed545
ir0t9ca41,M2,False,353.2631526835025,True,3,CONVERGENCE: RELATIVE REDUCTION OF F <= FACTR*EPSMCH,0.09511543127118788,0.08761366040239123,-0.5898839026571324,0.40267936702021456,0.3166046098417424,-7.881163559974523,-0.7810176382539149,A,20,9c6a70fe945cecdf08e25aaec2217259df4d3eb77eb5823cb1610cb322c8d4ae,e2bb506ef9bd17c4b8e062646715087a07621486b7af1360eb8ceed5703b1835,f71efda674188b9ec8628b61a0f2b64271849bb4c5f54ae6d6e3b0c20002333f,71aa972db3202b878f1753acf952ef79da923129,4d7c71ad74e5ded15364fc3a314ed4cf89909d7f524d8b8936312d49302ed545
jtf46arcd,M2,False,458.8319759924032,True,17,CONVERGENCE: RELATIVE REDUCTION OF F <= FACTR*EPSMCH,1.5088004395988772,-0.6352815570849079,-0.984642959039821,1.2275691848491816,-0.1425978707140741,-8.778778315269815,-0.8099187824591855,A,20,9c6a70fe945cecdf08e25aaec2217259df4d3eb77eb5823cb1610cb322c8d4ae,e2bb506ef9bd17c4b8e062646715087a07621486b7af1360eb8ceed5703b1835,f71efda674188b9ec8628b61a0f2b64271849bb4c5f54ae6d6e3b0c20002333f,71aa972db3202b878f1753acf952ef79da923129,4d7c71ad74e5ded15364fc3a314ed4cf89909d7f524d8b8936312d49302ed545
kimjztxjq,M2,False,483.15008515847177,True,19,CONVERGENCE: RELATIVE REDUCTION OF F <= FACTR*EPSMCH,1.7490588775965437,0.9185504667130412,-0.2025367740757917,1.1954378756386073,0.3656579337558493,-6.268127600973081,-0.8733029337215218,A,20,9c6a70fe945cecdf08e25aaec2217259df4d3eb77eb5823cb1610cb322c8d4ae,e2bb506ef9bd17c4b8e062646715087a07621486b7af1360eb8ceed5703b1835,f71efda674188b9ec8628b61a0f2b64271849bb4c5f54ae6d6e3b0c20002333f,71aa972db3202b878f1753acf952ef79da923129,4d7c71ad74e5ded15364fc3a314ed4cf89909d7f524d8b8936312d49302ed545
kqi5vqk0e,M2,False,334.63474733544757,True,7,CONVERGENCE: RELATIVE REDUCTION OF F <= FACTR*EPSMCH,2.824008653478874,0.3867396246698618,0.1752128847830824,-0.12996808250949007,0.98488880749844,-7.25916229164272,-0.620892037147271,A,20,9c6a70fe945cecdf08e25aaec2217259df4d3eb77eb5823cb1610cb322c8d4ae,e2bb506ef9bd17c4b8e062646715087a07621486b7af1360eb8ceed5703b1835,f71efda674188b9ec8628b61a0f2b64271849bb4c5f54ae6d6e3b0c20002333f,71aa972db3202b878f1753acf952ef79da923129,4d7c71ad74e5ded15364fc3a314ed4cf89909d7f524d8b8936312d49302ed545
ljm2sl8s0,M2,False,358.0253083869581,True,17,CONVERGENCE: RELATIVE REDUCTION OF F <= FACTR*EPSMCH,1.0255883334569085,0.013993672795818314,0.7860240705401725,0.9731255532803144,0.05847935000541953,-7.868225307480776,-1.080872325645841,A,20,9c6a70fe945cecdf08e25aaec2217259df4d3eb77eb5823cb1610cb322c8d4ae,e2bb506ef9bd17c4b8e062646715087a07621486b7af1360eb8ceed5703b1835,f71efda674188b9ec8628b61a0f2b64271849bb4c5f54ae6d6e3b0c20002333f,71aa972db3202b878f1753acf952ef79da923129,4d7c71ad74e5ded15364fc3a314ed4cf89909d7f524d8b8936312d49302ed545
mu73zwng6,M2,False,392.59237225477756,True,17,CONVERGENCE: RELATIVE REDUCTION OF F <= FACTR*EPSMCH,1.5549023956806782,0.5375889264793495,-0.49204014839847776,0.7083991376345178,0.14690395795383593,-6.757092292002743,-0.8338312586223384,A,20,9c6a70fe945cecdf08e25aaec2217259df4d3eb77eb5823cb1610cb322c8d4ae,e2bb506ef9bd17c4b8e062646715087a07621486b7af1360eb8ceed5703b1835,f71efda674188b9ec8628b61a0f2b64271849bb4c5f54ae6d6e3b0c20002333f,71aa972db3202b878f1753acf952ef79da923129,4d7c71ad74e5ded15364fc3a314ed4cf89909d7f524d8b8936312d49302ed545
n08qsd76x,M2,False,434.01180372374176,True,14,CONVERGENCE: RELATIVE REDUCTION OF F <= FACTR*EPSMCH,1.085984201088399,0.814519262643687,-0.3288673117152761,0.8779473242974243,0.3391425621088654,-7.177945573622886,-0.8863731602188137,A,20,9c6a70fe945cecdf08e25aaec2217259df4d3eb77eb5823cb1610cb322c8d4ae,e2bb506ef9bd17c4b8e062646715087a07621486b7af1360eb8ceed5703b1835,f71efda674188b9ec8628b61a0f2b64271849bb4c5f54ae6d6e3b0c20002333f,71aa972db3202b878f1753acf952ef79da923129,4d7c71ad74e5ded15364fc3a314ed4cf89909d7f524d8b8936312d49302ed545
nvbinkqjq,M2,False,441.8457943494267,True,15,CONVERGENCE: RELATIVE REDUCTION OF F <= FACTR*EPSMCH,1.3539067111727305,-0.2508986737240889,-0.3504873849308455,1.087000907372694,0.16804362793794247,-8.297752074080986,-0.9182010440382344,A,20,9c6a70fe945cecdf08e25aaec2217259df4d3eb77eb5823cb1610cb322c8d4ae,e2bb506ef9bd17c4b8e062646715087a07621486b7af1360eb8ceed5703b1835,f71efda674188b9ec8628b61a0f2b64271849bb4c5f54ae6d6e3b0c20002333f,71aa972db3202b878f1753acf952ef79da923129,4d7c71ad74e5ded15364fc3a314ed4cf89909d7f524d8b8936312d49302ed545
o7piq7dwr,M2,False,258.5642563348129,True,19,CONVERGENCE: RELATIVE REDUCTION OF F <= FACTR*EPSMCH,3.370717113692933,0.29126942426222513,-1.0279150794525764,0.3270631171682192,0.1806891005422674,-7.79474857841988,-1.182981347238579,A,20,9c6a70fe945cecdf08e25aaec2217259df4d3eb77eb5823cb1610cb322c8d4ae,e2bb506ef9bd17c4b8e062646715087a07621486b7af1360eb8ceed5703b1835,f71efda674188b9ec8628b61a0f2b64271849bb4c5f54ae6d6e3b0c20002333f,71aa972db3202b878f1753acf952ef79da923129,4d7c71ad74e5ded15364fc3a314ed4cf89909d7f524d8b8936312d49302ed545
od96gfdym,M2,False,381.0673609501635,True,15,CONVERGENCE: RELATIVE REDUCTION OF F <= FACTR*EPSMCH,2.2529462433718845,-0.11566116471432444,-0.15292501697792416,0.5936387425137859,0.16803360161719658,-7.294858175582507,-0.7359569594467272,A,20,9c6a70fe945cecdf08e25aaec2217259df4d3eb77eb5823cb1610cb322c8d4ae,e2bb506ef9bd17c4b8e062646715087a07621486b7af1360eb8ceed5703b1835,f71efda674188b9ec8628b61a0f2b64271849bb4c5f54ae6d6e3b0c20002333f,71aa972db3202b878f1753acf952ef79da923129,4d7c71ad74e5ded15364fc3a314ed4cf89909d7f524d8b8936312d49302ed545
omy06qkfz,M2,False,408.2317826908945,True,8,CONVERGENCE: RELATIVE REDUCTION OF F <= FACTR*EPSMCH,3.415257252093945,0.6210475725337209,-1.5385499505548312,0.4891405857919784,0.45451113244783115,-7.202387476535507,-0.7683167773477333,A,20,9c6a70fe945cecdf08e25aaec2217259df4d3eb77eb5823cb1610cb322c8d4ae,e2bb506ef9bd17c4b8e062646715087a07621486b7af1360eb8ceed5703b1835,f71efda674188b9ec8628b61a0f2b64271849bb4c5f54ae6d6e3b0c20002333f,71aa972db3202b878f1753acf952ef79da923129,4d7c71ad74e5ded15364fc3a314ed4cf89909d7f524d8b8936312d49302ed545
orxx7nl6z,M2,False,311.0211976849736,True,6,CONVERGENCE: RELATIVE REDUCTION OF F <= FACTR*EPSMCH,4.087594431564823,0.3176488931965327,-1.0763462488113282,-0.2445922480272035,0.015105056428405974,-7.887077295519676,-0.2738882105247106,A,20,9c6a70fe945cecdf08e25aaec2217259df4d3eb77eb5823cb1610cb322c8d4ae,e2bb506ef9bd17c4b8e062646715087a07621486b7af1360eb8ceed5703b1835,f71efda674188b9ec8628b61a0f2b64271849bb4c5f54ae6d6e3b0c20002333f,71aa972db3202b878f1753acf952ef79da923129,4d7c71ad74e5ded15364fc3a314ed4cf89909d7f524d8b8936312d49302ed545
p5lejwwzi,M2,False,433.04472165959777,True,6,CONVERGENCE: RELATIVE REDUCTION OF F <= FACTR*EPSMCH,-0.1941154368304617,-0.3909811265232601,-2.070353017217847,0.6845328660297778,0.03485922771198302,-7.943010771008957,-0.5387055709321852,A,20,9c6a70fe945cecdf08e25aaec2217259df4d3eb77eb5823cb1610cb322c8d4ae,e2bb506ef9bd17c4b8e062646715087a07621486b7af1360eb8ceed5703b1835,f71efda674188b9ec8628b61a0f2b64271849bb4c5f54ae6d6e3b0c20002333f,71aa972db3202b878f1753acf952ef79da923129,4d7c71ad74e5ded15364fc3a314ed4cf89909d7f524d8b8936312d49302ed545
qhp782ect,M2,False,385.6080201428253,True,1,CONVERGENCE: RELATIVE REDUCTION OF F <= FACTR*EPSMCH,2.004636698864433,-1.2287614772961597,0.0009288462451655896,0.8697435169709455,0.05764889643186445,-10.605165049283846,-0.8887865123739092,A,20,9c6a70fe945cecdf08e25aaec2217259df4d3eb77eb5823cb1610cb322c8d4ae,e2bb506ef9bd17c4b8e062646715087a07621486b7af1360eb8ceed5703b1835,f71efda674188b9ec8628b61a0f2b64271849bb4c5f54ae6d6e3b0c20002333f,71aa972db3202b878f1753acf952ef79da923129,4d7c71ad74e5ded15364fc3a314ed4cf89909d7f524d8b8936312d49302ed545
rncbe0zlg,M2,False,311.1786600040558,True,6,CONVERGENCE: RELATIVE REDUCTION OF F <= FACTR*EPSMCH,-0.036710136089968294,-0.03684723618386306,0.7737648530504774,0.7651684426916231,0.23612941213220118,-8.653626050195014,-1.18519219168878,A,20,9c6a70fe945cecdf08e25aaec2217259df4d3eb77eb5823cb1610cb322c8d4ae,e2bb506ef9bd17c4b8e062646715087a07621486b7af1360eb8ceed5703b1835,f71efda674188b9ec8628b61a0f2b64271849bb4c5f54ae6d6e3b0c20002333f,71aa972db3202b878f1753acf952ef79da923129,4d7c71ad74e5ded15364fc3a314ed4cf89909d7f524d8b8936312d49302ed545
ru26ufirj,M2,False,437.3458144388773,True,3,CONVERGENCE: RELATIVE REDUCTION OF F <= FACTR*EPSMCH,1.8829972451819523,-1.5478780178861262,0.852374772347234,0.5854162326927577,0.5337548035214779,-9.8184381642163,-0.44924119055773243,A,20,9c6a70fe945cecdf08e25aaec2217259df4d3eb77eb5823cb1610cb322c8d4ae,e2bb506ef9bd17c4b8e062646715087a07621486b7af1360eb8ceed5703b1835,f71efda674188b9ec8628b61a0f2b64271849bb4c5f54ae6d6e3b0c20002333f,71aa972db3202b878f1753acf952ef79da923129,4d7c71ad74e5ded15364fc3a314ed4cf89909d7f524d8b8936312d49302ed545
rv0b4sx2y,M2,False,320.2084121618846,True,11,CONVERGENCE: RELATIVE REDUCTION OF F <= FACTR*EPSMCH,-1.2539863026297067,1.6564708237162071,-0.8670954259191314,0.32776272985074983,0.1534823191138316,-9.631781845138514,-0.8309915946136064,A,20,9c6a70fe945cecdf08e25aaec2217259df4d3eb77eb5823cb1610cb322c8d4ae,e2bb506ef9bd17c4b8e062646715087a07621486b7af1360eb8ceed5703b1835,f71efda674188b9ec8628b61a0f2b64271849bb4c5f54ae6d6e3b0c20002333f,71aa972db3202b878f1753acf952ef79da923129,4d7c71ad74e5ded15364fc3a314ed4cf89909d7f524d8b8936312d49302ed545
s4xqtibhr,M2,False,572.0721508768619,True,19,CONVERGENCE: RELATIVE REDUCTION OF F <= FACTR*EPSMCH,0.9881413059472774,0.9491818343952401,-1.4899267615658633,0.404649128096702,0.3367770529335759,-6.368439931132998,0.2919191638425252,A,20,9c6a70fe945cecdf08e25aaec2217259df4d3eb77eb5823cb1610cb322c8d4ae,e2bb506ef9bd17c4b8e062646715087a07621486b7af1360eb8ceed5703b1835,f71efda674188b9ec8628b61a0f2b64271849bb4c5f54ae6d6e3b0c20002333f,71aa972db3202b878f1753acf952ef79da923129,4d7c71ad74e5ded15364fc3a314ed4cf89909d7f524d8b8936312d49302ed545
t0p3bj6ne,M2,False,411.0539808224357,True,5,CONVERGENCE: RELATIVE REDUCTION OF F <= FACTR*EPSMCH,-0.30669886402597263,0.5365605266097941,0.6180696154555886,0.8238134949277677,0.32506844485712433,-7.8459558017189295,-0.7577965934383947,A,20,9c6a70fe945cecdf08e25aaec2217259df4d3eb77eb5823cb1610cb322c8d4ae,e2bb506ef9bd17c4b8e062646715087a07621486b7af1360eb8ceed5703b1835,f71efda674188b9ec8628b61a0f2b64271849bb4c5f54ae6d6e3b0c20002333f,71aa972db3202b878f1753acf952ef79da923129,4d7c71ad74e5ded15364fc3a314ed4cf89909d7f524d8b8936312d49302ed545
ta33uq804,M2,False,389.64605654031396,True,6,CONVERGENCE: RELATIVE REDUCTION OF F <= FACTR*EPSMCH,2.027941184490752,0.21045978447382108,-0.3905514082060509,0.9426642674304775,0.18345533593833066,-8.421778780758903,-1.10480587419849,A,20,9c6a70fe945cecdf08e25aaec2217259df4d3eb77eb5823cb1610cb322c8d4ae,e2bb506ef9bd17c4b8e062646715087a07621486b7af1360eb8ceed5703b1835,f71efda674188b9ec8628b61a0f2b64271849bb4c5f54ae6d6e3b0c20002333f,71aa972db3202b878f1753acf952ef79da923129,4d7c71ad74e5ded15364fc3a314ed4cf89909d7f524d8b8936312d49302ed545
u3yyfob1i,M2,False,371.7479290320825,True,14,CONVERGENCE: RELATIVE REDUCTION OF F <= FACTR*EPSMCH,1.1881084226207463,1.718093743286201,-2.247345881019746,0.7037103244984821,-0.17824540184200302,-5.045158027912307,-0.8492207547981989,A,20,9c6a70fe945cecdf08e25aaec2217259df4d3eb77eb5823cb1610cb322c8d4ae,e2bb506ef9bd17c4b8e062646715087a07621486b7af1360eb8ceed5703b1835,f71efda674188b9ec8628b61a0f2b64271849bb4c5f54ae6d6e3b0c20002333f,71aa972db3202b878f1753acf952ef79da923129,4d7c71ad74e5ded15364fc3a314ed4cf89909d7f524d8b8936312d49302ed545
uq15yb622,M2,False,420.8100433283951,True,17,CONVERGENCE: RELATIVE REDUCTION OF F <= FACTR*EPSMCH,1.0814272144394055,0.7029955309432269,0.6069601854960134,1.136266415010468,0.25300492449980555,-6.813987230881775,-1.0375204987884996,A,20,9c6a70fe945cecdf08e25aaec2217259df4d3eb77eb5823cb1610cb322c8d4ae,e2bb506ef9bd17c4b8e062646715087a07621486b7af1360eb8ceed5703b1835,f71efda674188b9ec8628b61a0f2b64271849bb4c5f54ae6d6e3b0c20002333f,71aa972db3202b878f1753acf952ef79da923129,4d7c71ad74e5ded15364fc3a314ed4cf89909d7f524d8b8936312d49302ed545
vdnjz8uta,M2,False,261.31073057523355,True,4,CONVERGENCE: RELATIVE REDUCTION OF F <= FACTR*EPSMCH,-0.11191798354471144,-0.622893728963753,2.969238121450107,0.7409822049539577,0.13300759594029782,-9.12601656363468,-1.099645435487172,A,20,9c6a70fe945cecdf08e25aaec2217259df4d3eb77eb5823cb1610cb322c8d4ae,e2bb506ef9bd17c4b8e062646715087a07621486b7af1360eb8ceed5703b1835,f71efda674188b9ec8628b61a0f2b64271849bb4c5f54ae6d6e3b0c20002333f,71aa972db3202b878f1753acf952ef79da923129,4d7c71ad74e5ded15364fc3a314ed4cf89909d7f524d8b8936312d49302ed545
vr0a0xs4k,M2,False,277.92207022184994,True,13,CONVERGENCE: RELATIVE REDUCTION OF F <= FACTR*EPSMCH,3.330721117893863,1.1569587507011545,-0.91930270051374,0.15388711848306286,0.3470318563542554,-5.315818237557548,-0.9808086605631636,A,20,9c6a70fe945cecdf08e25aaec2217259df4d3eb77eb5823cb1610cb322c8d4ae,e2bb506ef9bd17c4b8e062646715087a07621486b7af1360eb8ceed5703b1835,f71efda674188b9ec8628b61a0f2b64271849bb4c5f54ae6d6e3b0c20002333f,71aa972db3202b878f1753acf952ef79da923129,4d7c71ad74e5ded15364fc3a314ed4cf89909d7f524d8b8936312d49302ed545
x71tw2ykd,M2,False,451.75467772688796,True,17,CONVERGENCE: RELATIVE REDUCTION OF F <= FACTR*EPSMCH,-0.4564574438594017,1.0215407466803905,0.2527974411505072,1.1323544377905863,0.17899311490001446,-8.932624496969051,-0.852387583992814,A,20,9c6a70fe945cecdf08e25aaec2217259df4d3eb77eb5823cb1610cb322c8d4ae,e2bb506ef9bd17c4b8e062646715087a07621486b7af1360eb8ceed5703b1835,f71efda674188b9ec8628b61a0f2b64271849bb4c5f54ae6d6e3b0c20002333f,71aa972db3202b878f1753acf952ef79da923129,4d7c71ad74e5ded15364fc3a314ed4cf89909d7f524d8b8936312d49302ed545
xh8tt6q04,M2,False,308.3503619972422,True,8,CONVERGENCE: RELATIVE REDUCTION OF F <= FACTR*EPSMCH,-0.8756243779385436,-1.456035242813932,-0.852649312781463,0.5502165930753727,0.11687128890064556,-9.94548590472193,-1.0349249861183873,A,20,9c6a70fe945cecdf08e25aaec2217259df4d3eb77eb5823cb1610cb322c8d4ae,e2bb506ef9bd17c4b8e062646715087a07621486b7af1360eb8ceed5703b1835,f71efda674188b9ec8628b61a0f2b64271849bb4c5f54ae6d6e3b0c20002333f,71aa972db3202b878f1753acf952ef79da923129,4d7c71ad74e5ded15364fc3a314ed4cf89909d7f524d8b8936312d49302ed545
xq3i744zg,M2,False,384.0344886117506,True,12,CONVERGENCE: RELATIVE REDUCTION OF F <= FACTR*EPSMCH,1.8793766703761958,1.4411264020037489,-1.4798523934600882,0.5894325708537623,0.10144632321036928,-4.5946204605733305,-0.7961193920301434,A,20,9c6a70fe945cecdf08e25aaec2217259df4d3eb77eb5823cb1610cb322c8d4ae,e2bb506ef9bd17c4b8e062646715087a07621486b7af1360eb8ceed5703b1835,f71efda674188b9ec8628b61a0f2b64271849bb4c5f54ae6d6e3b0c20002333f,71aa972db3202b878f1753acf952ef79da923129,4d7c71ad74e5ded15364fc3a314ed4cf89909d7f524d8b8936312d49302ed545
yj444yij9,M2,False,382.9009959870165,True,3,CONVERGENCE: RELATIVE REDUCTION OF F <= FACTR*EPSMCH,2.0848452470970376,0.3482560018129131,-0.5612502249457088,0.6584388758215736,0.2020371171516181,-7.777001340854348,-0.8770768670652145,A,20,9c6a70fe945cecdf08e25aaec2217259df4d3eb77eb5823cb1610cb322c8d4ae,e2bb506ef9bd17c4b8e062646715087a07621486b7af1360eb8ceed5703b1835,f71efda674188b9ec8628b61a0f2b64271849bb4c5f54ae6d6e3b0c20002333f,71aa972db3202b878f1753acf952ef79da923129,4d7c71ad74e5ded15364fc3a314ed4cf89909d7f524d8b8936312d49302ed545
2rrjzhgj9,M3,False,349.95991548254096,True,2,CONVERGENCE: RELATIVE REDUCTION OF F <= FACTR*EPSMCH,0.42002172787631115,0.07113639155190839,-0.35682371038693245,0.861522069758704,0.006936357637460846,-4.456391615859313,-1.0584955515789118,A,20,9c6a70fe945cecdf08e25aaec2217259df4d3eb77eb5823cb1610cb322c8d4ae,e2bb506ef9bd17c4b8e062646715087a07621486b7af1360eb8ceed5703b1835,f71efda674188b9ec8628b61a0f2b64271849bb4c5f54ae6d6e3b0c20002333f,71aa972db3202b878f1753acf952ef79da923129,4d7c71ad74e5ded15364fc3a314ed4cf89909d7f524d8b8936312d49302ed545
3lmzwis6r,M3,False,445.8694543149267,True,13,CONVERGENCE: RELATIVE REDUCTION OF F <= FACTR*EPSMCH,1.1588933902493193,0.030057167884331146,0.23319877209933804,1.023334869230153,0.32584173018321433,-4.598606609768436,-0.8598598245722395,A,20,9c6a70fe945cecdf08e25aaec2217259df4d3eb77eb5823cb1610cb322c8d4ae,e2bb506ef9bd17c4b8e062646715087a07621486b7af1360eb8ceed5703b1835,f71efda674188b9ec8628b61a0f2b64271849bb4c5f54ae6d6e3b0c20002333f,71aa972db3202b878f1753acf952ef79da923129,4d7c71ad74e5ded15364fc3a314ed4cf89909d7f524d8b8936312d49302ed545
4f8msviwg,M3,False,253.83459470182856,True,2,CONVERGENCE: RELATIVE REDUCTION OF F <= FACTR*EPSMCH,-0.34024469030139304,-1.5614420209122315,-0.5142628571129422,0.5556751476854422,0.19166702445261383,-6.290798260156057,-1.326566605736657,A,20,9c6a70fe945cecdf08e25aaec2217259df4d3eb77eb5823cb1610cb322c8d4ae,e2bb506ef9bd17c4b8e062646715087a07621486b7af1360eb8ceed5703b1835,f71efda674188b9ec8628b61a0f2b64271849bb4c5f54ae6d6e3b0c20002333f,71aa972db3202b878f1753acf952ef79da923129,4d7c71ad74e5ded15364fc3a314ed4cf89909d7f524d8b8936312d49302ed545
52b64k0rp,M3,False,397.0692425431466,True,16,CONVERGENCE: RELATIVE REDUCTION OF F <= FACTR*EPSMCH,3.826304348919176,1.1375854082443635,-1.6622434064088702,0.6452346559881017,0.007094704534586302,-5.015831097981955,-0.7694126129427722,A,20,9c6a70fe945cecdf08e25aaec2217259df4d3eb77eb5823cb1610cb322c8d4ae,e2bb506ef9bd17c4b8e062646715087a07621486b7af1360eb8ceed5703b1835,f71efda674188b9ec8628b61a0f2b64271849bb4c5f54ae6d6e3b0c20002333f,71aa972db3202b878f1753acf952ef79da923129,4d7c71ad74e5ded15364fc3a314ed4cf89909d7f524d8b8936312d49302ed545
5wlmihb4c,M3,False,297.53690782492043,True,15,CONVERGENCE: RELATIVE REDUCTION OF F <= FACTR*EPSMCH,2.0619462178401764,-0.25395572092707464,-0.430474939095173,0.8121643806596126,-0.11703916177281089,-4.723876884098606,-1.2530174630911604,A,20,9c6a70fe945cecdf08e25aaec2217259df4d3eb77eb5823cb1610cb322c8d4ae,e2bb506ef9bd17c4b8e062646715087a07621486b7af1360eb8ceed5703b1835,f71efda674188b9ec8628b61a0f2b64271849bb4c5f54ae6d6e3b0c20002333f,71aa972db3202b878f1753acf952ef79da923129,4d7c71ad74e5ded15364fc3a314ed4cf89909d7f524d8b8936312d49302ed545
6owg3par9,M3,False,334.2235198778591,True,16,CONVERGENCE: RELATIVE REDUCTION OF F <= FACTR*EPSMCH,0.2301643880592632,-0.053822043034680585,1.2105663278787304,0.6940015001645344,0.24422102058920728,-4.550481094141058,-0.9040077920700135,A,20,9c6a70fe945cecdf08e25aaec2217259df4d3eb77eb5823cb1610cb322c8d4ae,e2bb506ef9bd17c4b8e062646715087a07621486b7af1360eb8ceed5703b1835,f71efda674188b9ec8628b61a0f2b64271849bb4c5f54ae6d6e3b0c20002333f,71aa972db3202b878f1753acf952ef79da923129,4d7c71ad74e5ded15364fc3a314ed4cf89909d7f524d8b8936312d49302ed545
8py7pm5i0,M3,False,324.2911645451831,True,5,CONVERGENCE: RELATIVE REDUCTION OF F <= FACTR*EPSMCH,1.2193440699636036,1.3549402608343575,-0.516782125623177,0.3629806623616482,0.236590000677331,-4.090228704831508,-0.8706232366870666,A,20,9c6a70fe945cecdf08e25aaec2217259df4d3eb77eb5823cb1610cb322c8d4ae,e2bb506ef9bd17c4b8e062646715087a07621486b7af1360eb8ceed5703b1835,f71efda674188b9ec8628b61a0f2b64271849bb4c5f54ae6d6e3b0c20002333f,71aa972db3202b878f1753acf952ef79da923129,4d7c71ad74e5ded15364fc3a314ed4cf89909d7f524d8b8936312d49302ed545
95vrrzevd,M3,False,262.55328824936356,True,18,CONVERGENCE: RELATIVE REDUCTION OF F <= FACTR*EPSMCH,1.0163742289530653,-1.1470328370776885,0.8734474703727039,0.7844885567059058,-0.09842859386196331,-4.710797821305599,-1.2217595149743783,A,20,9c6a70fe945cecdf08e25aaec2217259df4d3eb77eb5823cb1610cb322c8d4ae,e2bb506ef9bd17c4b8e062646715087a07621486b7af1360eb8ceed5703b1835,f71efda674188b9ec8628b61a0f2b64271849bb4c5f54ae6d6e3b0c20002333f,71aa972db3202b878f1753acf952ef79da923129,4d7c71ad74e5ded15364fc3a314ed4cf89909d7f524d8b8936312d49302ed545
bh348lli7,M3,False,-24.923064872857054,True,3,CONVERGENCE: RELATIVE REDUCTION OF F <= FACTR*EPSMCH,2.8559884972067704,-3.305381265512163,4.60517,-0.6233200686953921,-0.18945388957734036,-6.35198372839159,-0.8841343363339458,A,20,9c6a70fe945cecdf08e25aaec2217259df4d3eb77eb5823cb1610cb322c8d4ae,e2bb506ef9bd17c4b8e062646715087a07621486b7af1360eb8ceed5703b1835,f71efda674188b9ec8628b61a0f2b64271849bb4c5f54ae6d6e3b0c20002333f,71aa972db3202b878f1753acf952ef79da923129,4d7c71ad74e5ded15364fc3a314ed4cf89909d7f524d8b8936312d49302ed545
c0ry57ax9,M3,False,320.51146357872767,True,18,CONVERGENCE: RELATIVE REDUCTION OF F <= FACTR*EPSMCH,2.666728221050156,-1.3592437435390807,-2.6911013030457016,0.3648262281456469,0.2086689685805566,-4.41059773783556,-0.9355946095568325,A,20,9c6a70fe945cecdf08e25aaec2217259df4d3eb77eb5823cb1610cb322c8d4ae,e2bb506ef9bd17c4b8e062646715087a07621486b7af1360eb8ceed5703b1835,f71efda674188b9ec8628b61a0f2b64271849bb4c5f54ae6d6e3b0c20002333f,71aa972db3202b878f1753acf952ef79da923129,4d7c71ad74e5ded15364fc3a314ed4cf89909d7f524d8b8936312d49302ed545
ck5f3lx8c,M3,False,340.68683349281196,True,10,CONVERGENCE: RELATIVE REDUCTION OF F <= FACTR*EPSMCH,0.9778465616540862,0.03610334624872903,0.7880120281192953,0.8018747707557988,0.26531055884379845,-5.052592034538317,-1.0842209623957189,A,20,9c6a70fe945cecdf08e25aaec2217259df4d3eb77eb5823cb1610cb322c8d4ae,e2bb506ef9bd17c4b8e062646715087a07621486b7af1360eb8ceed5703b1835,f71efda674188b9ec8628b61a0f2b64271849bb4c5f54ae6d6e3b0c20002333f,71aa972db3202b878f1753acf952ef79da923129,4d7c71ad74e5ded15364fc3a314ed4cf89909d7f524d8b8936312d49302ed545
ctdyczfpw,M3,False,302.0552856998915,True,19,CONVERGENCE: RELATIVE REDUCTION OF F <= FACTR*EPSMCH,0.39201718709742817,-1.7393958454284146,0.6950577425151301,0.8216072817502565,-0.09027014701428354,-4.604626114516602,-1.0550464745908426,A,20,9c6a70fe945cecdf08e25aaec2217259df4d3eb77eb5823cb1610cb322c8d4ae,e2bb506ef9bd17c4b8e062646715087a07621486b7af1360eb8ceed5703b1835,f71efda674188b9ec8628b61a0f2b64271849bb4c5f54ae6d6e3b0c20002333f,71aa972db3202b878f1753acf952ef79da923129,4d7c71ad74e5ded15364fc3a314ed4cf89909d7f524d8b8936312d49302ed545
dasemqdsv,M3,False,323.43287990631467,True,5,CONVERGENCE: RELATIVE REDUCTION OF F <= FACTR*EPSMCH,1.7964811159975418,-0.4983527104222978,-0.15601840371175785,0.6561209695478674,0.04062491697627851,-4.793614468315006,-1.007114121418076,A,20,9c6a70fe945cecdf08e25aaec2217259df4d3eb77eb5823cb1610cb322c8d4ae,e2bb506ef9bd17c4b8e062646715087a07621486b7af1360eb8ceed5703b1835,f71efda674188b9ec8628b61a0f2b64271849bb4c5f54ae6d6e3b0c20002333f,71aa972db3202b878f1753acf952ef79da923129,4d7c71ad74e5ded15364fc3a314ed4cf89909d7f524d8b8936312d49302ed545
derouhkrw,M3,False,375.92540850776834,True,3,CONVERGENCE: RELATIVE REDUCTION OF F <= FACTR*EPSMCH,0.5662768994379229,-0.07631102818462898,1.2579559620906104,0.8534141307825751,0.31169255181409405,-4.204116167004322,-0.875786440418056,A,20,9c6a70fe945cecdf08e25aaec2217259df4d3eb77eb5823cb1610cb322c8d4ae,e2bb506ef9bd17c4b8e062646715087a07621486b7af1360eb8ceed5703b1835,f71efda674188b9ec8628b61a0f2b64271849bb4c5f54ae6d6e3b0c20002333f,71aa972db3202b878f1753acf952ef79da923129,4d7c71ad74e5ded15364fc3a314ed4cf89909d7f524d8b8936312d49302ed545
dm8t9csqy,M3,False,364.827344601769,True,10,CONVERGENCE: RELATIVE REDUCTION OF F <= FACTR*EPSMCH,2.2352102271597145,-0.9008936548598598,0.44047847640393006,0.8733263277071599,0.1995783323754678,-5.449616629396773,-1.021957210287251,A,20,9c6a70fe945cecdf08e25aaec2217259df4d3eb77eb5823cb1610cb322c8d4ae,e2bb506ef9bd17c4b8e062646715087a07621486b7af1360eb8ceed5703b1835,f71efda674188b9ec8628b61a0f2b64271849bb4c5f54ae6d6e3b0c20002333f,71aa972db3202b878f1753acf952ef79da923129,4d7c71ad74e5ded15364fc3a314ed4cf89909d7f524d8b8936312d49302ed545
eqi6zanpf,M3,False,405.9676142164045,True,3,CONVERGENCE: RELATIVE REDUCTION OF F <= FACTR*EPSMCH,1.5107620768685945,-1.8710645324140638,0.3089626788445491,1.2040679320579515,0.030227226038041146,-5.0232537134079855,-1.0547012456766072,A,20,9c6a70fe945cecdf08e25aaec2217259df4d3eb77eb5823cb1610cb322c8d4ae,e2bb506ef9bd17c4b8e062646715087a07621486b7af1360eb8ceed5703b1835,f71efda674188b9ec8628b61a0f2b64271849bb4c5f54ae6d6e3b0c20002333f,71aa972db3202b878f1753acf952ef79da923129,4d7c71ad74e5ded15364fc3a314ed4cf89909d7f524d8b8936312d49302ed545
etxmnk1pg,M3,False,416.5585578400442,True,4,CONVERGENCE: RELATIVE REDUCTION OF F <= FACTR*EPSMCH,1.8355660360685644,-1.1009729586977959,-0.4349367058186655,0.7724397295598187,0.24852570941327412,-5.497637576457374,-0.791635336628615,A,20,9c6a70fe945cecdf08e25aaec2217259df4d3eb77eb5823cb1610cb322c8d4ae,e2bb506ef9bd17c4b8e062646715087a07621486b7af1360eb8ceed5703b1835,f71efda674188b9ec8628b61a0f2b64271849bb4c5f54ae6d6e3b0c20002333f,71aa972db3202b878f1753acf952ef79da923129,4d7c71ad74e5ded15364fc3a314ed4cf89909d7f524d8b8936312d49302ed545
goz8d3fp9,M3,False,435.17236836202295,True,6,CONVERGENCE: RELATIVE REDUCTION OF F <= FACTR*EPSMCH,1.9075919598023658,-0.5620148219400511,0.5416865939407476,0.9681035830659284,0.14276229555537076,-5.150256588769876,-0.7296844624705952,A,20,9c6a70fe945cecdf08e25aaec2217259df4d3eb77eb5823cb1610cb322c8d4ae,e2bb506ef9bd17c4b8e062646715087a07621486b7af1360eb8ceed5703b1835,f71efda674188b9ec8628b61a0f2b64271849bb4c5f54ae6d6e3b0c20002333f,71aa972db3202b878f1753acf952ef79da923129,4d7c71ad74e5ded15364fc3a314ed4cf89909d7f524d8b8936312d49302ed545
hrqn8w6vu,M3,False,433.9709911968765,True,12,CONVERGENCE: RELATIVE REDUCTION OF F <= FACTR*EPSMCH,1.8108483055315006,1.804084166896996,-1.191106513390698,0.701688286199169,0.3074117826085059,-4.69479977276881,-0.7742977631376695,A,20,9c6a70fe945cecdf08e25aaec2217259df4d3eb77eb5823cb1610cb322c8d4ae,e2bb506ef9bd17c4b8e062646715087a07621486b7af1360eb8ceed5703b1835,f71efda674188b9ec8628b61a0f2b64271849bb4c5f54ae6d6e3b0c20002333f,71aa972db3202b878f1753acf952ef79da923129,4d7c71ad74e5ded15364fc3a314ed4cf89909d7f524d8b8936312d49302ed545
ig1j8ozi9,M3,False,381.25512361653244,True,6,CONVERGENCE: RELATIVE REDUCTION OF F <= FACTR*EPSMCH,3.78856775578188,1.3373256391544595,-0.09788065429431952,0.7848592173709701,0.34508202032328517,-3.397791422756706,-0.9773617440809309,A,20,9c6a70fe945cecdf08e25aaec2217259df4d3eb77eb5823cb1610cb322c8d4ae,e2bb506ef9bd17c4b8e062646715087a07621486b7af1360eb8ceed5703b1835,f71efda674188b9ec8628b61a0f2b64271849bb4c5f54ae6d6e3b0c20002333f,71aa972db3202b878f1753acf952ef79da923129,4d7c71ad74e5ded15364fc3a314ed4cf89909d7f524d8b8936312d49302ed545
iogaivfgt,M3,False,455.70965402512354,True,3,CONVERGENCE: RELATIVE REDUCTION OF F <= FACTR*EPSMCH,0.998184367275477,0.32961592031556297,-0.39710957133464153,1.177671206692534,0.10212448295374298,-4.892463193497305,-0.9430143791454446,A,20,9c6a70fe945cecdf08e25aaec2217259df4d3eb77eb5823cb1610cb322c8d4ae,e2bb506ef9bd17c4b8e062646715087a07621486b7af1360eb8ceed5703b1835,f71efda674188b9ec8628b61a0f2b64271849bb4c5f54ae6d6e3b0c20002333f,71aa972db3202b878f1753acf952ef79da923129,4d7c71ad74e5ded15364fc3a314ed4cf89909d7f524d8b8936312d49302ed545
ir0t9ca41,M3,False,351.6209032232234,True,5,CONVERGENCE: RELATIVE REDUCTION OF F <= FACTR*EPSMCH,-0.1280556492158009,-0.12085712034554573,-0.7033990195568028,0.4301929470492941,0.31635350957451613,-4.26431279773682,-0.7824267355620546,A,20,9c6a70fe945cecdf08e25aaec2217259df4d3eb77eb5823cb1610cb322c8d4ae,e2bb506ef9bd17c4b8e062646715087a07621486b7af1360eb8ceed5703b1835,f71efda674188b9ec8628b61a0f2b64271849bb4c5f54ae6d6e3b0c20002333f,71aa972db3202b878f1753acf952ef79da923129,4d7c71ad74e5ded15364fc3a314ed4cf89909d7f524d8b8936312d49302ed545
jtf46arcd,M3,False,455.6283833496068,True,0,CONVERGENCE: RELATIVE REDUCTION OF F <= FACTR*EPSMCH,1.4097945889225008,-2.036383212983091,-1.2643818424237296,1.2387429347249526,-0.12972317192175786,-4.957332914228708,-0.8124890295874392,A,20,9c6a70fe945cecdf08e25aaec2217259df4d3eb77eb5823cb1610cb322c8d4ae,e2bb506ef9bd17c4b8e062646715087a07621486b7af1360eb8ceed5703b1835,f71efda674188b9ec8628b61a0f2b64271849bb4c5f54ae6d6e3b0c20002333f,71aa972db3202b878f1753acf952ef79da923129,4d7c71ad74e5ded15364fc3a314ed4cf89909d7f524d8b8936312d49302ed545
kimjztxjq,M3,False,483.91966647203634,True,15,CONVERGENCE: RELATIVE REDUCTION OF F <= FACTR*EPSMCH,1.7608621311088086,0.8614059658704867,-0.212193447718359,1.214510770120858,0.3633219752582673,-4.123896206556936,-0.87098140183459,A,20,9c6a70fe945cecdf08e25aaec2217259df4d3eb77eb5823cb1610cb322c8d4ae,e2bb506ef9bd17c4b8e062646715087a07621486b7af1360eb8ceed5703b1835,f71efda674188b9ec8628b61a0f2b64271849bb4c5f54ae6d6e3b0c20002333f,71aa972db3202b878f1753acf952ef79da923129,4d7c71ad74e5ded15364fc3a314ed4cf89909d7f524d8b8936312d49302ed545
kqi5vqk0e,M3,False,334.9973811531953,True,17,CONVERGENCE: RELATIVE REDUCTION OF F <= FACTR*EPSMCH,2.8445542477599637,0.2834214347592272,0.16317873585306503,-0.12110701106290386,0.9857468497234007,-4.604084674056084,-0.6181718024017363,A,20,9c6a70fe945cecdf08e25aaec2217259df4d3eb77eb5823cb1610cb322c8d4ae,e2bb506ef9bd17c4b8e062646715087a07621486b7af1360eb8ceed5703b1835,f71efda674188b9ec8628b61a0f2b64271849bb4c5f54ae6d6e3b0c20002333f,71aa972db3202b878f1753acf952ef79da923129,4d7c71ad74e5ded15364fc3a314ed4cf89909d7f524d8b8936312d49302ed545
ljm2sl8s0,M3,False,358.1827977038974,True,13,CONVERGENCE: RELATIVE REDUCTION OF F <= FACTR*EPSMCH,1.0252022036724133,-0.032856889866250495,0.7791791145170107,0.9911372586453991,0.055079224307120075,-4.51775730388043,-1.0755840649707464,A,20,9c6a70fe945cecdf08e25aaec2217259df4d3eb77eb5823cb1610cb322c8d4ae,e2bb506ef9bd17c4b8e062646715087a07621486b7af1360eb8ceed5703b1835,f71efda674188b9ec8628b61a0f2b64271849bb4c5f54ae6d6e3b0c20002333f,71aa972db3202b878f1753acf952ef79da923129,4d7c71ad74e5ded15364fc3a314ed4cf89909d7f524d8b8936312d49302ed545
mu73zwng6,M3,False,394.226693038882,True,15,CONVERGENCE: RELATIVE REDUCTION OF F <= FACTR*EPSMCH,1.5317878929267048,0.41159261300276273,-0.5266565917801301,0.7233487023628759,0.1404479866377844,-4.46228055075771,-0.826756655192201,A,20,9c6a70fe945cecdf08e25aaec2217259df4d3eb77eb5823cb1610cb322c8d4ae,e2bb506ef9bd17c4b8e062646715087a07621486b7af1360eb8ceed5703b1835,f71efda674188b9ec8628b61a0f2b64271849bb4c5f54ae6d6e3b0c20002333f,71aa972db3202b878f1753acf952ef79da923129,4d7c71ad74e5ded15364fc3a314ed4cf89909d7f524d8b8936312d49302ed545
n08qsd76x,M3,False,434.19192466036486,True,18,CONVERGENCE: RELATIVE REDUCTION OF F <= FACTR*EPSMCH,1.0378503428266725,0.7678736882096558,-0.3445655250738586,0.8903841103204789,0.33799131505529934,-4.715176241701053,-0.8859417417159751,A,20,9c6a70fe945cecdf08e25aaec2217259df4d3eb77eb5823cb1610cb322c8d4ae,e2bb506ef9bd17c4b8e062646715087a07621486b7af1360eb8ceed5703b1835,f71efda674188b9ec8628b61a0f2b64271849bb4c5f54ae6d6e3b0c20002333f,71aa972db3202b878f1753acf952ef79da923129,4d7c71ad74e5ded15364fc3a314ed4cf89909d7f524d8b8936312d49302ed545
nvbinkqjq,M3,False,438.57199391914725,True,11,CONVERGENCE: RELATIVE REDUCTION OF F <= FACTR*EPSMCH,1.360022656899141,-0.7352077787253938,-0.44590937604645026,1.1073847060904052,0.17878250291396572,-4.367813803308356,-0.9226858278062818,A,20,9c6a70fe945cecdf08e25aaec2217259df4d3eb77eb5823cb1610cb322c8d4ae,e2bb506ef9bd17c4b8e062646715087a07621486b7af1360eb8ceed5703b1835,f71efda674188b9ec8628b61a0f2b64271849bb4c5f54ae6d6e3b0c20002333f,71aa972db3202b878f1753acf952ef79da923129,4d7c71ad74e5ded15364fc3a314ed4cf89909d7f524d8b8936312d49302ed545
o7piq7dwr,M3,False,257.583183872398,True,2,CONVERGENCE: RELATIVE REDUCTION OF F <= FACTR*EPSMCH,3.38054781964675,-0.14934014166025417,-1.1415741639926118,0.3347632346457274,0.1898020729699124,-4.687145993232645,-1.182808386417087,A,20,9c6a70fe945cecdf08e25aaec2217259df4d3eb77eb5823cb1610cb322c8d4ae,e2bb506ef9bd17c4b8e062646715087a07621486b7af1360eb8ceed5703b1835,f71efda674188b9ec8628b61a0f2b64271849bb4c5f54ae6d6e3b0c20002333f,71aa972db3202b878f1753acf952ef79da923129,4d7c71ad74e5ded15364fc3a314ed4cf89909d7f524d8b8936312d49302ed545
od96gfdym,M3,False,382.54427348773334,True,9,CONVERGENCE: RELATIVE REDUCTION OF F <= FACTR*EPSMCH,2.266995756546114,-0.2913623372578881,-0.20414043945781238,0.6242295391539893,0.1815073348913288,-3.6709784790943183,-0.7243758397605351,A,20,9c6a70fe945cecdf08e25aaec2217259df4d3eb77eb5823cb1610cb322c8d4ae,e2bb506ef9bd17c4b8e062646715087a07621486b7af1360eb8ceed5703b1835,f71efda674188b9ec8628b61a0f2b64271849bb4c5f54ae6d6e3b0c20002333f,71aa972db3202b878f1753acf952ef79da923129,4d7c71ad74e5ded15364fc3a314ed4cf89909d7f524d8b8936312d49302ed545
omy06qkfz,M3,False,408.3074846651583,True,14,CONVERGENCE: RELATIVE REDUCTION OF F <= FACTR*EPSMCH,3.435923333612439,0.40949464845092315,-1.599290924584846,0.4957737560377482,0.4604481163972279,-4.642763003490507,-0.7672233410902314,A,20,9c6a70fe945cecdf08e25aaec2217259df4d3eb77eb5823cb1610cb322c8d4ae,e2bb506ef9bd17c4b8e062646715087a07621486b7af1360eb8ceed5703b1835,f71efda674188b9ec8628b61a0f2b64271849bb4c5f54ae6d6e3b0c20002333f,71aa972db3202b878f1753acf952ef79da923129,4d7c71ad74e5ded15364fc3a314ed4cf89909d7f524d8b8936312d49302ed545
orxx7nl6z,M3,False,309.7198353003162,True,14,CONVERGENCE: RELATIVE REDUCTION OF F <= FACTR*EPSMCH,4.083887116178431,0.1016249497124417,-1.117724210408765,-0.23791736249009404,0.023448966799246435,-4.705077005380049,-0.27495272308127516,A,20,9c6a70fe945cecdf08e25aaec2217259df4d3eb77eb5823cb1610cb322c8d4ae,e2bb506ef9bd17c4b8e062646715087a07621486b7af1360eb8ceed5703b1835,f71efda674188b9ec8628b61a0f2b64271849bb4c5f54ae6d6e3b0c20002333f,71aa972db3202b878f1753acf952ef79da923129,4d7c71ad74e5ded15364fc3a314ed4cf89909d7f524d8b8936312d49302ed545
p5lejwwzi,M3,False,431.96003476884454,True,5,CONVERGENCE: RELATIVE REDUCTION OF F <= FACTR*EPSMCH,-0.6518432787109818,-1.5578132458959635,-2.4279250773408645,0.707794671924654,0.04622101606796895,-4.381413592127319,-0.534052355769233,A,20,9c6a70fe945cecdf08e25aaec2217259df4d3eb77eb5823cb1610cb322c8d4ae,e2bb506ef9bd17c4b8e062646715087a07621486b7af1360eb8ceed5703b1835,f71efda674188b9ec8628b61a0f2b64271849bb4c5f54ae6d6e3b0c20002333f,71aa972db3202b878f1753acf952ef79da923129,4d7c71ad74e5ded15364fc3a314ed4cf89909d7f524d8b8936312d49302ed545
qhp782ect,M3,False,378.9521799245353,True,17,CONVERGENCE: RELATIVE REDUCTION OF F <= FACTR*EPSMCH,2.0055741049462887,-1.9009240260999967,0.00531140428718184,0.8734315099897965,0.06257095270001685,-5.895825051018046,-0.893189596212234,A,20,9c6a70fe945cecdf08e25aaec2217259df4d3eb77eb5823cb1610cb322c8d4ae,e2bb506ef9bd17c4b8e062646715087a07621486b7af1360eb8ceed5703b1835,f71efda674188b9ec8628b61a0f2b64271849bb4c5f54ae6d6e3b0c20002333f,71aa972db3202b878f1753acf952ef79da923129,4d7c71ad74e5ded15364fc3a314ed4cf89909d7f524d8b8936312d49302ed545
rncbe0zlg,M3,False,310.0250201981505,True,12,CONVERGENCE: RELATIVE REDUCTION OF F <= FACTR*EPSMCH,-0.08879875908820187,-0.05020587839596163,0.7580825793821607,0.7751249102710628,0.2358462303499468,-5.077400336651135,-1.1833030701486864,A,20,9c6a70fe945cecdf08e25aaec2217259df4d3eb77eb5823cb1610cb322c8d4ae,e2bb506ef9bd17c4b8e062646715087a07621486b7af1360eb8ceed5703b1835,f71efda674188b9ec8628b61a0f2b64271849bb4c5f54ae6d6e3b0c20002333f,71aa972db3202b878f1753acf952ef79da923129,4d7c71ad74e5ded15364fc3a314ed4cf89909d7f524d8b8936312d49302ed545
ru26ufirj,M3,False,432.7886507901765,True,2,CONVERGENCE: RELATIVE REDUCTION OF F <= FACTR*EPSMCH,1.8907700900968296,-1.9516496035309852,0.8951561706490674,0.5955252734375728,0.5434362923036803,-4.922143669293244,-0.4491389102297028,A,20,9c6a70fe945cecdf08e25aaec2217259df4d3eb77eb5823cb1610cb322c8d4ae,e2bb506ef9bd17c4b8e062646715087a07621486b7af1360eb8ceed5703b1835,f71efda674188b9ec8628b61a0f2b64271849bb4c5f54ae6d6e3b0c20002333f,71aa972db3202b878f1753acf952ef79da923129,4d7c71ad74e5ded15364fc3a314ed4cf89909d7f524d8b8936312d49302ed545
rv0b4sx2y,M3,False,314.95681046533775,True,6,CONVERGENCE: RELATIVE REDUCTION OF F <= FACTR*EPSMCH,-2.238260979600155,1.6474011946803144,-0.9256528573250765,0.3508368309595218,0.14017153892131143,-5.02911718784117,-0.832783480201773,A,20,9c6a70fe945cecdf08e25aaec2217259df4d3eb77eb5823cb1610cb322c8d4ae,e2bb506ef9bd17c4b8e062646715087a07621486b7af1360eb8ceed5703b1835,f71efda674188b9ec8628b61a0f2b64271849bb4c5f54ae6d6e3b0c20002333f,71aa972db3202b878f1753acf952ef79da923129,4d7c71ad74e5ded15364fc3a314ed4cf89909d7f524d8b8936312d49302ed545
s4xqtibhr,M3,False,571.0691217630105,True,2,CONVERGENCE: RELATIVE REDUCTION OF F <= FACTR*EPSMCH,0.8183455643978456,0.7397655374068354,-1.6049938178605596,0.46276028473644376,0.33693163728105874,-3.358322392929432,0.28935479069181275,A,20,9c6a70fe945cecdf08e25aaec2217259df4d3eb77eb5823cb1610cb322c8d4ae,e2bb506ef9bd17c4b8e062646715087a07621486b7af1360eb8ceed5703b1835,f71efda674188b9ec8628b61a0f2b64271849bb4c5f54ae6d6e3b0c20002333f,71aa972db3202b878f1753acf952ef79da923129,4d7c71ad74e5ded15364fc3a314ed4cf89909d7f524d8b8936312d49302ed545
t0p3bj6ne,M3,False,409.30404480939677,True,12,CONVERGENCE: RELATIVE REDUCTION OF F <= FACTR*EPSMCH,-0.5685711263310058,0.5755895040126042,0.5542128062185153,0.8679505109872441,0.3210588971506574,-3.8824619691090128,-0.7583069477311561,A,20,9c6a70fe945cecdf08e25aaec2217259df4d3eb77eb5823cb1610cb322c8d4ae,e2bb506ef9bd17c4b8e062646715087a07621486b7af1360eb8ceed5703b1835,f71efda674188b9ec8628b61a0f2b64271849bb4c5f54ae6d6e3b0c20002333f,71aa972db3202b878f1753acf952ef79da923129,4d7c71ad74e5ded15364fc3a314ed4cf89909d7f524d8b8936312d49302ed545
ta33uq804,M3,False,387.01319780775634,True,13,CONVERGENCE: RELATIVE REDUCTION OF F <= FACTR*EPSMCH,2.031074057044775,0.06479898177388418,-0.40894391539720987,0.9546125007453247,0.190061653164904,-4.686051922718179,-1.1087643590489435,A,20,9c6a70fe945cecdf08e25aaec2217259df4d3eb77eb5823cb1610cb322c8d4ae,e2bb506ef9bd17c4b8e062646715087a07621486b7af1360eb8ceed5703b1835,f71efda674188b9ec8628b61a0f2b64271849bb4c5f54ae6d6e3b0c20002333f,71aa972db3202b878f1753acf952ef79da923129,4d7c71ad74e5ded15364fc3a314ed4cf89909d7f524d8b8936312d49302ed545
u3yyfob1i,M3,False,372.3610328709479,True,3,CONVERGENCE: RELATIVE REDUCTION OF F <= FACTR*EPSMCH,1.5307048331024737,1.9539908726902595,-1.8748978909215357,0.7334590925762899,-0.1710887802292653,-3.276277999068564,-0.844567142578479,A,20,9c6a70fe945cecdf08e25aaec2217259df4d3eb77eb5823cb1610cb322c8d4ae,e2bb506ef9bd17c4b8e062646715087a07621486b7af1360eb8ceed5703b1835,f71efda674188b9ec8628b61a0f2b64271849bb4c5f54ae6d6e3b0c20002333f,71aa972db3202b878f1753acf952ef79da923129,4d7c71ad74e5ded15364fc3a314ed4cf89909d7f524d8b8936312d49302ed545
uq15yb622,M3,False,421.96373773161747,True,6,CONVERGENCE: RELATIVE REDUCTION OF F <= FACTR*EPSMCH,1.0790279946922157,0.6525929367950535,0.5983806053913094,1.149574305855678,0.24976603036935677,-4.5462206162593635,-1.0330352175880013,A,20,9c6a70fe945cecdf08e25aaec2217259df4d3eb77eb5823cb1610cb322c8d4ae,e2bb506ef9bd17c4b8e062646715087a07621486b7af1360eb8ceed5703b1835,f71efda674188b9ec8628b61a0f2b64271849bb4c5f54ae6d6e3b0c20002333f,71aa972db3202b878f1753acf952ef79da923129,4d7c71ad74e5ded15364fc3a314ed4cf89909d7f524d8b8936312d49302ed545
vdnjz8uta,M3,False,257.4995905472944,True,2,CONVERGENCE: RELATIVE REDUCTION OF F <= FACTR*EPSMCH,-0.12355909034793651,-0.8029723968806095,2.9328422745176606,0.762897996078444,0.13456812700263637,-4.667427046174928,-1.1051669215453068,A,20,9c6a70fe945cecdf08e25aaec2217259df4d3eb77eb5823cb1610cb322c8d4ae,e2bb506ef9bd17c4b8e062646715087a07621486b7af1360eb8ceed5703b1835,f71efda674188b9ec8628b61a0f2b64271849bb4c5f54ae6d6e3b0c20002333f,71aa972db3202b878f1753acf952ef79da923129,4d7c71ad74e5ded15364fc3a314ed4cf89909d7f524d8b8936312d49302ed545
vr0a0xs4k,M3,False,280.99230478766987,True,6,CONVERGENCE: RELATIVE REDUCTION OF F <= FACTR*EPSMCH,2.941968475552262,1.0732964324348309,-0.894450296639881,0.15310339853565794,0.3561283300134021,-4.046136049263589,-0.9682937642330397,A,20,9c6a70fe945cecdf08e25aaec2217259df4d3eb77eb5823cb1610cb322c8d4ae,e2bb506ef9bd17c4b8e062646715087a07621486b7af1360eb8ceed5703b1835,f71efda674188b9ec8628b61a0f2b64271849bb4c5f54ae6d6e3b0c20002333f,71aa972db3202b878f1753acf952ef79da923129,4d7c71ad74e5ded15364fc3a314ed4cf89909d7f524d8b8936312d49302ed545
x71tw2ykd,M3,False,449.65496370084486,True,15,CONVERGENCE: RELATIVE REDUCTION OF F <= FACTR*EPSMCH,-0.9093211866729665,1.0182020774061527,0.1669158291995223,1.1408653293108753,0.17931038602305452,-5.271638428808758,-0.8516312184227229,A,20,9c6a70fe945cecdf08e25aaec2217259df4d3eb77eb5823cb1610cb322c8d4ae,e2bb506ef9bd17c4b8e062646715087a07621486b7af1360eb8ceed5703b1835,f71efda674188b9ec8628b61a0f2b64271849bb4c5f54ae6d6e3b0c20002333f,71aa972db3202b878f1753acf952ef79da923129,4d7c71ad74e5ded15364fc3a314ed4cf89909d7f524d8b8936312d49302ed545
xh8tt6q04,M3,False,301.67012347281707,True,11,CONVERGENCE: RELATIVE REDUCTION OF F <= FACTR*EPSMCH,-1.1472498871506576,-2.461526627466009,-0.9931238374685081,0.5716096702341449,0.12324378033365681,-5.011088344687321,-1.044344735966436,A,20,9c6a70fe945cecdf08e25aaec2217259df4d3eb77eb5823cb1610cb322c8d4ae,e2bb506ef9bd17c4b8e062646715087a07621486b7af1360eb8ceed5703b1835,f71efda674188b9ec8628b61a0f2b64271849bb4c5f54ae6d6e3b0c20002333f,71aa972db3202b878f1753acf952ef79da923129,4d7c71ad74e5ded15364fc3a314ed4cf89909d7f524d8b8936312d49302ed545
xq3i744zg,M3,False,384.86638387498164,True,16,CONVERGENCE: RELATIVE REDUCTION OF F <= FACTR*EPSMCH,1.9005793737784238,1.4993790393720656,-1.4593862601513625,0.6190607716874555,0.1000364736966295,-3.287851934625088,-0.7930661534236007,A,20,9c6a70fe945cecdf08e25aaec2217259df4d3eb77eb5823cb1610cb322c8d4ae,e2bb506ef9bd17c4b8e062646715087a07621486b7af1360eb8ceed5703b1835,f71efda674188b9ec8628b61a0f2b64271849bb4c5f54ae6d6e3b0c20002333f,71aa972db3202b878f1753acf952ef79da923129,4d7c71ad74e5ded15364fc3a314ed4cf89909d7f524d8b8936312d49302ed545
yj444yij9,M3,False,382.0348049901405,True,7,CONVERGENCE: RELATIVE REDUCTION OF F <= FACTR*EPSMCH,2.087083820131496,0.1906339309143449,-0.5940797244712788,0.6697515112906786,0.20491062379323194,-4.683960002477138,-0.8773327180759826,A,20,9c6a70fe945cecdf08e25aaec2217259df4d3eb77eb5823cb1610cb322c8d4ae,e2bb506ef9bd17c4b8e062646715087a07621486b7af1360eb8ceed5703b1835,f71efda674188b9ec8628b61a0f2b64271849bb4c5f54ae6d6e3b0c20002333f,71aa972db3202b878f1753acf952ef79da923129,4d7c71ad74e5ded15364fc3a314ed4cf89909d7f524d8b8936312d49302ed545
